-- phpMyAdmin SQL Dump
-- version 4.4.14
-- http://www.phpmyadmin.net
--
-- Host: 127.0.0.1
-- Generation Time: Sep 15, 2017 at 06:41 AM
-- Server version: 5.6.26
-- PHP Version: 5.6.12

SET SQL_MODE = "NO_AUTO_VALUE_ON_ZERO";
SET time_zone = "+00:00";


/*!40101 SET @OLD_CHARACTER_SET_CLIENT=@@CHARACTER_SET_CLIENT */;
/*!40101 SET @OLD_CHARACTER_SET_RESULTS=@@CHARACTER_SET_RESULTS */;
/*!40101 SET @OLD_COLLATION_CONNECTION=@@COLLATION_CONNECTION */;
/*!40101 SET NAMES utf8mb4 */;

--
-- Database: `elogic_cad_timesheet`
--

-- --------------------------------------------------------

--
-- Table structure for table `client_details`
--

CREATE TABLE IF NOT EXISTS `client_details` (
  `client_Id` int(11) NOT NULL,
  `client_name` varchar(255) NOT NULL,
  `client_email` varchar(255) NOT NULL,
  `client_desc` longtext NOT NULL,
  `empId` int(11) NOT NULL,
  `client_contact_num` varchar(25) NOT NULL,
  `status` enum('Active','Inactive') NOT NULL DEFAULT 'Active',
  `created_at` datetime NOT NULL,
  `updated_at` datetime NOT NULL
) ENGINE=InnoDB AUTO_INCREMENT=33 DEFAULT CHARSET=latin1;

--
-- Dumping data for table `client_details`
--

INSERT INTO `client_details` (`client_Id`, `client_name`, `client_email`, `client_desc`, `empId`, `client_contact_num`, `status`, `created_at`, `updated_at`) VALUES
(1, 'Eurythmic Design Group', 'vincent@edg-architects.com', 'Eurythmic Design Group or EDG contact person is Architect Vincent Jarrard.', 1, '', 'Active', '2017-07-25 09:53:40', '2017-07-27 07:52:32'),
(2, 'Ronesans Medikal Insaat', 'alev.yalcinkaya@ronesans.com', 'Ronesans Medical Construction company. Majorly uses Allplan & Revit MEP application for BIM', 45, '', 'Active', '2017-07-25 10:03:38', '2017-07-27 14:40:15'),
(4, 'IT Team', 'itteam@elogictech.com', 'IT', 1, '(877) 609-2233', 'Active', '2017-07-26 11:41:40', '2017-07-27 07:51:04'),
(6, 'KATZ Architecture', 'paul@katzarchitects.com', 'Project: 42-44 Garden Street\r\nScope - Revit Modelling', 40, '(613) 9982 1855', 'Active', '2017-07-27 10:56:06', '2017-07-27 10:56:06'),
(7, 'SFCS Inc', 'jmissell@SFCS.com', 'Project - Cedarfield-Independent Living Addition', 40, '540.682.8078', 'Active', '2017-07-27 11:03:16', '2017-07-27 11:15:04'),
(8, 'Inform Design', 'kana@ifdesigninc.com', '3D Visualisation Services', 40, '808 687 6269', 'Active', '2017-07-27 11:18:50', '2017-07-27 11:18:50'),
(9, 'MAA', '', 'test', 41, '040-27892176', 'Active', '2017-07-27 11:48:12', '2017-07-27 11:48:12'),
(10, 'FWA', 'franklin.wong@hawaiiantel.net', 'FWA', 43, '(808) 521-0958', 'Active', '2017-07-29 13:52:09', '2017-07-29 13:52:09'),
(11, 'Jason Pizzicarola', 'jpizzicarola@jpdesign.ca', 'Canada client', 1, '', 'Active', '2017-07-31 13:20:53', '2017-07-31 13:20:53'),
(12, 'KURZMAN ARCHITECTURE, LLC', 'rkurzman@KurzmanArchitecture.com', 'AIA, NCARB ', 39, '(312) 286-0901', 'Active', '2017-08-01 11:24:06', '2017-08-01 11:24:06'),
(13, 'HAYASHIDA ARCHITECTS', 'sadysh@hayashida-architects.com', 'This firms commitment to personal direction by the Principals insures the operational integrity and quality of every project.', 39, '(510) 428-2491', 'Active', '2017-08-01 11:52:16', '2017-08-01 11:52:16'),
(14, 'Elogic Solutions', '', 'Elogic Solutions', 1, '', 'Active', '2017-08-01 15:26:28', '2017-08-01 15:26:28'),
(15, 'Doug', 'drjarch@shaw.ca', 'Canada client', 38, '604-922-1226', 'Active', '2017-08-04 08:31:49', '2017-08-04 08:31:49'),
(16, 'TMA Affinity Architects', 'sk@thetmagroup.com', 'They''re seasoned professionals. they work as a team.', 39, '(847) 630-8295', 'Active', '2017-08-04 10:05:46', '2017-08-04 10:05:46'),
(17, 'Murray Engineering', 'mlynch@murray-engineering.com', 'Structural Engineering Frim', 42, '212-741-1102 x334', 'Active', '2017-08-07 15:27:45', '2017-08-07 15:27:45'),
(18, 'De Atlier Architects', 'briony@deatelier.com.au', 'Town House Project - Developing Revit Model', 40, '0409 411 028', 'Active', '2017-08-08 08:43:10', '2017-08-08 08:43:10'),
(19, 'BKF & Associates, LLC', 'brian808@hawaii.rr.com', 'This client usually works with us for Developing AutoCAS & 3D Projects', 40, '808-391-7270', 'Active', '2017-08-09 07:16:45', '2017-08-09 07:16:45'),
(20, 'MARSCULTURE', 'wingo@marsculture.com', 'an architectural design studio', 39, '1.713.750.9812', 'Active', '2017-08-09 08:54:39', '2017-08-09 08:54:39'),
(21, 'Mussachio', 'Marc@mussachioarchitects.com', 'Mussachio', 43, '7166319949', 'Active', '2017-08-11 06:33:45', '2017-08-11 06:33:45'),
(22, 'Jeffrey Rome & Associates', 'JeffreyR@jrainc.net', 'Architectural and design firm dedicated to designing spaces and networks that bring people closer together. Over its 25 years of designing the country''s telecommunication infrastructure along with sophisticated retail, commercial and residential spaces, JRA has built a dynamic team of 60+ passionate and dedicated creators whose unique vision and capabilities set the company apart.', 39, '949-760-3929 Office 949-4', 'Active', '2017-08-22 08:37:02', '2017-08-22 08:37:02'),
(23, 'ICON', '', '2D and 3D projects', 43, '', 'Active', '2017-08-30 06:51:32', '2017-08-30 06:51:32'),
(24, 'Canterra Design + Build', 'cosimo@canterradesign.com', 'Canterra Design and Consulting Inc. is an Ottawa based firm, specializing in residential developments ranging from custom home designs to distinctive additions and large-scale renovations.', 40, '(613) 825.5675', 'Active', '2017-08-31 10:59:32', '2017-08-31 10:59:32'),
(25, '3DSR Architectural Renderings', 'info@3dsr.com', 'Welcome to 3DSR.com, your home for Superior Architectural Rendering. Here at 3DSR we bring your creative ideas to life. From your sketches or digital files, we develop realistic images of both interior and exterior projects.', 40, '403-975-2377', 'Active', '2017-08-31 11:06:47', '2017-08-31 11:06:47'),
(26, 'INK ARCH LLC', 'mcheang@inkarch.com', 'This firms is into planning, design, project management, and construction of a wide range of community, commercial, government, and renovation/ alteration projects.', 39, '808 536 1174 x205', 'Active', '2017-09-01 08:39:00', '2017-09-01 08:39:00'),
(27, 'Smith and Greene Co.', 'dwayney@smithandgreene.com', 'Smith and Greene specialist in Food service equipment & design, they majorly uses Revit application for BIM.', 45, '800 232 8050', 'Active', '2017-09-09 06:34:26', '2017-09-09 06:35:30'),
(28, 'Netapp', 'Juliette.Trconic@netapp.com', 'Netapp', 41, '408.822.4016 ', 'Active', '2017-09-11 16:26:20', '2017-09-11 16:26:20'),
(29, 'Global Data', 'lobal@gmail.com', 'This is global data', 1, '123654987', 'Active', '2017-09-12 12:54:03', '2017-09-12 12:54:03'),
(30, 'Renewnest', 'renewnest@elogictechsolutions.com', 'Testing purpose', 104, '9985512120', 'Active', '2017-09-12 12:56:28', '2017-09-12 12:56:28'),
(31, 'John', '', 'This is test client\r\n', 1, '', 'Active', '2017-09-12 12:56:30', '2017-09-12 12:56:30'),
(32, 'Srinivas', '', 'Test', 102, '', 'Active', '2017-09-12 16:46:09', '2017-09-12 16:46:09');

-- --------------------------------------------------------

--
-- Table structure for table `employee_details`
--

CREATE TABLE IF NOT EXISTS `employee_details` (
  `empId` int(11) NOT NULL,
  `name` varchar(50) NOT NULL,
  `email` varchar(100) NOT NULL,
  `username` varchar(25) NOT NULL,
  `password` varchar(255) NOT NULL,
  `designation` varchar(100) NOT NULL,
  `user_type` varchar(20) NOT NULL,
  `mobile_num` varchar(15) NOT NULL,
  `avatar` varchar(255) NOT NULL,
  `status` enum('Active','InActive') NOT NULL DEFAULT 'Active',
  `created_at` datetime NOT NULL,
  `updated_at` datetime NOT NULL
) ENGINE=InnoDB AUTO_INCREMENT=108 DEFAULT CHARSET=latin1;

--
-- Dumping data for table `employee_details`
--

INSERT INTO `employee_details` (`empId`, `name`, `email`, `username`, `password`, `designation`, `user_type`, `mobile_num`, `avatar`, `status`, `created_at`, `updated_at`) VALUES
(1, 'eLogic Timesheet', 'itteam@elogictech.com', 'tsadmin', '1f063a4b2b31dd2ef8455403130440e1', 'Admin', 'admin', '', '', 'Active', '2017-06-20 00:00:00', '2017-09-11 08:33:45'),
(38, 'Reddiboina Lakshmi Narayana', 'narayana@elogictech.com', 'narayana', '53cf5f247df8e09a003a3160aaa3f2b5', 'Manager', 'manager', '', 'default.jpg', 'Active', '2017-07-24 09:35:18', '2017-07-24 12:14:54'),
(39, 'Vaishalini P', 'vaishalini@elogictech.com', 'vaishalini', 'bbab5cfcbb30c65d9d1458425e07ef79', 'Manager', 'manager', '', 'default.jpg', 'Active', '2017-07-24 09:35:49', '2017-07-24 09:35:49'),
(40, 'Vuyyuri  Surya Sri Lakshmi', 'srilakshmi@elogictech.com', 'srilakshmi', '7ed1923f3a4377b4ad7ec8a36ca3df67', 'Manager', 'manager', '', 'default.jpg', 'Active', '2017-07-24 09:36:42', '2017-07-24 09:36:42'),
(41, 'Sandeep Anupati', 'sandeep@elogictech.com', 'sandeep', '00dcf16d903e5890aaba465b0b1ba51f', 'Manager', 'manager', '', 'default.jpg', 'Active', '2017-07-24 09:37:21', '2017-07-24 09:37:21'),
(42, 'Prabhakaran VP', 'prabhakaran@elogictech.com', 'prabhakaran', '37ec37eff3ede5b8ab1343f3442e4835', 'Manager', 'manager', '', 'default.jpg', 'Active', '2017-07-24 09:37:57', '2017-07-24 09:37:57'),
(43, 'Chaitanya Lakshmi', 'chaitanya@elogictech.com', 'chaitanyalakshmi', 'd728443178a22ba8e12e0145b6dd8150', 'Manager', 'manager', '', 'default.jpg', 'Active', '2017-07-24 09:39:13', '2017-07-24 10:40:43'),
(44, 'Resmi Menon', 'resmi@elogictech.com', 'resmi', 'bfc9a9216cc277146adcc91582458b33', 'Manager', 'manager', '', 'default.jpg', 'Active', '2017-07-24 09:39:41', '2017-07-24 09:39:41'),
(45, 'Burra Rajesh', 'rajesh@elogictech.com', 'rajesh', 'e360bc13bcba071f4746adbb334cd78e', 'Manager', 'manager', '9599390670', 'default.jpg', 'Active', '2017-07-24 09:40:11', '2017-07-24 09:40:11'),
(46, 'Suman Kumar', 'suman@elogictech.com', 'suman', '1533c67e5e70ae7439a9aa993d6a3393', 'Admin', 'admin', '', 'default.jpg', 'Active', '2017-07-24 09:42:36', '2017-08-02 09:10:54'),
(47, 'Pradip Chauhan', 'pradip@elogictech.com', 'pradip', 'dac1c5e85e5c3130af9fbdeafe998161', 'Manager', 'manager', '', 'default.jpg', 'Active', '2017-07-24 10:06:56', '2017-07-24 10:06:56'),
(48, 'Riyaseth  Ali Ather', 'ather@elogictech.com', 'ather', '60cbeaf81901ba2dfc86a04f6dcabcc9', 'Sr.Architect', 'developer', '', 'default.jpg', 'Active', '2017-07-24 10:08:31', '2017-07-24 10:08:31'),
(51, 'Vijaya Lakshmi B', 'vijaya@elogictech.com', 'vijaya', 'db8834197077287186e8c7524ca43d6f', 'Sr.Architect', 'developer', '', 'default.jpg', 'Active', '2017-07-24 10:09:50', '2017-07-24 10:09:50'),
(53, 'Rajanikant Basuthkar', '', 'rajanikanth', 'c23b67dbe4e7d66b6f7fd104a4d67c0a', 'Sr.Architect', 'developer', '', 'default.jpg', 'Active', '2017-07-24 10:12:55', '2017-07-24 10:29:24'),
(54, 'Vishal Kumar', 'vishal@elogictech.com', 'vishal', '8b64d2451b7a8f3fd17390f88ea35917', 'Sr.Architect', 'developer', '', 'default.jpg', 'Active', '2017-07-24 10:14:54', '2017-07-24 12:18:59'),
(55, 'Karunya  Codavali', 'karunya@elogictech.com', 'karunya', '23e7bfaa9630a1ab9f6e5515d626d229', 'Sr.Architect', 'developer', '', 'default.jpg', 'Active', '2017-07-24 10:15:41', '2017-07-24 10:15:41'),
(57, 'Bhavani G', '', 'bhavani', '18f3d1ca1132b3c1957602761b533132', 'Sr.Architect', 'developer', '', 'default.jpg', 'Active', '2017-07-24 10:31:39', '2017-07-24 10:31:39'),
(58, 'Rajasekhar Vadde', '', 'rajasekhar', '5b1c3da62a3ed0c885c8ac86e6c29f1b', 'jr.Architect', 'developer', '', 'default.jpg', 'Active', '2017-07-24 10:33:36', '2017-07-24 10:33:36'),
(59, 'Chaithanya Badiginjala ', '', 'chaithanya', '60b4257348d7356aa45add9651aa1d00', 'jr.Architect', 'developer', '', 'default.jpg', 'Active', '2017-07-24 10:34:37', '2017-07-24 10:34:37'),
(60, 'Vijay Krishna  Sharma ', '', 'sharma', '3dc1e4c3bc5b2ae63520627ea44df7fd', 'jr.Architect', 'developer', '', 'default.jpg', 'Active', '2017-07-24 10:41:55', '2017-07-24 10:41:55'),
(61, 'Banoth Vinod', '', 'bvinod', 'b8506eefee9ed8424c4426a8138c7aa4', 'jr.Architect', 'developer', '9133477997', 'default.jpg', 'Active', '2017-07-24 10:42:20', '2017-07-24 10:42:20'),
(62, 'Priyatham Kumar J', '', 'priyatham', '4f7c4c333352ac84704d61d683315365', 'Sr.Architect', 'developer', '', 'default.jpg', 'Active', '2017-07-24 10:42:55', '2017-07-24 10:42:55'),
(63, 'Sivapriya Peddakotla ', '', 'sivapriya', '6984f8ed0afbca0693239ebf283afec7', 'Sr.Architect', 'developer', '', 'default.jpg', 'Active', '2017-07-24 10:43:18', '2017-07-24 10:43:18'),
(64, 'Razzak Abdul ', '', 'razzak', 'fd0fcb303e43b245d50c2608b5fcab0e', 'Sr.Architect', 'developer', '', 'default.jpg', 'Active', '2017-07-24 10:43:51', '2017-07-24 10:43:51'),
(65, 'Shiva Krishna', 'kshiva@elogictech.com', 'shivakrishna', 'dc06698f0e2e75751545455899adccc3', 'Sr.Architect', 'developer', '', 'default.jpg', 'Active', '2017-07-24 10:44:39', '2017-07-24 10:44:39'),
(66, 'Mohammed Ibrahim Shaik ', '', 'ibrahim', 'f1c083e61b32d3a9be76bc21266b0648', 'jr.Architect', 'developer', '', 'default.jpg', 'Active', '2017-07-24 10:45:06', '2017-07-24 10:45:06'),
(67, 'kacharla Seshagiri Rao', '', 'kacharla', '7b2e761d5c9c9c1d9d674bb2a75378f3', 'Sr.Architect', 'developer', '', 'default.jpg', 'InActive', '2017-07-24 10:46:26', '2017-07-24 12:18:01'),
(68, 'Vinodkumar Jatoth', '', 'vinod', 'd2c51c9cde1f15b718296c99ae362fb1', 'jr.Architect', 'developer', '', 'default.jpg', 'Active', '2017-07-24 10:46:57', '2017-07-27 10:57:39'),
(69, 'Sandeep Gosike ', '', 'gosike', 'a1596867027605d7d83fea11576f5d84', 'Sr.Architect', 'developer', '', 'default.jpg', 'Active', '2017-07-24 10:47:23', '2017-07-24 10:47:23'),
(70, 'Prashanth Kumar Kali ', '', 'prashanth', 'c2da11b73b17d7e4e310d8a8d744a49c', 'Sr.Architect', 'developer', '', 'default.jpg', 'Active', '2017-07-24 10:47:59', '2017-07-24 10:47:59'),
(71, 'Siva Krishna', '', 'gudipati', '41565ca667ae49c0713a1c181483690a', 'Sr.Architect', 'developer', '', 'default.jpg', 'Active', '2017-07-24 10:48:34', '2017-07-27 10:38:11'),
(72, 'Roy Aparna ', '', 'aparna', '46aab74d298e13f19d28aa38dda7277f', 'jr.Architect', 'developer', '', 'default.jpg', 'Active', '2017-07-24 10:48:56', '2017-07-24 10:48:56'),
(73, 'Rahul Sharma', '', 'rahul', '439ed537979d8e831561964dbbbd7413', 'jr.Architect', 'developer', '123456789', '73_Tulips1.jpg', 'Active', '2017-07-24 10:49:17', '2017-08-07 07:38:25'),
(74, 'Mohammed Hussian  Shabbir', '', 'shabbir', 'd5c3c1470e597d0690b4fafeb7124858', 'Sr.Architect', 'developer', '', 'default.jpg', 'InActive', '2017-07-24 10:49:47', '2017-07-24 10:49:47'),
(75, 'Suram  Pranesh', '', 'pranesh', '8ac91ec7aa80495b618677d9b6c792ac', 'jr.Architect', 'developer', '', 'default.jpg', 'Active', '2017-07-24 10:50:07', '2017-07-24 10:50:07'),
(76, 'Gopishetty sampreethi', '', 'sampreethi', 'e7cba63de6f890282bc781e2c38da4cb', 'jr.Architect', 'developer', '', 'default.jpg', 'Active', '2017-07-24 10:50:33', '2017-07-27 10:44:23'),
(77, 'Keerthy  Chandana', '', 'chandana', '4ecf42d106bc61ec0164e2bb9ecb2977', 'jr.Architect', 'developer', '', 'default.jpg', 'Active', '2017-07-24 10:51:06', '2017-07-24 10:51:06'),
(78, 'M. Rajkumar', '', 'rajkumar', 'c223199626bf0875cbc4e5859c93040c', 'Sr.Architect', 'developer', '', 'default.jpg', 'Active', '2017-07-24 10:51:32', '2017-07-24 10:51:32'),
(79, 'Jangampally Vishal', '', 'vishalj', '854cdedbe8784d5ac7445273176ea086', 'jr.Architect', 'developer', '', 'default.jpg', 'Active', '2017-07-24 10:52:23', '2017-07-24 12:17:02'),
(80, 'Gattla sandeep', '', 'sandeepg', '21cfe59d34c6617302ce072e26f11a97', 'jr.Architect', 'developer', '9701253632', '80_sandeep.jpg', 'Active', '2017-07-24 10:53:16', '2017-08-09 10:40:04'),
(81, 'Hymavathi Balugmi', '', 'hymavathi', '00e979dfcc50af594dd07d8b8e85f078', 'jr.Architect', 'developer', '', 'default.jpg', 'InActive', '2017-07-24 10:54:01', '2017-07-24 10:54:01'),
(82, 'Somadri  Rekha', '', 'rekha', '056062863ed19a32787a3ae9e1117d5e', 'jr.Architect', 'developer', '', 'default.jpg', 'Active', '2017-07-24 10:54:43', '2017-07-24 10:54:43'),
(83, 'Karra J V N.  Nandeswara Rao', '', 'karra', 'f165da20d8e4f33fcb7c90970c121b0d', 'jr.Architect', 'developer', '', 'default.jpg', 'Active', '2017-07-24 10:55:45', '2017-07-24 10:55:45'),
(84, 'Mukesh Kumar', '', 'mukesh', 'a883bde368145d717b99c70594fd6069', 'jr.Architect', 'developer', '+917537976010', '84_Updated.jpg', 'Active', '2017-07-24 10:57:23', '2017-09-07 06:49:07'),
(85, 'Alimi  Sathish Kumar', '', 'sathish', '078dc595e3663750846941f646f06a2d', 'jr.Architect', 'developer', '', 'default.jpg', 'Active', '2017-07-24 10:57:50', '2017-07-24 10:57:50'),
(86, 'Mandadi  Venkateswara Rao', '', 'venkateswara', '8d7f0a66b708c61e15e26cfe2cdc6508', 'jr.Architect', 'developer', '', 'default.jpg', 'Active', '2017-07-24 10:58:24', '2017-07-24 10:58:24'),
(87, 'Mohd  Rashed Akram', '', 'rashed', 'b60c306f62fbc07820dd607b17968aa2', 'Sr.Architect', 'developer', '', 'default.jpg', 'InActive', '2017-07-24 10:58:49', '2017-07-24 10:58:49'),
(88, 'Kurra  Anil Kumar', '', 'anilkurra', '1c6eb5bc7731846e86fa1530f836e7c9', 'Sr.Architect', 'developer', '', 'default.jpg', 'Active', '2017-07-24 10:59:23', '2017-07-24 10:59:23'),
(89, 'Naga Mahesh', '', 'nagamahesh', 'dd3f0f4496746d82a308b99954222b18', 'Co-Ordinator', 'developer', '', 'default.jpg', 'Active', '2017-07-24 11:07:31', '2017-07-27 09:45:32'),
(90, 'Avanigadda  Rama Seshu', '', 'seshu', '95ad8e443ee7c4a8fc27164702d01b50', 'Sr.Architect', 'developer', '', 'default.jpg', 'Active', '2017-07-24 11:08:09', '2017-07-24 11:08:09'),
(92, 'Rupali Modi', 'rupali@elogictech.com', 'rupali', '96a7810cc225f9043d6066c947fa09e0', 'Director', 'admin', '', '92_CEO.jpg', 'Active', '2017-07-26 13:23:16', '2017-08-07 07:39:30'),
(93, 'Tarak Ramu', 'tarak@elogictech.com', 'tarak', 'ce7884816f27030240e411935e11a93b', 'Admin', 'admin', '', '93_Chrysanthemum.jpg', 'Active', '2017-07-27 09:13:44', '2017-08-08 10:21:06'),
(94, 'Soumya Poovakkatil', '', 'soumya', 'd7812b94b1962436cd28c7b5004e059e', 'jr.Architect', 'developer', '', 'default.jpg', 'Active', '2017-07-28 16:34:37', '2017-07-29 11:36:05'),
(95, 'Sesikiran Miriyala', '', 'sesikiran', 'af9629bb460b108686d0b2e6be8147b2', 'jr.Architect', 'developer', '', 'default.jpg', 'Active', '2017-08-02 14:01:09', '2017-08-02 14:01:09'),
(96, 'Mahammed Javeed', '', 'javeed', '859a09aae7d8e2d728fdd66814447815', 'jr.Architect', 'developer', '', 'default.jpg', 'Active', '2017-08-03 16:02:22', '2017-08-03 16:02:22'),
(97, 'Harshada Sanjay', '', 'harshada', 'd52849f00bfd429f22e40451e3bc3e92', 'jr.Architect', 'developer', '', 'default.jpg', 'Active', '2017-08-10 10:41:56', '2017-08-10 10:43:08'),
(98, 'Tanooja Pasumarthy', '', 'tanooja', 'f18338d88a31455abe568e8130dfa4bd', 'jr.Architect', 'developer', '', 'default.jpg', 'Active', '2017-08-10 10:42:32', '2017-08-10 10:42:32'),
(99, 'Chavan ganesh', '', 'ganesh', 'fa1d87bc7f85769ea9dee2e4957321ae', 'jr.Architect', 'developer', '', 'default.jpg', 'Active', '2017-08-21 10:28:02', '2017-08-21 10:28:02'),
(100, 'Qaiyam Uddin Ansari', '', 'ansari', 'd861e207ca85f7e171d3225d4a4536cd', 'jr.Architect', 'developer', '', 'default.jpg', 'InActive', '2017-08-21 10:32:37', '2017-08-21 10:32:37'),
(101, 'Karhade Manish', '', 'manish', '59c95189ac895fcc1c6e1c38d067e244', 'jr.Architect', 'developer', '', 'default.jpg', 'Active', '2017-08-28 15:45:47', '2017-08-28 15:45:47'),
(102, 'Murali  Krishna', 'ashokb@elogictechsolutions.com', 'murali', '34cc2d6881fa3b48cf5de52384755dd7', 'Manager', 'manager', '', 'default.jpg', 'Active', '2017-09-12 12:52:15', '2017-09-12 12:52:15'),
(103, 'Laxmikanth suram', 'ashokb@elogictechsolutions.com', 'kanth', '13878998888fed1badd4e1d34d214308', 'Manager', 'manager', '', 'default.jpg', 'Active', '2017-09-12 12:52:41', '2017-09-12 12:52:41'),
(104, 'ranga punna', 'punna@elogictechsolutions.com', 'ranga', '75819783c5ad99efaec29d8a7570da51', 'Manager', 'manager', '', 'default.jpg', 'Active', '2017-09-12 12:52:59', '2017-09-12 13:04:09'),
(105, 'Ashok Krishna', '', 'ashok', 'bb2d1a99fc70551dab323d042deb6843', 'jr.Architect', 'developer', '', 'default.jpg', 'Active', '2017-09-12 12:53:08', '2017-09-12 12:53:08'),
(106, 'Naresh Goud', '', 'naresh', '7cb4ffbb2635356600af00166decc350', 'jr.Architect', 'developer', '', 'default.jpg', 'Active', '2017-09-12 12:53:28', '2017-09-12 12:53:28'),
(107, 'punna ranga', '', 'punna', '227f067002efd37b6eaf312de33b7b45', 'Sr.Architect', 'developer', '', 'default.jpg', 'Active', '2017-09-12 13:03:25', '2017-09-14 08:07:04');

-- --------------------------------------------------------

--
-- Table structure for table `emp_record_details`
--

CREATE TABLE IF NOT EXISTS `emp_record_details` (
  `emp_record_id` int(11) NOT NULL,
  `empId` varchar(100) NOT NULL,
  `client_Id` int(11) NOT NULL,
  `project_Id` int(11) NOT NULL,
  `task_Id` varchar(255) NOT NULL,
  `team_member_type` enum('Regular','Substitute','Back Up') NOT NULL DEFAULT 'Regular',
  `emp_time_hours` float NOT NULL,
  `comments` longtext NOT NULL,
  `emp_report_dates` date NOT NULL,
  `status` varchar(15) NOT NULL DEFAULT 'Unapproved',
  `created_at` date NOT NULL,
  `updated_at` date NOT NULL
) ENGINE=InnoDB AUTO_INCREMENT=947 DEFAULT CHARSET=latin1;

--
-- Dumping data for table `emp_record_details`
--

INSERT INTO `emp_record_details` (`emp_record_id`, `empId`, `client_Id`, `project_Id`, `task_Id`, `team_member_type`, `emp_time_hours`, `comments`, `emp_report_dates`, `status`, `created_at`, `updated_at`) VALUES
(1, '44', 2, 2, '1', 'Regular', 8, 'Completed adding doors to YGAP, First floor level, Block B interiors model.\r\nQuality checked the same block .\r\nStarted QC of Blok D, Ground floor.', '2017-07-24', 'Approved', '2017-07-25', '2017-07-25'),
(2, '44', 2, 2, '1', 'Regular', 8.5, 'Completed interior modelling of Blok B, First floor, YGAP.', '2017-07-22', 'Approved', '2017-07-25', '2017-07-25'),
(3, '44', 2, 2, '1', 'Regular', 4.5, 'Worked on interior modelling of Blok B, First floor, YGAP.', '2017-07-21', 'Approved', '2017-07-25', '2017-07-25'),
(4, '44', 2, 2, '1', 'Regular', 8.5, 'Started interior modelling of Blok B, First floor, YGAP.', '2017-07-20', 'Approved', '2017-07-25', '2017-07-25'),
(5, '44', 2, 2, '1', 'Regular', 8.5, 'Q.C of  interior model of Blok B, Ground floor, YGAP.', '2017-07-18', 'Approved', '2017-07-25', '2017-07-25'),
(6, '44', 2, 2, '1', 'Regular', 8.5, 'Q.C of interior model of Blok A, Ground floor, YGAP.', '2017-07-17', 'Approved', '2017-07-25', '2017-07-25'),
(7, '44', 2, 2, '1', 'Regular', 7, 'Interior modelling of Blok C, Ground floor, YGAP.', '2017-07-14', 'Approved', '2017-07-25', '2017-07-25'),
(8, '44', 2, 2, '1', 'Regular', 6, 'Checked block D , Ground floor, YGAP', '2017-07-25', 'Approved', '2017-07-27', '2017-07-27'),
(9, '44', 2, 2, '1', 'Regular', 2.5, 'Modelled interiors of Block A, C of First floor and started Block D, First floor.', '2017-07-25', 'Approved', '2017-07-27', '2017-07-27'),
(10, '44', 2, 2, '175', 'Regular', 2, 'Discussed mark ups received and the plan of action', '2017-07-26', 'Approved', '2017-07-27', '2017-07-27'),
(12, '48', 11, 13, '200', 'Regular', 8.5, 'Developed wall section & updated the upper floor ceiling plans.', '2017-07-31', 'Approved', '2017-08-01', '2017-08-01'),
(13, '48', 11, 13, '201', 'Regular', 10.5, 'Worked on reflected ceiling plan and added ceiling tags. Created wall section-2 and checked all wall tags in enlarged unit plans. Uploaded the complete set in pdf on dropbox.', '2017-07-29', 'Approved', '2017-08-01', '2017-08-01'),
(14, '48', 11, 13, '201', 'Regular', 8.5, 'Created new wall types and added on the sheet. Started adding wall tags on floor plans.', '2017-07-24', 'Approved', '2017-08-01', '2017-08-01'),
(15, '48', 11, 13, '201', 'Regular', 8.5, 'Added wall tags on 1st,2nd,3rd,4th & 5th floor plans.', '2017-07-25', 'Approved', '2017-08-01', '2017-08-01'),
(16, '48', 11, 13, '201', 'Regular', 8.5, 'Created wall tags on floor plans as per the wall types.', '2017-07-26', 'Approved', '2017-08-01', '2017-08-01'),
(17, '48', 11, 13, '200', 'Regular', 8.5, 'Developed wall section-1 as per the wall types & current model and sent progress section to the client.', '2017-07-27', 'Approved', '2017-08-01', '2017-08-01'),
(18, '48', 11, 13, '200', 'Regular', 8.5, 'Developed wall section-2 and updated building sections. ', '2017-07-28', 'Approved', '2017-08-01', '2017-08-01'),
(20, '94', 13, 15, '210,211', 'Regular', 4, 'Floor plan, Roof plan & 4 exterior elevations', '2017-08-01', 'Approved', '2017-08-01', '2017-08-01'),
(21, '94', 14, 16, '212,214,216,218', 'Regular', 2, 'Checking mails/Archive - 0.5hr.\r\n\r\nPlot settings/QC/mail - 1.0hr.\r\n\r\nUpdated time sheet - 0.5hr.', '2017-08-01', 'Approved', '2017-08-01', '2017-08-01'),
(22, '94', 14, 16, '217', 'Regular', 2, 'SFCS-Kitchen Island-Analysis & Developing in Revit', '2017-08-01', 'Approved', '2017-08-01', '2017-08-07'),
(23, '44', 14, 16, '220', 'Regular', 3, 'Prepared Architectural time estimate for two projects, EDG- 1703 Carwash AND 1706 Carwash.\r\nCollated Time estimate prepared by other PMs and sent them to the client.', '2017-08-27', 'Approved', '2017-08-02', '2017-08-02'),
(24, '44', 2, 2, '1', 'Regular', 6.5, 'Modelled D block, First floor, YGAP', '2017-07-26', 'Approved', '2017-08-02', '2017-08-02'),
(25, '44', 2, 2, '1', 'Regular', 5.5, 'Modelled, D Block, First floor, YGAP', '2017-07-27', 'Approved', '2017-08-02', '2017-08-02'),
(26, '44', 2, 2, '1', 'Regular', 1, 'Modified all suspended ceilings before exporting IFC model', '2017-07-28', 'Approved', '2017-08-02', '2017-08-02'),
(27, '44', 2, 2, '1', 'Regular', 9, 'Modelled Block D, First floor, YGAP', '2017-07-28', 'Approved', '2017-08-02', '2017-08-02'),
(28, '44', 2, 2, '1', 'Regular', 1, 'Modified all suspended ceilings before exporting IFC model, as per MEP team''s requirement.', '2017-07-29', 'Approved', '2017-08-02', '2017-08-02'),
(29, '44', 2, 2, '1', 'Regular', 9, 'Modelled D Block, First floor, YGAP.', '2017-07-29', 'Approved', '2017-08-02', '2017-08-02'),
(30, '44', 2, 2, '1', 'Regular', 7, 'Modelled, A block, First floor, TAPH', '2017-07-31', 'Approved', '2017-08-02', '2017-08-02'),
(31, '44', 14, 16, '217', 'Regular', 1.5, 'Took measurements and developed seating options for first floor dining area.', '2017-07-31', 'Approved', '2017-08-02', '2017-08-02'),
(32, '44', 2, 2, '1', 'Regular', 3.5, 'Started modelling A block, First floor, TAPH. Worked from home.', '2017-07-31', 'Approved', '2017-08-02', '2017-08-02'),
(33, '44', 2, 2, '175', 'Regular', 1, 'Meeting with Rupali and Sastry sir for Dining seating options, Assigned work to CAD team for drafting.', '2017-08-01', 'Approved', '2017-08-02', '2017-08-02'),
(34, '44', 2, 2, '1', 'Regular', 7.5, 'Modelled, B block, First floor, TAPH', '2017-08-01', 'Approved', '2017-08-02', '2017-08-02'),
(35, '44', 14, 16, '212', 'Regular', 1, 'Updated time sheet', '2017-08-02', 'Approved', '2017-08-02', '2017-08-02'),
(37, '45', 14, 16, '220', 'Regular', 6, 'MEP Services time estimate for U. S. Embassy, Kampala, Uganda Project', '2017-08-02', 'Approved', '2017-08-02', '2017-08-02'),
(38, '45', 2, 9, '204,206', 'Regular', 2.5, 'QC checking for MEP Services and coordination with Team', '2017-08-02', 'Approved', '2017-08-02', '2017-08-02'),
(39, '44', 2, 2, '221', 'Regular', 7.5, 'Studied sample projects, watched skype recorded video on window reveals and arranged all the window reveals in YGAP building.', '2017-08-02', 'Approved', '2017-08-03', '2017-08-03'),
(40, '62', 7, 7, '180', 'Regular', 8.5, 'Model  QC and DD set updates', '2017-08-01', 'Approved', '2017-08-03', '2017-08-03'),
(41, '96', 14, 17, '223', 'Regular', 8, 'first floor plan drafted\r\ndining room furniture layout proposal\r\nwork station detailing \r\n', '2017-08-03', 'Approved', '2017-08-03', '2017-08-03'),
(42, '44', 2, 2, '221', 'Regular', 8.5, 'Completed faade modelling of A Blok of YGAP, Ground floor', '2017-08-03', 'Approved', '2017-08-04', '2017-08-04'),
(43, '44', 2, 2, '221', 'Regular', 8.5, 'Completed faade modelling of B,C, D block of YGAP on Ground floor', '2017-08-04', 'Approved', '2017-08-04', '2017-08-04'),
(44, '96', 14, 17, '223', 'Regular', 8.5, '1.First floor discussion table proposal\r\n2.discussion table detail\r\n3.dining room furniture layout option 2 & 3\r\n4.dining table detail \r\n', '2017-08-04', 'Approved', '2017-08-04', '2017-08-04'),
(45, '83', 2, 9, '184', 'Regular', 8.5, 'shop drawings for hvac', '2017-08-01', 'Approved', '2017-08-07', '2017-08-07'),
(46, '83', 2, 9, '184', 'Regular', 8.5, 'shop drawings for plumbing', '2017-08-02', 'Approved', '2017-08-07', '2017-08-07'),
(47, '83', 2, 9, '184', 'Regular', 8.5, 'shop drawings for plumbing', '2017-08-03', 'Approved', '2017-08-07', '2017-08-07'),
(48, '83', 2, 9, '184', 'Regular', 6.5, 'electrical  shop drawing', '2017-08-04', 'Approved', '2017-08-07', '2017-08-07'),
(49, '83', 2, 9, '184', 'Regular', 8.5, 'electrical  shop drawing', '2017-08-05', 'Approved', '2017-08-07', '2017-08-07'),
(50, '94', 14, 16, '216,217,219', 'Regular', 6, 'Checking mails/Archive - 0.5hr.\r\n\r\nSFCS-Kitchen Islands (Revit family) - 5hrs.\r\n\r\nSFCS-Kitchen Islands (Family) - 0.5hr.', '2017-08-02', 'Approved', '2017-08-07', '2017-08-07'),
(51, '94', 13, 26, '226,230', 'Regular', 2, 'Floor plan, Interior Elevations - 1.5hrs\r\n\r\nSection - 0.5hr.', '2017-08-02', 'Approved', '2017-08-07', '2017-08-07'),
(52, '94', 14, 16, '214,216,218', 'Regular', 1.5, 'Checking mails/Archive - 0.5hr.\r\n\r\nHayashida - Dominguez Residence - mails/QC/prints - 1.0hr.', '2017-08-03', 'Approved', '2017-08-07', '2017-08-07'),
(53, '94', 13, 26, '226,229', 'Regular', 6.5, 'Developed Exterior elevations - 5.5hrs.\r\n\r\nContinued sections - 1.0hr', '2017-08-03', 'Approved', '2017-08-07', '2017-08-07'),
(54, '94', 14, 16, '216', 'Regular', 0.5, 'Checking mails/Archive', '2017-08-04', 'Approved', '2017-08-07', '2017-08-07'),
(55, '94', 14, 16, '218', 'Regular', 1.5, 'Ronesans - MEP - CAD outputs', '2017-08-04', 'Approved', '2017-08-07', '2017-08-07'),
(56, '94', 2, 9, '188', 'Regular', 6, 'Fine tuning of CAD output files for Mechanical & Electrical drawings', '2017-08-04', 'Approved', '2017-08-07', '2017-08-07'),
(57, '94', 14, 16, '214,216,219', 'Regular', 2, 'Checking mails/Archive - 0.5hr.\r\n\r\nTECTA - Suite 103 - project study - 1.0hr.\r\n\r\nTECTA - Suite 103 - QC - 0.5hr.', '2017-08-07', 'Approved', '2017-08-07', '2017-08-07'),
(58, '94', 14, 16, '220', 'Regular', 0.5, 'Updated Time sheet', '2017-08-07', 'Approved', '2017-08-07', '2017-08-07'),
(59, '94', 14, 16, '217', 'Regular', 1.5, 'TECTA - Majid''s Office - Elevations', '2017-08-07', 'Approved', '2017-08-07', '2017-08-07'),
(60, '94', 14, 16, '217', 'Regular', 4, 'TECTA - Suite 103 - Addressed markups', '2017-08-07', 'Approved', '2017-08-07', '2017-08-07'),
(61, '83', 2, 9, '188', 'Regular', 8.5, 'shop drawings\r\n', '2017-08-07', 'Approved', '2017-08-07', '2017-08-07'),
(62, '96', 14, 17, '223', 'Regular', 8.5, '1.PROPOSED DINING FURNITURE LAYOUT OPTION-4\r\n2.DINING ROOM SECTION @AA & @BB\r\n3.WORK STATION DETAILS', '2017-08-07', 'Approved', '2017-08-07', '2017-08-07'),
(63, '44', 2, 2, '221', 'Regular', 8.5, 'Completed faade modelling of E block, ground floor and B block, first floor of YGAP building.', '2017-08-07', 'Approved', '2017-08-07', '2017-08-07'),
(64, '62', 7, 7, '179', 'Regular', 8, 'Model updates  Indicated Demolition and Proposed additions in existing building', '2017-08-03', 'Approved', '2017-08-08', '2017-08-08'),
(65, '62', 18, 31, '252', 'Regular', 8, 'Started Developing the Revit model as per the received files and information.', '2017-08-04', 'Approved', '2017-08-08', '2017-08-08'),
(66, '62', 18, 31, '252', 'Regular', 8, 'Developing the Revit Model', '2017-08-07', 'Approved', '2017-08-08', '2017-08-08'),
(67, '62', 18, 31, '252', 'Regular', 8, 'Developing the Revit model', '2017-08-08', 'Approved', '2017-08-08', '2017-08-08'),
(68, '43', 10, 11, '189', 'Regular', 5.5, 'Worked on Loggia elevations', '2017-08-07', 'Approved', '2017-08-08', '2017-08-08'),
(69, '43', 14, 16, '213', 'Regular', 2, 'Attended PM''s meeting', '2017-08-07', 'Approved', '2017-08-08', '2017-08-08'),
(70, '43', 14, 16, '216', 'Regular', 1, 'Resource schedule', '2017-08-07', 'Approved', '2017-08-08', '2017-08-08'),
(71, '43', 14, 16, '216', 'Regular', 1, 'Resource schedule', '2017-08-08', 'Approved', '2017-08-08', '2017-08-08'),
(72, '43', 10, 11, '189', 'Regular', 7, 'Worked on Loggia elevations', '2017-08-08', 'Approved', '2017-08-08', '2017-08-08'),
(73, '43', 14, 16, '216', 'Regular', 0.5, 'mail to client', '2017-08-08', 'Approved', '2017-08-08', '2017-08-08'),
(74, '43', 14, 16, '216', 'Regular', 0.5, 'Mail to client', '2017-08-07', 'Approved', '2017-08-08', '2017-08-08'),
(75, '43', 14, 16, '216', 'Regular', 1, 'Client correspondence', '2017-08-01', 'Approved', '2017-08-08', '2017-08-08'),
(76, '43', 14, 16, '216', 'Regular', 1, 'Resource schedule', '2017-08-01', 'Approved', '2017-08-08', '2017-08-08'),
(77, '43', 14, 16, '216', 'Regular', 1, 'Resource schedule', '2017-08-02', 'Approved', '2017-08-08', '2017-08-08'),
(78, '43', 14, 16, '216', 'Regular', 1, 'Resource schedule', '2017-08-03', 'Approved', '2017-08-08', '2017-08-08'),
(79, '43', 14, 16, '216', 'Regular', 1, 'Resource schedule', '2017-08-04', 'Approved', '2017-08-08', '2017-08-08'),
(80, '43', 14, 16, '216', 'Regular', 0.5, 'Mail to client', '2017-08-03', 'Approved', '2017-08-08', '2017-08-08'),
(81, '43', 14, 16, '216', 'Regular', 0.5, 'Mail to client', '2017-08-04', 'Approved', '2017-08-08', '2017-08-08'),
(82, '43', 10, 11, '257', 'Regular', 4, 'Addressing markups', '2017-08-01', 'Approved', '2017-08-08', '2017-08-08'),
(83, '43', 14, 16, '218', 'Regular', 3, 'Coordination and QC for FWA projects', '2017-08-01', 'Approved', '2017-08-08', '2017-08-08'),
(84, '43', 14, 16, '216', 'Regular', 0.5, 'Mail to client', '2017-08-02', 'Approved', '2017-08-08', '2017-08-08'),
(85, '43', 14, 16, '218', 'Regular', 7, 'QC and Coordination with updates for FWA projects', '2017-08-02', 'Approved', '2017-08-08', '2017-08-08'),
(86, '43', 10, 11, '189', 'Regular', 7, 'Worked on Loggia elevations', '2017-08-03', 'Approved', '2017-08-08', '2017-08-08'),
(87, '43', 10, 11, '189', 'Regular', 6, 'Worked on Loggia elevations', '2017-08-04', 'Approved', '2017-08-08', '2017-08-08'),
(88, '51', 12, 14, '207', 'Regular', 8.5, 'Updated floor transition from the previous model. Also updated the floor heights as per the markups received. Please review and confirm.\r\nUpdated levels at Recessed Entry.\r\nUpdated windows to the exterior side of the wall. Should edit family to move 8  inside from the exterior side.\r\nUpdated Trellis heights as per the changes in levels they are getting intersected.\r\nUpdated wall tags as per the markups.\r\n2017 07 31_Mark-ups_0001: Received Markups on Wall Sections- Updated wall sections for foundations, changed TJI joists.\r\nUpdated Pent house sweeps and wall joints.\r\n2017 07 31_Plan Review 2nd Floor (002): Updated A2.11 sheet as per the markups.\r\n2017 07 31_Plan Review 2nd Floor: updated A2.1 sheet as per the markups received.\r\n2017 07 31_Plan Review:  Updated as per the markups received.\r\n', '2017-08-01', 'Approved', '2017-08-08', '2017-08-08'),
(89, '51', 12, 14, '207', 'Regular', 8.5, 'Completed addressing markups expect for the wall sections.\r\nUpdated A6.2 sheet with 2d window component. (We have updated head and sill detail in wall sections itself, did not call out the detail as mentioned in call)\r\nWe are working on A-6.3.\r\n\r\n', '2017-08-02', 'Approved', '2017-08-08', '2017-08-08'),
(90, '51', 12, 14, '207', 'Regular', 9.5, 'We have moved column detail from A5.1 to A7.1 sheet.\r\n', '2017-08-03', 'Approved', '2017-08-08', '2017-08-08'),
(91, '51', 12, 14, '207', 'Regular', 8, 'We have updated model as per the received markups and Mail instructions.\r\nWe have also updated call updates.\r\n', '2017-08-04', 'Approved', '2017-08-08', '2017-08-08'),
(92, '51', 12, 14, '207', 'Regular', 3.5, 'We have linked and adjusted the view settings to show MEP model in Magenta color  for better co-ordination.\r\n', '2017-08-07', 'Approved', '2017-08-08', '2017-08-08'),
(93, '58', 15, 23, '258', 'Regular', 8, 'Developing Building-A Floor Plans.', '2017-08-01', 'Approved', '2017-08-08', '2017-08-08'),
(94, '61', 2, 9, '206', 'Regular', 10, 'Layout Composing for Mechanical and Electrical drawings, Annotation Work etc..', '2017-08-07', 'Approved', '2017-08-08', '2017-08-08'),
(95, '61', 2, 9, '206', 'Regular', 2, 'Layout Composing for Mechanical and Electrical drawings, Annotation Work etc..', '2017-08-07', 'Approved', '2017-08-08', '2017-08-08'),
(96, '61', 2, 9, '206', 'Regular', 8.5, 'Layout Composing for Mechanical and Electrical drawings, Annotation Work etc..', '2017-08-03', 'Approved', '2017-08-08', '2017-08-30'),
(97, '61', 10, 11, '189,257', 'Regular', 8, 'Addressing Markups as per Received Pdf and Instructions, Door Schedule sheet no A-7.0', '2017-08-01', 'Approved', '2017-08-08', '2017-08-08'),
(98, '61', 10, 11, '189', 'Regular', 3.5, 'Developing Fourth floor Loggia Elevations', '2017-08-08', 'Approved', '2017-08-08', '2017-08-08'),
(99, '61', 2, 9, '206', 'Regular', 4, 'Sheet Settings As per Cad Standards..\r\nGround And First Floor plans', '2017-08-08', 'Approved', '2017-08-08', '2017-08-08'),
(100, '94', 14, 16, '214,216,218,219', 'Regular', 2.5, 'Checking mails/Archive - 0.5hr.\r\n\r\nAnalysis - MaRS - Tracey & Fox - Markups - 0.5hr.\r\n\r\nTracey & Fox - Sheet settings/Print settings - 1.0hr.\r\n\r\nTracey & Fox - QC/mail - 0.5hr', '2017-08-08', 'Approved', '2017-08-08', '2017-08-08'),
(101, '96', 13, 29, '241', 'Regular', 8.5, 'DEVELOPING PLANS AS PER PDF', '2017-08-08', 'Approved', '2017-08-08', '2017-08-08'),
(102, '44', 2, 2, '221', 'Regular', 9.5, 'Modelled parapet finishes of all blocks, all levels of YGAP building', '2017-08-08', 'Approved', '2017-08-08', '2017-08-08'),
(103, '45', 2, 9, '206,187', 'Regular', 8.5, 'Navis report generation ', '2017-08-03', 'Approved', '2017-08-09', '2017-08-09'),
(104, '45', 2, 9, '187,204,206', 'Regular', 8.5, 'Navis report generation ', '2017-08-04', 'Approved', '2017-08-09', '2017-08-09'),
(105, '45', 2, 9, '187,204,206', 'Regular', 8.5, 'First Floor, Navis report generation , ', '2017-08-07', 'Approved', '2017-08-09', '2017-08-09'),
(106, '45', 2, 9, '206,204,203', 'Regular', 8.5, 'Basement floor model setup ', '2017-08-08', 'Approved', '2017-08-09', '2017-08-09'),
(107, '80', 16, 25, '225', 'Regular', 6, '(B.L.C) Convertion on floor plan on interior layout', '2017-08-02', 'Approved', '2017-08-09', '2017-08-09'),
(108, '80', 2, 9, '188', 'Regular', 6, 'Worked on Standardising Mechanical & Electrical files', '2017-08-03', 'Approved', '2017-08-09', '2017-08-09'),
(109, '94', 20, 34, '263', 'Regular', 5.5, 'Updated Title block, Schedules & Interior elevations.', '2017-08-08', 'Approved', '2017-08-09', '2017-08-09'),
(110, '80', 2, 9, '188', 'Regular', 8, 'Worked on Standardising files on HVS, Water supply & Domestic water.', '2017-08-04', 'Approved', '2017-08-09', '2017-08-09'),
(111, '80', 2, 9, '188', 'Regular', 8.5, 'Worked on Standardising files on Heating& Ventilating, Smoke & HVS', '2017-08-07', 'Approved', '2017-08-09', '2017-08-09'),
(112, '80', 20, 34, '263', 'Regular', 6, 'Adressed markups as per received mail & instructions on title block & general sheets.', '2017-08-08', 'Approved', '2017-08-09', '2017-08-09'),
(113, '80', 19, 32, '260', 'Regular', 3, 'Worked on (B.L.C) for standardising layers & developing floor plan ', '2017-08-08', 'Approved', '2017-08-09', '2017-08-09'),
(114, '95', 13, 28, '236', 'Regular', 1, 'Developed  building out line as per received pdf ', '2017-08-08', 'Approved', '2017-08-09', '2017-08-09'),
(115, '61', 10, 11, '189', 'Regular', 6.5, 'Developing Loggia Elevations', '2017-08-09', 'Approved', '2017-08-09', '2017-08-09'),
(116, '61', 10, 12, '190', 'Regular', 1, 'Sheet Composing etc.', '2017-08-09', 'Approved', '2017-08-09', '2017-08-09'),
(117, '96', 13, 29, '241', 'Regular', 8.5, 'DEVELOPING PLAN AS PER PDF.', '2017-08-09', 'Approved', '2017-08-09', '2017-08-09'),
(118, '94', 14, 16, '214,216,218', 'Regular', 2, 'Checking mails/Archive - 0.5hr.\r\nHayashida - Dominguez - QC/mail/prints - 1.5hrs.', '2017-08-09', 'Approved', '2017-08-09', '2017-08-09'),
(119, '94', 13, 26, '226,230', 'Regular', 6, 'Section - 1.5hrs.\r\n\r\nMarkups - 4.5hrs.', '2017-08-09', 'Approved', '2017-08-09', '2017-08-09'),
(120, '94', 14, 16, '214,216,218', 'Regular', 2, 'Checking mails/Archive - 0.5hr.\r\n\r\nMaRS-Tracey & Fox - QC/Prints/mail - 1.5hrs.', '2017-08-10', 'Approved', '2017-08-10', '2017-08-10'),
(121, '94', 20, 34, '263', 'Regular', 5, 'Replacing and updating Title sheet', '2017-08-10', 'Approved', '2017-08-10', '2017-08-10'),
(122, '94', 14, 16, '217', 'Regular', 1, 'Practiced Revit', '2017-08-10', 'Approved', '2017-08-10', '2017-08-10'),
(123, '83', 2, 9, '184', 'Regular', 8.5, 'Electrical files reviewing and file setup for it', '2017-08-08', 'Approved', '2017-08-10', '2017-08-10'),
(124, '83', 2, 9, '184', 'Regular', 8.5, 'cable tray modeling for basement\r\n\r\n', '2017-08-09', 'Approved', '2017-08-10', '2017-08-10'),
(125, '83', 2, 9, '184', 'Regular', 8.5, 'lightning modeling for basement\r\n', '2017-08-10', 'Approved', '2017-08-10', '2017-08-10'),
(126, '44', 2, 2, '221', 'Regular', 11, 'Started terrace modelling of YGAP building', '2017-08-09', 'Approved', '2017-08-11', '2017-08-11'),
(127, '44', 2, 2, '221', 'Regular', 2, 'Completed terrace building of all blocks, YGAP building', '2017-08-09', 'Approved', '2017-08-11', '2017-08-11'),
(128, '44', 2, 2, '264', 'Regular', 8, 'Updated all CAD links in models. Checked and corrected Block A, first floor, YGAP building.', '2017-08-10', 'Approved', '2017-08-11', '2017-08-11'),
(129, '96', 13, 28, '236', 'Regular', 3.5, 'developnig plan as per pdf', '2017-08-10', 'Approved', '2017-08-11', '2017-08-11'),
(130, '43', 21, 35, '270', 'Regular', 3, 'Worked on Grid and floor plan', '2017-08-10', 'Approved', '2017-08-11', '2017-08-11'),
(131, '61', 21, 35, '270', 'Regular', 6, 'Developing Lobby level floor plan', '2017-08-10', 'Approved', '2017-08-11', '2017-08-11'),
(132, '43', 14, 16, '216', 'Regular', 1, 'Updating resource schedule', '2017-08-11', 'Approved', '2017-08-11', '2017-08-11'),
(133, '61', 10, 11, '257', 'Regular', 3, 'Adressing Markups As per Received Instructions and Pdf file..', '2017-08-10', 'Approved', '2017-08-11', '2017-08-11'),
(134, '43', 21, 35, '266', 'Regular', 3, 'Worked on floor plan', '2017-08-11', 'Approved', '2017-08-11', '2017-08-11'),
(135, '43', 14, 16, '218', 'Regular', 2, 'Coordination with team', '2017-08-11', 'Approved', '2017-08-11', '2017-08-11'),
(136, '43', 14, 16, '218', 'Regular', 2, 'Coordination with team', '2017-08-10', 'Approved', '2017-08-11', '2017-08-11'),
(137, '96', 21, 35, '266', 'Substitute', 5, 'developing drawing as per pdf', '2017-08-10', 'Approved', '2017-08-11', '2017-08-11'),
(138, '43', 10, 11, '257', 'Regular', 2, 'Worked on markups', '2017-08-10', 'Approved', '2017-08-11', '2017-08-11'),
(139, '43', 14, 16, '216', 'Regular', 1, 'Resource schedule', '2017-08-10', 'Approved', '2017-08-11', '2017-08-11'),
(140, '43', 14, 16, '216', 'Regular', 1, 'Resource schedule', '2017-08-09', 'Approved', '2017-08-11', '2017-08-11'),
(141, '43', 10, 11, '257', 'Regular', 4, 'Worked on Loggia elevations and markups', '2017-08-09', 'Approved', '2017-08-11', '2017-08-11'),
(142, '95', 21, 35, '268', 'Regular', 5.5, 'Working on Contour lines and room names and numbers ', '2017-08-10', 'Approved', '2017-08-11', '2017-08-11'),
(143, '43', 10, 36, '273', 'Regular', 4, 'Addressing markups', '2017-08-09', 'Approved', '2017-08-11', '2017-08-11'),
(144, '51', 13, 26, '227', 'Substitute', 4, 'Worked on Revit for modeling Roof Plan.', '2017-08-08', 'Approved', '2017-08-11', '2017-08-11'),
(145, '51', 7, 7, '179', 'Regular', 9.5, 'Updated Railings and the walls beneath them, Rcps, Updating existing and New-wall, Doors, Windows, Furniture,  also updated A2 unit as per the Instructions received.', '2017-08-10', 'Approved', '2017-08-11', '2017-08-11'),
(146, '51', 14, 16, '215', 'Regular', 0, 'Sick  Leave.', '2017-08-10', 'Approved', '2017-08-11', '2017-08-11'),
(147, '62', 18, 31, '252', 'Regular', 8.5, 'Developing the First level model ', '2017-08-09', 'Approved', '2017-08-11', '2017-08-11'),
(148, '62', 18, 31, '252', 'Regular', 8.5, 'Site contour development and site location as per plan', '2017-08-10', 'Approved', '2017-08-11', '2017-08-11'),
(149, '62', 18, 31, '252', 'Regular', 5, 'Developing and fine tuning the model', '2017-08-11', 'Approved', '2017-08-11', '2017-08-11'),
(150, '43', 14, 16, '213', 'Regular', 1.5, 'Attended PM''s meeting', '2017-08-11', 'Approved', '2017-08-11', '2017-08-11'),
(151, '43', 14, 16, '216', 'Regular', 1, 'Worked on reports (Execution plans and Project status)', '2017-08-11', 'Approved', '2017-08-11', '2017-08-11'),
(152, '78', 17, 30, '248', 'Regular', 5, 'Updated building model by adding grids and levels.', '2017-07-11', 'Approved', '2017-08-11', '2017-08-11'),
(153, '78', 17, 30, '244', 'Regular', 3.5, 'Continued developing foundation as per received sketches.', '2017-07-12', 'Approved', '2017-08-11', '2017-08-11'),
(154, '78', 17, 30, '245', 'Regular', 5, 'Continued developing lower module as per received sketches.', '2017-07-13', 'Approved', '2017-08-11', '2017-08-11'),
(155, '78', 17, 30, '245', 'Regular', 4, 'Updated building as per received feedback.', '2017-07-14', 'Approved', '2017-08-11', '2017-08-11'),
(156, '78', 17, 30, '245', 'Regular', 5.5, 'Completed developing foundation and basement model as per received sketch.', '2017-07-17', 'Approved', '2017-08-11', '2017-08-11'),
(157, '78', 17, 30, '245', 'Regular', 5, 'Completed developing Second level floor framing & Roof framing model as per received sketch.', '2017-07-18', 'Approved', '2017-08-11', '2017-08-11'),
(158, '78', 17, 30, '246', 'Regular', 5, 'Updated sheet plans and sections accordingly to match with model update.', '2017-07-19', 'Approved', '2017-08-11', '2017-08-11'),
(159, '42', 17, 30, '244', 'Regular', 5, 'Stared developing foundation and lower module as per received sketches.', '2017-07-11', 'Approved', '2017-08-11', '2017-08-11'),
(160, '42', 17, 30, '245', 'Regular', 5, 'Started working on first floor plan as per received structural plan', '2017-07-12', 'Approved', '2017-08-11', '2017-08-11'),
(161, '42', 17, 30, '245', 'Regular', 5, 'completed developing 1st floor framing and column plan', '2017-07-13', 'Approved', '2017-08-11', '2017-08-11'),
(162, '42', 17, 30, '246', 'Regular', 5, 'Started developing 2nd floor framing plan', '2017-07-14', 'Approved', '2017-08-11', '2017-08-11'),
(163, '42', 17, 30, '246', 'Regular', 8, 'Completed developing 2nd floor column and floor framing plan.', '2017-07-15', 'Approved', '2017-08-11', '2017-08-11'),
(164, '42', 17, 30, '245', 'Regular', 6, 'started developing canopy plan', '2017-07-17', 'Approved', '2017-08-11', '2017-08-11'),
(165, '42', 17, 30, '247', 'Regular', 5, 'started developing roof plan with adding skylight', '2017-07-18', 'Approved', '2017-08-11', '2017-08-11'),
(166, '42', 17, 30, '249', 'Regular', 5, 'completed developing plan by adding roof framing as per received structural plan', '2017-07-19', 'Approved', '2017-08-11', '2017-08-11'),
(167, '61', 21, 35, '266', 'Regular', 8, 'Developing Lobby level floor plan', '2017-08-11', 'Approved', '2017-08-11', '2017-08-11'),
(168, '96', 14, 16, '217', 'Regular', 3, 'DEVELOPING PLAN AS PER PDF', '2017-08-11', 'Approved', '2017-08-11', '2017-08-11'),
(169, '45', 2, 9, '204,206', 'Regular', 8.5, 'Basement model setup ', '2017-08-09', 'Approved', '2017-08-11', '2017-08-11'),
(170, '45', 2, 9, '203,204,206', 'Regular', 8.5, 'basement ', '2017-08-10', 'Approved', '2017-08-11', '2017-08-11'),
(171, '96', 14, 33, '261', 'Regular', 5.5, 'WATCHNG ILX TRAINING VEDIOS FROM (10303XX TO 20202XX).\r\nDISCUSSION WITH PROJECT MANAGER ABOUT HAYASHIDA PROJECT', '2017-08-11', 'Approved', '2017-08-11', '2017-08-11'),
(172, '45', 2, 9, '204,206', 'Regular', 8.5, 'basement ', '2017-08-11', 'Approved', '2017-08-11', '2017-08-11'),
(173, '83', 2, 9, '184', 'Regular', 8.5, 'firealaram modeling for basement\r\n', '2017-08-11', 'Approved', '2017-08-11', '2017-08-11'),
(174, '51', 7, 7, '179', 'Regular', 7, 'Worked on A6.2 Wall Section and Roof Plan.', '2017-08-11', 'Approved', '2017-08-11', '2017-08-11'),
(175, '51', 14, 16, '213,216', 'Regular', 1.5, 'Team Meeting.', '2017-08-11', 'Approved', '2017-08-11', '2017-08-11'),
(176, '44', 14, 16, '219,213,212', 'Regular', 7, 'Prepared time sheet for Ronesans.\r\nCoordinated with team for elogic interiors.\r\nTeam meeting and call with clients.\r\nResearch on Revit custom hatch patterns.\r\n', '2017-08-11', 'Approved', '2017-08-12', '2017-08-18'),
(177, '84', 2, 9, '186', 'Regular', 8.5, 'BLOCK C  IS CIMPLITED , IN THIS 3 PLACES ARE LEFT TO CONECT WITH FAMILES.\r\nBLOCK D ALMOST DONE WITH OUT PUMP ROOM.', '2017-08-12', 'Approved', '2017-08-12', '2017-08-16'),
(178, '43', 14, 16, '216', 'Regular', 1, 'Resource schedule', '2017-08-12', 'Approved', '2017-08-12', '2017-08-12'),
(179, '43', 21, 35, '268', 'Regular', 7, 'QC and update of the drawing', '2017-08-12', 'Approved', '2017-08-12', '2017-08-12'),
(180, '95', 14, 33, '261', 'Regular', 8, 'Watching ILX videos  (CD-1A), worked on BKF Floor plan', '2017-08-01', 'Approved', '2017-08-12', '2017-08-12'),
(181, '95', 14, 33, '261', 'Regular', 9, 'Watching ILX videos  (CD-2A), worked on BKF Floor plan', '2017-08-02', 'Approved', '2017-08-12', '2017-08-12'),
(182, '95', 19, 32, '260', 'Regular', 6, 'Developing Ground floor RCP plan', '2017-08-03', 'Approved', '2017-08-12', '2017-08-12'),
(183, '95', 14, 33, '261', 'Regular', 4.5, 'Watching ILX videos (CD-2B), Training on CAD standards', '2017-08-04', 'Approved', '2017-08-12', '2017-08-12'),
(184, '95', 19, 32, '260', 'Regular', 4, 'Developing floor plan and Exterior elevations', '2017-08-04', 'Approved', '2017-08-12', '2017-08-12'),
(185, '95', 19, 32, '260', 'Regular', 5, 'Developing plan and exterior elevations', '2017-08-07', 'Approved', '2017-08-12', '2017-08-12'),
(186, '95', 14, 33, '261', 'Regular', 4, 'Training on CAD standards', '2017-08-07', 'Approved', '2017-08-12', '2017-08-12'),
(187, '95', 14, 33, '261', 'Regular', 2, 'Watching ILX videos (CD-3A). Training on CAD Standards', '2017-08-08', 'Approved', '2017-08-12', '2017-08-12'),
(188, '95', 19, 32, '260', 'Regular', 5, 'Developing plan and exterior elevations', '2017-08-08', 'Approved', '2017-08-12', '2017-08-12'),
(189, '95', 14, 33, '261', 'Regular', 9, 'Training on CAD standards, Worked on BKF RCP and Floor plan Layers', '2017-08-09', 'Approved', '2017-08-12', '2017-08-12'),
(190, '95', 14, 33, '261', 'Regular', 3, 'Watching ILX videos (CD-3B), Worked on Hayashida Jackson residence elevations', '2017-08-10', 'Approved', '2017-08-12', '2017-08-12'),
(191, '95', 14, 33, '261', 'Regular', 8, 'Watching ILX videos (CD-4A), AutoCAD Class and trial project', '2017-08-11', 'Approved', '2017-08-12', '2017-08-12'),
(192, '96', 14, 33, '261', 'Regular', 8.5, 'WATCHING TRAINING ILX VEDIO FROM( 20203XX - 20205XX)\r\nTRAINING UNDER RONESANS GROUP (PRACTICE ALLPLAN SOFTWARE)', '2017-08-12', 'Approved', '2017-08-12', '2017-08-12'),
(193, '61', 21, 35, '266', 'Regular', 1, 'Wall Alignments..', '2017-08-12', 'Approved', '2017-08-12', '2017-08-12'),
(194, '61', 10, 11, '257', 'Regular', 7, 'Adressing Markups..', '2017-08-12', 'Approved', '2017-08-12', '2017-08-12'),
(195, '94', 14, 16, '216,217,218,219', 'Regular', 8, 'Checking mails/Archive - 0.5hrs\r\n\r\nAnalysis - TMA - MW Barrington - Plan - 2.0hr.\r\n\r\nCo-ordination - TMA - MW Barrington - Plan - 0.5hr.\r\n\r\nTMA - MW Barrington - Developed Plan - 5.0hrs.', '2017-08-11', 'Approved', '2017-08-12', '2017-08-12'),
(196, '94', 14, 16, '214,216', 'Regular', 1.5, 'Checking mails/Archive - 0.5hr.\r\n\r\nHayashida - Dominguez Residence - QC/Prints/Mail - 1.0hr.', '2017-08-12', 'Approved', '2017-08-12', '2017-08-12'),
(197, '94', 13, 26, '230', 'Regular', 2, 'Addressed markups', '2017-08-12', 'Approved', '2017-08-12', '2017-08-12'),
(198, '94', 14, 16, '219', 'Regular', 0.5, 'Hayashida - Dominguez Residence - Elevations', '2017-08-12', 'Approved', '2017-08-12', '2017-08-12'),
(199, '94', 13, 26, '229', 'Regular', 3, 'Elevations as per 2017, Aug 09 received.', '2017-08-12', 'Approved', '2017-08-12', '2017-08-14'),
(200, '83', 2, 9, '184', 'Regular', 8.5, 'basement electrical power modeling', '2017-08-12', 'Approved', '2017-08-12', '2017-08-12'),
(201, '45', 2, 9, '204,206', 'Regular', 8.5, 'Basement  ', '2017-08-12', 'Approved', '2017-08-14', '2017-08-14'),
(202, '45', 2, 9, '204,206', 'Regular', 8.5, 'Basement- Cable tray , Lighting & Fire Protection QC', '2017-08-14', 'Approved', '2017-08-14', '2017-08-14'),
(203, '82', 2, 9, '183', 'Regular', 8.5, 'working on Ground Floor Modelling.', '2017-08-02', 'Approved', '2017-08-14', '2017-08-14'),
(204, '82', 2, 9, '183', 'Regular', 8.5, 'working on Ground Floor Modelling.', '2017-08-03', 'Approved', '2017-08-14', '2017-08-14'),
(205, '82', 2, 9, '183', 'Regular', 8.5, 'working on First Floor Modelling revision.', '2017-08-04', 'Approved', '2017-08-14', '2017-08-14'),
(206, '82', 2, 9, '183', 'Regular', 8.5, 'working on First Floor Modelling revision.', '2017-08-07', 'Approved', '2017-08-14', '2017-08-14'),
(207, '82', 2, 9, '183', 'Regular', 8.5, 'Started reviewing of cad links for Basement.', '2017-08-08', 'Approved', '2017-08-14', '2017-08-14'),
(208, '82', 2, 9, '183', 'Regular', 8.5, 'Started Modeling for Basement.', '2017-08-10', 'Approved', '2017-08-14', '2017-08-14'),
(209, '84', 2, 9, '185', 'Regular', 8.5, 'Continuing C  block Modeling', '2017-08-14', 'Approved', '2017-08-14', '2017-08-14'),
(210, '95', 14, 33, '261', 'Regular', 8, 'Watching ILX videos (CD-4B) Hayashida Jackson residence elevations', '2017-08-12', 'Approved', '2017-08-14', '2017-08-14'),
(211, '96', 13, 28, '236', 'Regular', 3, 'developing plan as per pdf', '2017-08-14', 'Approved', '2017-08-14', '2017-08-14'),
(212, '61', 10, 11, '257,189', 'Regular', 6, 'Developing Door Details and Adressing Markups..', '2017-08-14', 'Approved', '2017-08-14', '2017-08-14'),
(213, '96', 14, 33, '261', 'Regular', 2.5, 'WATCHING TRAINING VEDIOS FROM(2026XX-20303)\r\nPRACTICE ALLPLAN SOFTWARE', '2017-08-14', 'Approved', '2017-08-14', '2017-08-14'),
(214, '96', 14, 16, '213', 'Regular', 3, 'INDEPENDENCE DAY CELEBRATIONS', '2017-08-14', 'Approved', '2017-08-14', '2017-08-14'),
(215, '94', 14, 16, '213', 'Regular', 1, 'Meeting regarding Pre-Independence day celebration', '2017-08-12', 'Approved', '2017-08-14', '2017-08-14'),
(216, '94', 14, 16, '216,219', 'Regular', 1, 'Checking mails/Archive - 0.5hr.\r\n\r\nHayashida - Jackson Residence - Elevation - Analysis - 0.5hr.', '2017-08-14', 'Approved', '2017-08-14', '2017-08-14'),
(217, '94', 13, 27, '233', 'Regular', 3, 'Rear & Side Elevations', '2017-08-14', 'Approved', '2017-08-14', '2017-08-14'),
(218, '94', 14, 16, '213', 'Regular', 4, 'Pre-Independence day celebration', '2017-08-14', 'Approved', '2017-08-14', '2017-08-14'),
(219, '96', 14, 16, '213', 'Regular', 1.5, 'independence day celebrations', '2017-08-14', 'Approved', '2017-08-16', '2017-08-16'),
(220, '84', 2, 9, '185,186', 'Regular', 8.5, 'COMPLETE MODELING TODAY\r\nFIRE FIGHTING MODELING ', '2017-08-16', 'Approved', '2017-08-16', '2017-08-16'),
(221, '95', 14, 33, '261', 'Regular', 8, 'Watching ILX videos (CD-5A), JNA-Park developing guide lines', '2017-08-14', 'Approved', '2017-08-16', '2017-08-16'),
(222, '45', 2, 9, '204,206', 'Regular', 8.5, 'Basement', '2017-08-16', 'Approved', '2017-08-16', '2017-08-16'),
(223, '88', 2, 9, '187,204,206', 'Regular', 8.5, 'worked on YGAP Ground floor MEP coordination and Quality checking the models , interacting with team for clarifications ', '2017-08-02', 'Approved', '2017-08-16', '2017-08-16'),
(224, '88', 2, 9, '204,206', 'Regular', 8.5, 'worked on YGAP Ground floor  Quality checking the models , interacting with team for clarifications , Preparing CAD Layouts for Submission ', '2017-08-03', 'Approved', '2017-08-16', '2017-08-16'),
(225, '88', 2, 9, '188,204', 'Regular', 8.5, 'worked on YGAP Ground floor Quality checking the models , interacting with team for clarifications , Preparing CAD Layouts for Submission of shop drawings', '2017-08-04', 'Approved', '2017-08-16', '2017-08-16'),
(226, '88', 2, 9, '183,206', 'Regular', 8.5, 'Worked on YGAP  Basement  floor HVAC  family''s and modelling   , interacting with team for clarifications.', '2017-08-09', 'Approved', '2017-08-16', '2017-08-16'),
(227, '88', 2, 9, '183,206', 'Regular', 8.5, 'Worked on YGAP Basement MEP coordination on corridors of Block - C , interacting with team for clarifications.', '2017-08-10', 'Approved', '2017-08-16', '2017-08-16'),
(228, '88', 2, 9, '183', 'Regular', 8.5, 'Worked on HVAC Chilled water Pipes plant area Modelling  and Created a family''s , customized on requirement  for CHWP Plant ', '2017-08-11', 'Approved', '2017-08-16', '2017-08-16'),
(229, '88', 2, 9, '183', 'Regular', 8.5, 'Worked on HVAC Chilled water Pipes plant area Modelling  and Created a family''s , customized on requirement  for CHWP Plant ', '2017-08-12', 'Approved', '2017-08-16', '2017-08-16'),
(230, '88', 2, 9, '183', 'Regular', 8.5, 'Worked on HVAC Chilled water Pipes plant area Modelling  and Created a family''s , customized on requirement  for CHWP Plant ', '2017-08-14', 'Approved', '2017-08-16', '2017-08-16'),
(231, '88', 2, 9, '185', 'Regular', 8.5, 'Worked on Domestic  water Pipes plant area Modelling  and Created a family''s , customized on requirement  Domestic water Plant ', '2017-08-15', 'Approved', '2017-08-16', '2017-08-16'),
(232, '88', 2, 9, '185', 'Regular', 8.5, 'Worked on Domestic  water Pipes plant area Modelling  and Created a family''s , customized on requirement  Domestic water Plant ', '2017-08-16', 'Approved', '2017-08-16', '2017-08-16'),
(233, '84', 2, 9, '186', 'Regular', 8.5, 'basement Modeling', '2017-08-11', 'Approved', '2017-08-16', '2017-08-16'),
(234, '51', 7, 7, '179', 'Regular', 8, 'Worked on updating Elevations as per the markups received and annotations, Building sections with annotations, Updated all templates for the phases and tone settings. Cross checked all the sheets for the phases scale and view depths.', '2017-08-16', 'Approved', '2017-08-16', '2017-08-16'),
(235, '96', 14, 33, '261', 'Regular', 1, 'WATCHING ILX VEDIOS FROM (20304XX TO 20306)', '2017-08-16', 'Approved', '2017-08-16', '2017-08-16'),
(236, '95', 14, 33, '261', 'Regular', 8, 'Watching ILX videos (CD-5B), AutoCAD trial project, and JNA -park -unit plan Developing ', '2017-08-16', 'Approved', '2017-08-16', '2017-08-16'),
(237, '82', 2, 9, '183', 'Regular', 8.5, 'working on BASEMENT Floor Modelling D Block.', '2017-08-14', 'Approved', '2017-08-16', '2017-08-22'),
(238, '82', 2, 9, '183', 'Regular', 8.5, 'working on BASEMENT Floor Modelling D Block.', '2017-08-16', 'Approved', '2017-08-16', '2017-08-22'),
(239, '83', 2, 2, '1', 'Regular', 8.5, 'earthing modeling for basement\r\n', '2017-08-16', 'Approved', '2017-08-16', '2017-08-16'),
(240, '96', 14, 16, '217', 'Regular', 7.5, 'PRACTICE ALLPLAN SOFTWARE\r\nDEVELOPING FOOTINGS, BLOCK WALL & SLABS ', '2017-08-16', 'Approved', '2017-08-16', '2017-08-16'),
(241, '61', 10, 11, '189', 'Regular', 8.5, 'Developing Door Details..', '2017-08-16', 'Approved', '2017-08-16', '2017-08-16'),
(242, '84', 2, 9, '188', 'Regular', 8.5, 'Started  FireFighting taging', '2017-08-17', 'Approved', '2017-08-17', '2017-08-17'),
(243, '43', 14, 16, '215', 'Regular', 0, 'On planned leave', '2017-08-16', 'Approved', '2017-08-17', '2017-08-17'),
(244, '43', 21, 35, '268', 'Regular', 6, 'QC and updating the project', '2017-08-14', 'Approved', '2017-08-17', '2017-08-17'),
(245, '43', 14, 16, '216', 'Regular', 1, 'Resource schedule', '2017-08-14', 'Approved', '2017-08-17', '2017-08-17'),
(246, '43', 14, 16, '214', 'Regular', 2, 'QC and updating markups for FWA Wailuku project', '2017-08-14', 'Approved', '2017-08-17', '2017-08-17'),
(247, '43', 14, 16, '216', 'Regular', 1, 'Resource schedule', '2017-08-17', 'Approved', '2017-08-17', '2017-08-17'),
(248, '43', 14, 16, '216', 'Regular', 3, 'Updating Project info and mail correspondences', '2017-08-17', 'Approved', '2017-08-17', '2017-08-17'),
(249, '43', 14, 16, '214', 'Regular', 4.5, 'QC and update of FWA Wailuku door details', '2017-08-17', 'Approved', '2017-08-17', '2017-08-17'),
(251, '51', 7, 7, '179', 'Regular', 4, 'Worked on Interior sheets and floor plans for annotations.', '2017-08-16', 'Approved', '2017-08-17', '2017-08-17'),
(252, '51', 7, 7, '179', 'Regular', 7, 'Fine tuning the model @ RCP, Floor plans, sweeps, stair sheets, Interior elevation sheets, wall joints in existing link model and addition new building model.', '2017-08-17', 'Approved', '2017-08-17', '2017-08-17'),
(253, '83', 2, 9, '184', 'Regular', 8.5, 'cable tray shop drawing\r\n', '2017-08-17', 'Approved', '2017-08-17', '2017-08-17'),
(254, '82', 2, 9, '183', 'Regular', 8.5, 'working on BASEMENT Floor Modelling D Block.', '2017-08-17', 'Approved', '2017-08-17', '2017-08-22'),
(255, '61', 10, 12, '190', 'Regular', 8, 'Worked on building D floor plan And Exterior Elevations..', '2017-08-17', 'Approved', '2017-08-17', '2017-08-17'),
(256, '84', 2, 9, '206', 'Regular', 8.5, 'STARTED COORDINATE IN C BLOCK', '2017-08-18', 'Approved', '2017-08-18', '2017-08-18'),
(257, '96', 14, 33, '261', 'Regular', 3.5, 'WATCHING ILX VEDIOS FROM (30101XX TO 30103)\r\nPRACTICE ALLPLAN SOFTWARE ', '2017-08-17', 'Approved', '2017-08-18', '2017-08-18'),
(258, '44', 14, 16, '213', 'Regular', 1.5, 'PM Meeting to discuss project status and other relevant issues.', '2017-08-11', 'Approved', '2017-08-18', '2017-08-18'),
(259, '44', 14, 16, '212,218', 'Regular', 8.5, 'Ronesans time sheet, Ronesans team lunch, Ronesans training for Javeed, Revit tutorial.', '2017-08-12', 'Approved', '2017-08-18', '2017-08-18'),
(260, '44', 14, 16, '276,277', 'Regular', 4.5, 'Team meeting with vendor for brochure. Independence day celebration.', '2017-08-14', 'Approved', '2017-08-18', '2017-08-18'),
(261, '44', 14, 33, '261', 'Regular', 2, 'Ronesans training given to Javeed ', '2017-08-14', 'Approved', '2017-08-18', '2017-08-18'),
(262, '44', 2, 2, '275', 'Regular', 2, 'Created Architectural project list for YGAP', '2017-08-14', 'Approved', '2017-08-18', '2017-08-18'),
(263, '44', 14, 16, '274,276', 'Regular', 6.5, 'Resource schedule filled and emailed. brochure meeting with Rupali, Project info filled for one client.', '2017-08-16', 'Approved', '2017-08-18', '2017-08-18'),
(264, '44', 2, 2, '275', 'Regular', 2, 'Architectural project list filled for TAPH', '2017-08-16', 'Approved', '2017-08-18', '2017-08-18'),
(265, '44', 14, 16, '274,276', 'Regular', 8.5, 'Project info for remaining clients. Team meeting with vendor for brochure.Training', '2017-08-17', 'Approved', '2017-08-18', '2017-08-18'),
(266, '94', 14, 16, '218,216', 'Regular', 1, 'Checking mails/Archive - 0.5hr.\r\n\r\nHayashida - Dominguez Residence - Mails/Prints - 0.5hr.', '2017-08-16', 'Approved', '2017-08-18', '2017-08-18'),
(267, '94', 13, 26, '230', 'Regular', 5, 'Plan/Elevations/T1', '2017-08-16', 'Approved', '2017-08-18', '2017-08-18'),
(268, '94', 13, 27, '233', 'Regular', 1, 'Elevation', '2017-08-16', 'Approved', '2017-08-18', '2017-08-18'),
(269, '94', 14, 16, '214,216,218,219', 'Regular', 2, 'Checking mails/Archive - 0.5hr.\r\n\r\nHayashida - Konishi Residence - Elevation - Analysis/QC- 1.5hrs.\r\n\r\n', '2017-08-17', 'Approved', '2017-08-18', '2017-08-18'),
(270, '94', 13, 28, '236', 'Regular', 6, 'Developed Floor plan', '2017-08-17', 'Approved', '2017-08-18', '2017-08-18'),
(271, '94', 14, 16, '219,216,214,212', 'Regular', 2, 'Checking mails/Archive - 0.5hr.\r\n\r\nHayashida - Tarshish Residence - Analysis/QC/Prints - 1.0hr.\r\n\r\nTime sheet update - 0.5hr.', '2017-08-18', 'Approved', '2017-08-18', '2017-08-18'),
(272, '96', 14, 33, '261', 'Regular', 2, 'WATCHING ILX VEDIOS FROM (30201XX TO 30204XX)\r\nDISCUSSION WITH CARPENTER FOR OUR OFFICE INTERIORS.', '2017-08-18', 'Approved', '2017-08-18', '2017-08-18'),
(273, '61', 10, 12, '190', 'Regular', 8, 'Worked on Building D, E and F Floor Plan and Exterior Elevations', '2017-08-18', 'Approved', '2017-08-18', '2017-08-18'),
(274, '96', 14, 16, '217', 'Regular', 6.5, 'DEVELOPING PPC BED , FOOTINGS ;COLUMN & PLINTH BEAMS FOR D BLOCK ; YGAP PROJECT IN ALLPLAN SOFTWARE FOR PRACTICE.', '2017-08-18', 'Approved', '2017-08-18', '2017-08-18'),
(275, '83', 2, 9, '184', 'Regular', 8.5, 'shop drawing\r\n', '2017-08-18', 'Approved', '2017-08-21', '2017-08-21'),
(276, '83', 2, 9, '183', 'Regular', 8.5, 'shop drawing', '2017-08-19', 'Approved', '2017-08-21', '2017-08-21'),
(277, '83', 2, 9, '183', 'Regular', 8.5, 'shop drawing', '2017-08-20', 'Approved', '2017-08-21', '2017-08-21'),
(278, '95', 14, 33, '261', 'Regular', 8, 'Watching ILX videos (CD-6A), AutoCAD trial project developing unit plan,working on pdf', '2017-08-17', 'Approved', '2017-08-21', '2017-08-21'),
(279, '95', 14, 33, '261', 'Regular', 8, 'Watching ILX videos  (CD-6B), developing unit plan,working on pdf', '2017-08-18', 'Approved', '2017-08-21', '2017-08-21'),
(280, '72', 7, 7, '179,180', 'Regular', 8, 'Addressing markups  DD set updates, level 1 model updates', '2017-08-10', 'Approved', '2017-08-21', '2017-08-21'),
(281, '69', 7, 7, '179', 'Regular', 8, 'Updated exterior wall as per revised revit model. \r\nUpdated interior wall joinery for Level 1, 2, 3 & 4 as per revised revit model. \r\nUpdated railing, wall opening as per revised model.', '2017-08-14', 'Approved', '2017-08-21', '2017-08-21'),
(282, '75', 7, 7, '179', 'Substitute', 10, 'case work of plumbing fixtures, exsiting model file editing\r\n', '2017-08-16', 'Approved', '2017-08-21', '2017-08-21'),
(283, '72', 7, 7, '179', 'Regular', 8, 'units cabinet markups, Updated RCP, Updated Interior elevation sheets.Updated sheets as per QC', '2017-08-11', 'Approved', '2017-08-21', '2017-08-21'),
(284, '72', 7, 7, '179', 'Regular', 8, 'addressing markups and unit A2 layout updates, ', '2017-08-12', 'Approved', '2017-08-21', '2017-08-21'),
(285, '72', 7, 7, '179', 'Regular', 6, 'renovation demolition layout qc in all 2nd 3rd and 4rth floor', '2017-08-14', 'Approved', '2017-08-21', '2017-08-21'),
(286, '72', 7, 7, '179', 'Regular', 8, 'sheet list updates, RCP editing, annotations', '2017-08-16', 'Approved', '2017-08-21', '2017-08-21'),
(287, '72', 7, 7, '179', 'Regular', 8, 'RCP editing, annotations, addresssing dd set qc comments', '2017-08-17', 'Approved', '2017-08-21', '2017-08-21'),
(288, '71', 7, 7, '179', 'Regular', 9.5, 'Updated overall RCP plan as per the revised plans for all the levels\r\nUpdated interior casework elevation as per the received markups.', '2017-08-16', 'Approved', '2017-08-21', '2017-08-21'),
(289, '73', 7, 7, '179', 'Regular', 6, 'Link files updates and sheet list updates of Elec, Mech, Plumbing, Interior and Structure, Roof Modeling\r\n', '2017-08-11', 'Approved', '2017-08-21', '2017-08-21'),
(290, '69', 7, 7, '181', 'Regular', 8, 'Updated Dimension in Level 1, 2 & 3 in Floor plan as per revised revit model.\r\nUpdated Annotation in Interior layout.\r\nUpdated railing, Window height as per received redlines.\r\nUpdated wall sweep as per revised revit model.\r\nUpdated Exterior wall alignment for Level 2 & 3 as per revised revit model.', '2017-08-16', 'Approved', '2017-08-21', '2017-08-21'),
(291, '76', 7, 7, '179', 'Substitute', 8, 'Modelled 3 kitchen units (cabinatory)', '2017-08-14', 'Approved', '2017-08-21', '2017-08-21'),
(292, '76', 7, 7, '179', 'Substitute', 8.5, 'Level 2, 3 & 4 : Wall alignments & conflicts, annotation & alignment of details on sheet ', '2017-08-16', 'Approved', '2017-08-21', '2017-08-21'),
(293, '76', 7, 7, '179', 'Substitute', 8.5, 'updated Roof plan with annotations, alignment of sheets and titles', '2017-08-17', 'Approved', '2017-08-21', '2017-08-21'),
(294, '84', 2, 9, '188', 'Regular', 8.5, 'Started D block Shop drawing', '2017-08-21', 'Approved', '2017-08-21', '2017-08-21'),
(295, '63', 7, 7, '180', 'Regular', 8.5, 'Studying the Files & Creating Exterior, Interior Wall Types\r\n', '2017-06-09', 'Approved', '2017-08-21', '2017-08-21'),
(296, '63', 7, 7, '179', 'Regular', 8.5, 'Worked on unit plans (Completed 4 out of 7 units)\r\n', '2017-06-10', 'Approved', '2017-08-21', '2017-08-21'),
(297, '63', 7, 7, '179', 'Regular', 8.5, 'Modeling independent units\r\n', '2017-06-12', 'Approved', '2017-08-21', '2017-08-21'),
(298, '63', 7, 7, '179', 'Regular', 8.5, 'Interior walls between units, balconies, wall openings\r\n', '2017-06-13', 'Approved', '2017-08-21', '2017-08-21'),
(299, '63', 7, 7, '180', 'Regular', 8.5, 'modelling the existing renovated building\r\n', '2017-06-14', 'Approved', '2017-08-21', '2017-08-21'),
(300, '63', 7, 7, '179', 'Regular', 8.5, ' Modeling Roof and fine tuning the model at each level \r\n', '2017-06-15', 'Approved', '2017-08-21', '2017-08-21'),
(301, '63', 7, 7, '179', 'Regular', 8.5, 'Stair case modellings, existing building interior modelling, Fine tuning the new building model\r\n', '2017-06-16', 'Approved', '2017-08-21', '2017-08-21'),
(302, '63', 14, 16, '215', 'Regular', 0, 'Leave\r\n', '2017-06-19', 'Approved', '2017-08-21', '2017-08-21'),
(303, '63', 7, 7, '180', 'Regular', 8.5, 'Revision 2 Updated levels and started developing staircase as per CAD\r\n', '2017-06-20', 'Approved', '2017-08-21', '2017-08-21'),
(305, '63', 7, 7, '179', 'Regular', 8.5, 'modelling roof, creating floor plans and elevation views for mock DD set,\r\n', '2017-06-21', 'Approved', '2017-08-21', '2017-08-21'),
(306, '94', 13, 48, '469', 'Regular', 1, 'Fine tuning the floor plan', '2017-08-16', 'Approved', '2017-08-21', '2017-08-21'),
(307, '94', 13, 48, '470', 'Regular', 4.5, 'Developed Site plan', '2017-08-18', 'Approved', '2017-08-21', '2017-08-21'),
(308, '94', 14, 16, '216', 'Regular', 0.5, 'Checking mails', '2017-08-21', 'Approved', '2017-08-21', '2017-08-21'),
(309, '94', 14, 33, '261', 'Regular', 4, 'Practiced Revit', '2017-08-21', 'Approved', '2017-08-21', '2017-08-21'),
(310, '63', 7, 7, '179', 'Regular', 8.5, 'Modeling updates-new wall types, levels, railing, core walls\r\n', '2017-06-23', 'Approved', '2017-08-21', '2017-08-21'),
(311, '63', 7, 7, '180', 'Regular', 8.5, 'Mock DD sheet set creation- view alignments, linking old model\r\n', '2017-06-24', 'Approved', '2017-08-21', '2017-08-21'),
(312, '54', 9, 38, '323,314', 'Regular', 2, '16 window,  roof, wall sweeps and reveal modifications, interior walls', '2017-08-01', 'Approved', '2017-08-21', '2017-08-21'),
(313, '54', 9, 52, '552', 'Regular', 3, 'Developing Ladder Family ', '2017-08-01', 'Approved', '2017-08-21', '2017-08-21'),
(314, '54', 9, 44, '428,429', 'Regular', 3.5, 'unit y Plans modification interior elevations created and furniture modification', '2017-08-01', 'Approved', '2017-08-21', '2017-08-21'),
(315, '54', 9, 10, '302', 'Regular', 6.5, 'developed cad floor plan', '2017-08-02', 'Approved', '2017-08-21', '2017-08-21'),
(316, '54', 9, 10, '302', 'Regular', 8.5, 'developed cad floor plan Sheet A2.21A, A2.22A, A2.23A, 24 A, 29A ', '2017-08-03', 'Approved', '2017-08-21', '2017-08-21'),
(317, '54', 9, 38, '323', 'Regular', 8.5, 'Coping model from level 4 and pasting in level 5,6,7 and coping model from level 8 and pasting in level 9,10,1,,1,12,13,14,15 wall tagging  In sheets A2.04 AND A2.05 AND A2.20-A2.27 ', '2017-08-04', 'Approved', '2017-08-21', '2017-08-21');
INSERT INTO `emp_record_details` (`emp_record_id`, `empId`, `client_Id`, `project_Id`, `task_Id`, `team_member_type`, `emp_time_hours`, `comments`, `emp_report_dates`, `status`, `created_at`, `updated_at`) VALUES
(318, '54', 9, 38, '323', 'Regular', 8.5, 'A2.00-A2.06: Updated Keynote as per the pdf. markup and email instructions. A2.20-A2.27: Updated dimensions and placed plan keynotes and created restroom model group as per the pdf. markup and email instructions. A3.00-A3.01: Updated elevation keynotes and placed keynotes as per the pdf. markup and email instructions. A3.07: Updated fire rated walls adding travel path and distances as per the pdf. markup and email instructions.\r\nA4.00: Updated poche area as per the pdf. markup and email instructions as per the pdf. markup and email instructions.', '2017-08-07', 'Approved', '2017-08-21', '2017-08-21'),
(319, '54', 9, 38, '323', 'Regular', 8.5, 'Updated cover sheet as per the pdf. markup and email. Added window sills as per the email instructions. A2.00  A2.06: Updated walls, storefront, doors, modeled stairs and unit plans, storefront A2.20  A2.27: Updating of ceiling.A3.00  A3.01 & A3.10- A3.12: Updating elevations as per the received pdf. Markups.', '2017-08-08', 'Approved', '2017-08-21', '2017-08-21'),
(320, '54', 9, 37, '282', 'Regular', 8.5, 'Developing sectional details', '2017-08-09', 'Approved', '2017-08-21', '2017-08-21'),
(321, '54', 9, 37, '282,291', 'Regular', 8.5, 'Developing sectional details, Modifing Stair tower roof plan', '2017-08-10', 'Approved', '2017-08-21', '2017-08-21'),
(322, '54', 9, 46, '564,452', 'Regular', 8.5, 'Adressing Markups in Sheet A0.03, A1.01, A0.01, A0.02 \r\nadding text and hiding Structural walls stair modifications ', '2017-08-11', 'Approved', '2017-08-21', '2017-08-23'),
(323, '54', 9, 39, '563,344,343', 'Regular', 8.5, 'placing plumbing fixtures, tags, modifying interior elevations and adressing markups as per the pdf', '2017-08-12', 'Approved', '2017-08-21', '2017-08-21'),
(324, '54', 9, 39, '344,563', 'Regular', 8.5, 'placing plumbing fixtures, tags, modifying interior elevations and adressing markups as per the pdf', '2017-08-14', 'Approved', '2017-08-21', '2017-08-21'),
(325, '54', 9, 39, '343,344,563', 'Regular', 8.5, 'placing plumbing fixtures, tags, modifying interior elevations and adressing markups as per the pdf aDRESSING MARKUP SHEETS FOR id 2.01, 2.02, 2.03', '2017-08-16', 'Approved', '2017-08-21', '2017-08-21'),
(326, '54', 9, 37, '285,289,565', 'Regular', 8.5, 'A2.32: Sheet renamed to A2.33 and moved the details from A4.20 as per email instructions. A4.20: Developed details for Trench drain, Bollard, HS Sign bollard, Parking garage guardrail and placed in the sh', '2017-08-17', 'Approved', '2017-08-21', '2017-08-21'),
(327, '54', 9, 37, '565,293,289', 'Regular', 8.5, 'developing details for FND DETAIL @ CMU,  \r\nACM PANEL ON CONCRETE PANEL,  GUARDRAIL TOPRAIL DEYAILS, \r\nGUARDRAIL DETAILS, GUARDRAIL BASE DETAILS, \r\nTYPICAL GLASS GUARDRAIL DETAILS, VALET ENTRY DETAILS', '2017-08-18', 'Approved', '2017-08-21', '2017-08-23'),
(328, '96', 14, 16, '217', 'Regular', 5, 'Developing plans and elevation as per pdf', '2017-08-17', 'Approved', '2017-08-21', '2017-08-21'),
(329, '43', 14, 16, '216', 'Regular', 1, 'Resource schedule', '2017-08-18', 'Approved', '2017-08-21', '2017-08-21'),
(330, '43', 14, 16, '216', 'Regular', 1, 'Resource schedule', '2017-08-21', 'Approved', '2017-08-21', '2017-08-21'),
(331, '43', 14, 16, '214', 'Regular', 3, 'QC and update of FWA files', '2017-08-18', 'Approved', '2017-08-21', '2017-08-21'),
(332, '43', 14, 16, '274', 'Regular', 5, 'Worked on presentation and Project information', '2017-08-18', 'Approved', '2017-08-21', '2017-08-21'),
(333, '43', 14, 16, '214', 'Regular', 2, 'QC and Coordination with team for FWA and Mussachio projects', '2017-08-21', 'Approved', '2017-08-21', '2017-08-21'),
(334, '43', 14, 16, '274', 'Regular', 5.5, 'Worked on Presentation and Project information', '2017-08-21', 'Approved', '2017-08-21', '2017-08-21'),
(335, '44', 14, 16, '274', 'Regular', 8.5, 'Preparation of presentation for client', '2017-08-18', 'Approved', '2017-08-21', '2017-08-21'),
(336, '44', 14, 16, '274', 'Regular', 3, 'Preparation of presentation for client', '2017-08-21', 'Approved', '2017-08-21', '2017-08-21'),
(337, '44', 14, 16, '213', 'Regular', 1, 'Meeting with Australian client', '2017-08-21', 'Approved', '2017-08-21', '2017-08-21'),
(338, '44', 14, 16, '274', 'Regular', 4.5, 'Preparation of SOW, scheduling, project study', '2017-08-21', 'Approved', '2017-08-21', '2017-08-21'),
(339, '63', 7, 7, '179', 'Regular', 8.5, 'Model QC- exterior wall joining corrections, roof elements, sweeps, railing, floor, wall openings\r\n', '2017-06-27', 'Approved', '2017-08-21', '2017-08-21'),
(340, '63', 7, 7, '179,180', 'Regular', 8.5, 'DD set updates- Key plan, lifesaftey plans, enlarged unit plans and annotations\r\n', '2017-06-28', 'Approved', '2017-08-21', '2017-08-21'),
(341, '63', 14, 16, '215', 'Regular', 8.5, 'Sick leave\r\n', '2017-08-29', 'Approved', '2017-08-21', '2017-08-21'),
(342, '63', 7, 7, '179,180', 'Regular', 8.5, 'Toilet fixtures, call out alignments,wall sections,  sheet creation of finish floor plans\r\n', '2017-06-30', 'Approved', '2017-08-21', '2017-08-21'),
(343, '63', 7, 7, '179,180', 'Regular', 8.5, 'Door tags, wall sections, stair sections, enlarged plans\r\n', '2017-07-03', 'Approved', '2017-08-21', '2017-08-21'),
(344, '63', 7, 7, '179', 'Regular', 8.5, 'Toilet fixtures, QC & model updates\r\n', '2017-07-04', 'Approved', '2017-08-21', '2017-08-21'),
(345, '96', 14, 33, '261', 'Regular', 1, 'Watching ILX training vedios from (30205xx30206xx)', '2017-08-21', 'Approved', '2017-08-21', '2017-08-21'),
(346, '63', 7, 7, '179', 'Regular', 8.5, 'Wall types legend, Window sill height corrections and shaft openings in model\r\n', '2017-07-05', 'Approved', '2017-08-21', '2017-08-21'),
(347, '63', 7, 7, '179', 'Regular', 8.5, 'Model modifications and corrections \r\n', '2017-07-06', 'Approved', '2017-08-21', '2017-08-21'),
(348, '63', 7, 7, '179', 'Regular', 8.5, 'Model revisions  developing Egress staircase \r\n', '2017-07-07', 'Approved', '2017-08-21', '2017-08-21'),
(349, '63', 7, 7, '179', 'Regular', 8.5, 'Addressing markups, level 1 staircase and modifying wall type\r\n', '2017-07-08', 'Approved', '2017-08-21', '2017-08-21'),
(350, '63', 7, 7, '179', 'Regular', 8.5, 'Addressing markups,  annotations\r\n', '2017-07-10', 'Approved', '2017-08-21', '2017-08-21'),
(351, '63', 7, 7, '179', 'Regular', 8.5, 'Model revisions  egress staircase\r\n', '2017-07-11', 'Approved', '2017-08-21', '2017-08-21'),
(352, '63', 7, 7, '180', 'Regular', 8.5, 'Model revisions  updated levels, QC\r\n', '2017-07-12', 'Approved', '2017-08-21', '2017-08-21'),
(353, '63', 7, 7, '179', 'Regular', 8.5, 'Ceiling modelling, Crown molding, floor plan model updates, all floor walls regrouping and elements adjustments\r\n\r\n', '2017-07-13', 'Approved', '2017-08-21', '2017-08-21'),
(354, '63', 7, 7, '179', 'Regular', 8.5, 'casework modelling\r\n', '2017-07-14', 'Approved', '2017-08-21', '2017-08-21'),
(355, '63', 7, 7, '179', 'Regular', 8.5, 'casework modelling\r\n', '2017-07-14', 'Approved', '2017-08-21', '2017-08-21'),
(356, '63', 7, 7, '179', 'Regular', 8.5, 'Case work model updates, roof model update\r\n', '2017-07-17', 'Approved', '2017-08-21', '2017-08-21'),
(357, '63', 7, 7, '179,180', 'Regular', 8.5, 'interior link, case work family updates, north arrow\r\n', '2017-07-18', 'Approved', '2017-08-21', '2017-08-21'),
(358, '63', 7, 7, '180', 'Regular', 8.5, 'addressing red pen markups(grill door family, shaft openings, generalnotes), model qc\r\n', '2017-07-19', 'Approved', '2017-08-21', '2017-08-21'),
(359, '63', 14, 16, '215', 'Regular', 0, 'leave\r\n', '2017-07-20', 'Approved', '2017-08-21', '2017-08-21'),
(360, '63', 7, 7, '179', 'Regular', 8.5, 'staircase, new tags\r\n', '2017-07-21', 'Approved', '2017-08-21', '2017-08-21'),
(361, '63', 7, 7, '179', 'Regular', 8.5, 'red pen markups-  Accesibility sheets, staircase railing\r\n', '2017-08-22', 'Approved', '2017-08-21', '2017-08-21'),
(362, '63', 7, 7, '180,179', 'Regular', 4, 'red pen markups- sheet set comments, Mech shafts and ducting, Doors to 90 deg swing, \r\n', '2017-07-24', 'Approved', '2017-08-21', '2017-08-21'),
(363, '63', 7, 7, '179', 'Regular', 4, 'red pen markups- sheet set comments\r\n', '2017-07-25', 'Approved', '2017-08-21', '2017-08-21'),
(364, '63', 7, 7, '180,179', 'Regular', 4, 'cross verification of all links origin to origin, kitchen furniture other units\r\n', '2017-07-26', 'Approved', '2017-08-21', '2017-08-21'),
(365, '63', 7, 7, '180', 'Regular', 2, 'qc of redpen markups only given till 22 Jul\r\n', '2017-07-27', 'Approved', '2017-08-21', '2017-08-21'),
(366, '63', 7, 7, '179,180', 'Regular', 6, 'Ceiling plan, windows- elevations\r\n', '2017-07-28', 'Approved', '2017-08-21', '2017-08-21'),
(367, '63', 7, 7, '180', 'Regular', 1, 'qc of all redpen recieved till now and model corrections\r\n', '2017-07-29', 'Approved', '2017-08-21', '2017-08-21'),
(368, '63', 7, 7, '179', 'Regular', 8, 'Model updates - Staircase, mech grill doors revit links, exterior windows\r\n', '2017-07-31', 'Approved', '2017-08-21', '2017-08-21'),
(369, '63', 7, 7, '180', 'Regular', 8, 'Model updates  Corridor RCP and DD set updates\r\n', '2017-08-01', 'Approved', '2017-08-21', '2017-08-21'),
(370, '63', 7, 7, '179,180', 'Regular', 8, 'Model updates  Casework and created  sheets \r\n', '2017-08-02', 'Approved', '2017-08-21', '2017-08-21'),
(371, '63', 7, 7, '179', 'Regular', 8.5, 'Model updates  Indicated Demolition and Proposed additions in existing building\r\n', '2017-08-03', 'Approved', '2017-08-21', '2017-08-21'),
(372, '63', 7, 7, '179', 'Regular', 8.5, 'Model updates  Casework as per given detail layout- merillat furniture\r\n', '2017-08-04', 'Approved', '2017-08-21', '2017-08-21'),
(373, '63', 14, 16, '215', 'Regular', 0, 'leave', '2017-08-07', 'Approved', '2017-08-21', '2017-08-21'),
(374, '63', 7, 7, '179,180', 'Regular', 8.5, 'Model updates  Casework as per given detail layout- merillat furniture\r\n', '2017-08-08', 'Approved', '2017-08-21', '2017-08-21'),
(375, '63', 7, 7, '179,180', 'Regular', 8.5, 'Model updates for existing building  Renovation and Demolition\r\n', '2017-08-09', 'Approved', '2017-08-21', '2017-08-21'),
(376, '63', 7, 7, '179,180', 'Regular', 8.5, 'Model updates for existing building  Renovation and Demolition\r\n', '2017-08-10', 'Approved', '2017-08-21', '2017-08-21'),
(377, '63', 7, 7, '179,180', 'Regular', 8.5, 'stair detail and model co-ordination\r\n', '2017-08-11', 'Approved', '2017-08-21', '2017-08-21'),
(378, '63', 7, 7, '179,180', 'Regular', 8.5, 'co-ordination on all received files, model qc and dd set qc\r\n', '2017-08-12', 'Approved', '2017-08-21', '2017-08-21'),
(379, '63', 7, 7, '179,180', 'Regular', 8.5, 'co-ordination on all received files and model qc\r\n', '2017-08-14', 'Approved', '2017-08-21', '2017-08-21'),
(380, '63', 7, 7, '179,180', 'Regular', 8.5, 'exterior walls and balcony re positioning, qc of dd set\r\n', '2017-08-16', 'Approved', '2017-08-21', '2017-08-21'),
(381, '63', 7, 7, '180', 'Regular', 8.5, 'model corrections and dd set qc.\r\n', '2017-08-17', 'Approved', '2017-08-21', '2017-08-21'),
(382, '63', 14, 16, '213', 'Regular', 8.5, 'making presentation for 3d, tecta and AUS clientile', '2017-08-21', 'Approved', '2017-08-21', '2017-08-21'),
(383, '63', 14, 16, '213', 'Regular', 8.5, 'Making presentations and summarising SFCStasks for self records', '2017-08-18', 'Approved', '2017-08-21', '2017-08-21'),
(384, '96', 14, 16, '217', 'Regular', 7.5, 'Prctice ALLPLAN software .\r\nDeveloping D BLOCK YGAP Project.', '2017-08-21', 'Approved', '2017-08-21', '2017-08-21'),
(385, '61', 10, 12, '190', 'Regular', 7.5, 'Developing Building F - floor plan & Exterior Elevations...', '2017-08-21', 'Approved', '2017-08-21', '2017-08-21'),
(386, '61', 10, 12, '190', 'Regular', 1, 'Adressing markups As per Received Instractions and Pdf..', '2017-08-21', 'Approved', '2017-08-21', '2017-08-21'),
(387, '95', 14, 33, '261', 'Regular', 8, 'Watching ILX videos  (CD-6C), developing season room plans,', '2017-08-21', 'Approved', '2017-08-21', '2017-08-21'),
(388, '84', 2, 9, '188', 'Regular', 8.5, 'SHOP DRAWINGS & PLACING HANGERS .', '2017-08-22', 'Approved', '2017-08-22', '2017-08-22'),
(389, '61', 10, 12, '190', 'Regular', 8.5, 'Developing  Building G-floor Plan & Exterior Elevations', '2017-08-22', 'Approved', '2017-08-22', '2017-08-22'),
(390, '82', 2, 9, '183', 'Regular', 8.5, 'working on BASEMENT Floor Modelling D Block.', '2017-08-18', 'Approved', '2017-08-22', '2017-09-07'),
(391, '82', 2, 9, '183', 'Regular', 8.5, 'working on BASEMENT Floor TAGING', '2017-08-21', 'Approved', '2017-08-22', '2017-08-22'),
(392, '82', 2, 9, '183', 'Regular', 8.5, 'Completed on BASEMENT Floor  D - Block TAGING', '2017-08-22', 'Approved', '2017-08-22', '2017-08-22'),
(393, '95', 14, 33, '261', 'Regular', 8, 'Watching ILX videos  (CD-7A), working on Ronesans electrical drawing', '2017-08-22', 'Approved', '2017-08-23', '2017-08-23'),
(394, '63', 7, 7, '180', 'Regular', 7.5, 'presentation graphic corrections of DD set, \r\nanalyzing crown mould existence in the model.\r\n', '2017-08-22', 'Approved', '2017-08-23', '2017-08-23'),
(395, '54', 14, 16, '274', 'Regular', 2, 'Preparation of Project Staus and Gotomeeting ', '2017-08-21', 'Approved', '2017-08-23', '2017-08-23'),
(396, '54', 14, 16, '274', 'Regular', 6, 'Updating MAA project lists in Time sheet ', '2017-08-21', 'Approved', '2017-08-23', '2017-08-23'),
(397, '54', 9, 39, '853', 'Regular', 3, 'Developing Schedule for plumbing fixtures as per the markups ', '2017-08-22', 'Approved', '2017-08-23', '2017-08-23'),
(398, '54', 9, 67, '851,844,842', 'Regular', 7.5, 'modifing floor plan, developing callouts and placed in the sheets and adressed markups as per the pdf markups ', '2017-08-22', 'Approved', '2017-08-23', '2017-08-23'),
(399, '54', 14, 16, '274,218,216', 'Regular', 2.5, 'updating time sheet projects list,  \r\nemail corresponding to client ', '2017-08-23', 'Approved', '2017-08-23', '2017-08-23'),
(400, '54', 9, 39, '853', 'Regular', 2, 'Developing bathtub shower pan section ', '2017-08-23', 'Approved', '2017-08-23', '2017-08-23'),
(401, '84', 2, 9, '188', 'Regular', 8.5, 'PLACING C BLOCK HANGERS ', '2017-08-23', 'Approved', '2017-08-23', '2017-08-23'),
(402, '44', 14, 16, '218,274', 'Regular', 2, 'Created execution plan, meeting with EDG team. Project study', '2017-08-22', 'Approved', '2017-08-23', '2017-08-23'),
(403, '44', 1, 72, '864', 'Regular', 7, 'Studied the project. Created a Revit template file. Linked the CAD plan , created exterior wall types. Modelled exterior walls and roof.', '2017-08-22', 'Approved', '2017-08-23', '2017-08-23'),
(404, '62', 18, 31, '252', 'Regular', 8, 'We have worked on the modeling wall assemblies as per the recieved CAD Files  and incorporated and updated the same in the model', '2017-08-12', 'Approved', '2017-08-23', '2017-08-23'),
(405, '62', 18, 31, '252', 'Regular', 8, 'We have updated the complete model as per the wall assemblies.', '2017-08-14', 'Approved', '2017-08-23', '2017-08-23'),
(406, '63', 18, 31, '253', 'Regular', 8.5, 'over all understanding of scope of work,\r\nmodel editing at balconies\r\ntown planning set 9 sheet creation\r\n\r\n', '2017-08-23', 'Approved', '2017-08-23', '2017-08-23'),
(407, '43', 14, 16, '216', 'Regular', 1, 'Resource schedule', '2017-08-22', 'Approved', '2017-08-24', '2017-08-24'),
(408, '43', 14, 16, '216', 'Regular', 1, 'Resource schedule', '2017-08-23', 'Approved', '2017-08-24', '2017-08-24'),
(409, '95', 14, 33, '261', 'Regular', 8, ' Traing on Ronesans project  (domestic and hot water drawing)', '2017-08-23', 'Approved', '2017-08-24', '2017-08-24'),
(410, '43', 14, 16, '216', 'Regular', 1, 'Resource schedule', '2017-08-24', 'Approved', '2017-08-24', '2017-08-24'),
(411, '43', 14, 16, '274', 'Regular', 4, 'Filling up Project information', '2017-08-22', 'Approved', '2017-08-24', '2017-08-24'),
(412, '43', 14, 16, '214', 'Regular', 2, 'QC and update of FWA  project', '2017-08-22', 'Approved', '2017-08-24', '2017-08-24'),
(413, '43', 14, 16, '274', 'Regular', 1.5, 'Worked on presentation', '2017-08-22', 'Approved', '2017-08-24', '2017-08-24'),
(414, '43', 21, 35, '266', 'Regular', 8, 'Updated floor plan per the received dimensions', '2017-08-23', 'Approved', '2017-08-24', '2017-08-24'),
(415, '43', 14, 16, '274', 'Regular', 2, 'Worked on presentation', '2017-08-23', 'Approved', '2017-08-24', '2017-08-24'),
(416, '96', 14, 33, '261', 'Regular', 1, 'Watching ILX vedios', '2017-08-22', 'Approved', '2017-08-24', '2017-08-24'),
(417, '96', 2, 9, '186', 'Regular', 7.5, 'developing fire fitting & lighting 2d drawings', '2017-08-22', 'Approved', '2017-08-24', '2017-08-24'),
(418, '96', 2, 9, '186', 'Regular', 8.5, 'developing fire fitting and lighting 2d drawings', '2017-08-23', 'Approved', '2017-08-24', '2017-08-24'),
(419, '43', 14, 16, '274', 'Regular', 3, 'Presentation', '2017-08-24', 'Approved', '2017-08-24', '2017-08-24'),
(420, '43', 14, 16, '274', 'Regular', 1, 'Preparing Execution plans and invoices', '2017-08-24', 'Approved', '2017-08-24', '2017-08-24'),
(421, '43', 14, 16, '214', 'Regular', 1.5, 'QC and update of FWA project', '2017-08-24', 'Approved', '2017-08-24', '2017-08-24'),
(422, '84', 2, 9, '188', 'Regular', 8.5, 'Fire And Plumbing Hangers placing N Shop drawing ', '2017-08-24', 'Approved', '2017-08-26', '2017-08-26'),
(423, '84', 2, 9, '188', 'Regular', 8.5, 'Domestic Water n Fire Shop drawing', '2017-08-26', 'Approved', '2017-08-26', '2017-08-26'),
(424, '43', 14, 16, '216', 'Regular', 1, 'Resource schedule', '2017-08-26', 'Approved', '2017-08-26', '2017-08-26'),
(425, '43', 14, 16, '216', 'Regular', 1, 'Correspondence for Mussachio client', '2017-08-26', 'Approved', '2017-08-26', '2017-08-26'),
(426, '43', 14, 16, '274', 'Regular', 2.5, 'Updating Project information', '2017-08-26', 'Approved', '2017-08-26', '2017-08-26'),
(427, '61', 2, 9, '892', 'Regular', 8, 'Preparing Cad set up for HVAC -Drawing File..', '2017-08-23', 'Approved', '2017-08-26', '2017-08-30'),
(428, '61', 2, 9, '892', 'Regular', 8, 'Preparing Cad set up for HVAC -Drawing File..\r\n', '2017-08-24', 'Approved', '2017-08-26', '2017-08-29'),
(429, '61', 2, 9, '892', 'Regular', 8.5, 'Preparing Cad set up for HVAC -Drawing File..\r\n', '2017-08-26', 'Approved', '2017-08-26', '2017-08-29'),
(430, '80', 20, 34, '263', 'Regular', 8, 'adressed markups on received instructions on sheet files & base files for 16 sheets.', '2017-08-26', 'Approved', '2017-08-26', '2017-08-28'),
(431, '95', 14, 33, '261', 'Regular', 8, ' working on Ronesans Waste & Rain Water Systems drawings\r\n', '2017-08-24', 'Approved', '2017-08-28', '2017-08-28'),
(432, '95', 14, 33, '261', 'Regular', 8.5, ' working on Ronesans heating & cooling plan drawings\r\n', '2017-08-26', 'Approved', '2017-08-28', '2017-08-28'),
(433, '84', 2, 9, '188', 'Regular', 8.5, 'Plant Area', '2017-08-28', 'Approved', '2017-08-28', '2017-08-28'),
(434, '83', 2, 9, '188', 'Regular', 8.5, 'shop drawings', '2017-08-21', 'Approved', '2017-08-28', '2017-08-28'),
(435, '83', 2, 9, '188', 'Regular', 8.5, 'shop drawings', '2017-08-22', 'Approved', '2017-08-28', '2017-08-28'),
(436, '83', 2, 9, '188', 'Regular', 8.5, 'shop drawings', '2017-08-23', 'Approved', '2017-08-28', '2017-08-28'),
(437, '83', 2, 9, '188', 'Regular', 8.5, 'shop drawings', '2017-08-24', 'Approved', '2017-08-28', '2017-08-28'),
(438, '83', 2, 9, '188', 'Regular', 8.5, 'shop drawings', '2017-08-25', 'Approved', '2017-08-28', '2017-08-28'),
(439, '83', 2, 9, '188', 'Regular', 8.5, 'shop drawings', '2017-08-26', 'Approved', '2017-08-28', '2017-08-28'),
(440, '83', 2, 9, '188', 'Regular', 8.5, 'shop drawings', '2017-08-27', 'Approved', '2017-08-28', '2017-08-28'),
(441, '83', 2, 9, '188', 'Regular', 8.5, 'shop drawings', '2017-08-28', 'Approved', '2017-08-28', '2017-08-28'),
(442, '95', 14, 33, '261', 'Regular', 8, 'Watching ILX videos  (CD-7B  (3 no.s), icon planning and elevations developing', '2017-08-28', 'Approved', '2017-08-28', '2017-08-28'),
(443, '63', 18, 31, '252', 'Regular', 8.5, 'Modelling exterior garden zone', '2017-08-24', 'Approved', '2017-08-28', '2017-08-28'),
(444, '63', 18, 31, '252', 'Regular', 8.5, 'Creating town planning sheet set.\r\nRelated view and sheet composition\r\n', '2017-08-25', 'Approved', '2017-08-28', '2017-08-28'),
(445, '101', 18, 31, '252', 'Regular', 10.5, 'placing the windows, materials, adjust the roof', '2017-08-28', 'Approved', '2017-08-28', '2017-08-29'),
(446, '63', 7, 7, '181', 'Regular', 8.5, 'Unit A2 revion of shaft area and other red line mark ups, linking updated mech model,wall sections and building sections editing, ', '2017-08-26', 'Approved', '2017-08-28', '2017-08-31'),
(447, '101', 18, 31, '252', 'Regular', 9, 'creating family of front fence and placing, materials. planters, model front wall & model front elevation ', '2017-08-26', 'Approved', '2017-08-28', '2017-08-29'),
(448, '63', 7, 7, '181,179', 'Regular', 8.5, 'Red pen markups, filled regions in enlarged plans, A2 wall changes, furniture modification, door tags , \r\nInterior Door tags, additional Unit D - option B, ceiling plan corriodor editing, ', '2017-08-28', 'Approved', '2017-08-28', '2017-08-31'),
(449, '45', 2, 9, '187,203,204,206', 'Regular', 8.5, 'Basement Floor', '2017-08-21', 'Approved', '2017-08-28', '2017-08-28'),
(450, '45', 2, 9, '187,204,206', 'Regular', 8.5, 'Basement Floor', '2017-08-22', 'Approved', '2017-08-28', '2017-08-28'),
(451, '45', 2, 9, '204,206', 'Regular', 8.5, 'Basement Floor', '2017-08-23', 'Approved', '2017-08-28', '2017-08-28'),
(452, '45', 2, 9, '204,206', 'Regular', 8.5, 'Basement Floor', '2017-08-24', 'Approved', '2017-08-28', '2017-08-28'),
(453, '45', 2, 9, '206,204,188', 'Regular', 8.5, 'Basement Floor', '2017-08-26', 'Approved', '2017-08-28', '2017-08-28'),
(454, '45', 2, 9, '188,204,206', 'Regular', 8.5, 'Basement Floor', '2017-08-28', 'Approved', '2017-08-28', '2017-08-28'),
(455, '96', 2, 9, '186', 'Regular', 8.5, 'DEVELOPING FIRE FIGHTING 2D DRAWING AS PER REVIT EXPORT.', '2017-08-24', 'Approved', '2017-08-29', '2017-08-29'),
(456, '96', 2, 9, '185', 'Regular', 9, 'DEVELOPING SANITARY & DOMESTIC WATER SERVICES 2D DRAWING AS PER REVIT EXPORT .', '2017-08-26', 'Approved', '2017-08-29', '2017-08-29'),
(457, '96', 2, 9, '185', 'Regular', 9, 'DEVELOPING WASTE WATER 2D DRAWINGS AS PER REVIT EXPORT', '2017-08-28', 'Approved', '2017-08-29', '2017-08-29'),
(458, '51', 6, 68, '852', 'Regular', 9.5, 'cross checking and Fine tuning revit model and sheets. ', '2017-08-28', 'Approved', '2017-08-29', '2017-08-29'),
(459, '51', 6, 68, '852', 'Regular', 9, 'Adding elevation elements, toilet  details and missing text.', '2017-08-26', 'Approved', '2017-08-29', '2017-08-29'),
(460, '62', 18, 31, '252', 'Regular', 9, 'Modeling First level floor plan as per the information provided.', '2017-08-16', 'Approved', '2017-08-29', '2017-08-29'),
(461, '62', 18, 31, '252', 'Regular', 9, 'Modeling the exterior hard landscape ', '2017-08-17', 'Approved', '2017-08-29', '2017-08-29'),
(462, '62', 18, 31, '252', 'Regular', 9, 'As per the wall assemblies we have updated the wall types and finishes.', '2017-08-18', 'Approved', '2017-08-29', '2017-08-29'),
(463, '62', 18, 31, '252', 'Regular', 9, 'Modeling the roof layout', '2017-08-21', 'Approved', '2017-08-29', '2017-08-29'),
(464, '62', 18, 31, '252', 'Regular', 9, 'modelling the roof with the exterior cladding treatment', '2017-08-22', 'Approved', '2017-08-29', '2017-08-29'),
(465, '62', 18, 31, '252', 'Regular', 9, 'Modeling and applying the material finishes to the exterior facade as per the finish schedule.', '2017-08-23', 'Approved', '2017-08-29', '2017-08-29'),
(466, '62', 18, 31, '252', 'Regular', 11, 'Fine tuning the modelled exterior elevation and uploaded the progress model.', '2017-08-24', 'Approved', '2017-08-29', '2017-08-29'),
(467, '62', 18, 31, '252', 'Regular', 9, 'Modelling the exterior facade as per the sketchup file.', '2017-08-26', 'Approved', '2017-08-29', '2017-08-29'),
(468, '62', 18, 31, '252,255', 'Regular', 9, 'Fine tuning the model and addressing the recieved markups ', '2017-08-28', 'Approved', '2017-08-29', '2017-08-29'),
(469, '99', 1, 73, '919', 'Regular', 4, 'Project study  ', '2017-08-23', 'Approved', '2017-08-29', '2017-08-29'),
(470, '51', 6, 68, '852', 'Regular', 9, 'Modelling interior casements and setting up A3 sheet set received from client.', '2017-08-24', 'Approved', '2017-08-29', '2017-08-29'),
(471, '99', 1, 73, '880', 'Regular', 8, 'Wall creation ', '2017-08-24', 'Approved', '2017-08-29', '2017-08-29'),
(472, '99', 1, 73, '880', 'Regular', 8, 'Opening update  store front ( Door & window ) and Roof  create', '2017-08-26', 'Approved', '2017-08-29', '2017-08-29'),
(473, '99', 1, 73, '885', 'Regular', 8, 'Wall  create and modify as per received mail from client  wall section sketches', '2017-08-28', 'Approved', '2017-08-29', '2017-08-29'),
(475, '65', 14, 33, '261', 'Regular', 8, 'High resolution renders\r\n', '2017-08-01', 'Approved', '2017-08-29', '2017-08-29'),
(476, '65', 14, 16, '220', 'Regular', 3, 'Time Estimation and Downloaded reference images for interiors\r\n', '2017-08-02', 'Approved', '2017-08-29', '2017-08-29'),
(477, '84', 2, 9, '188', 'Regular', 8.5, 'Continuing  With Same.... ', '2017-08-29', 'Approved', '2017-08-29', '2017-08-29'),
(478, '65', 14, 33, '261', 'Regular', 1.5, 'High resolution renders\r\n', '2017-08-02', 'Approved', '2017-08-29', '2017-08-29'),
(479, '65', 14, 33, '261', 'Regular', 8.5, 'High resolution renders\r\n', '2017-08-03', 'Approved', '2017-08-29', '2017-08-29'),
(480, '65', 14, 33, '261', 'Regular', 8, 'High resolution renders\r\n', '2017-08-04', 'Approved', '2017-08-29', '2017-08-29'),
(481, '65', 14, 33, '261', 'Regular', 5, 'High resolution renders\r\n', '2017-08-07', 'Approved', '2017-08-29', '2017-08-29'),
(482, '65', 14, 33, '261', 'Regular', 8.5, 'High resolution renders\r\n', '2017-08-08', 'Approved', '2017-08-29', '2017-08-29'),
(483, '65', 14, 33, '261', 'Regular', 8.5, 'High resolution renders\r\n', '2017-08-09', 'Approved', '2017-08-29', '2017-08-29'),
(484, '65', 14, 33, '261', 'Regular', 8.5, 'High resolution renders\r\n', '2017-08-10', 'Approved', '2017-08-29', '2017-08-29'),
(485, '65', 14, 33, '261', 'Regular', 8.5, 'High resolution renders\r\n', '2017-08-11', 'Approved', '2017-08-29', '2017-08-29'),
(486, '65', 14, 16, '215', 'Regular', 0, 'Leave', '2017-08-12', 'Approved', '2017-08-29', '2017-08-29'),
(487, '65', 14, 16, '213', 'Regular', 8.5, 'prasentation to rupali for quality renders\r\n', '2017-08-14', 'Approved', '2017-08-29', '2017-08-29'),
(488, '65', 14, 16, '215', 'Regular', 0, 'Leave', '2017-08-16', 'Approved', '2017-08-29', '2017-08-29'),
(489, '65', 14, 16, '213', 'Regular', 8.5, 'prasentation preparation for rakesh\r\n', '2017-08-18', 'Approved', '2017-08-29', '2017-08-29'),
(490, '51', 6, 68, '852', 'Regular', 11, 'Modelling exterior walls as per the dimensions received and adding the legends, Drafting views.', '2017-08-23', 'Approved', '2017-08-29', '2017-08-29'),
(491, '51', 6, 68, '852', 'Regular', 9, 'Modelling and annotation.', '2017-08-22', 'Approved', '2017-08-29', '2017-08-29'),
(492, '51', 6, 68, '852', 'Regular', 11, 'Modelled interior and exterior walls.', '2017-08-21', 'Approved', '2017-08-29', '2017-08-29'),
(493, '51', 6, 68, '852', 'Regular', 11, 'Modelled interior and exterior walls.', '2017-08-21', 'Approved', '2017-08-29', '2017-08-29'),
(494, '51', 6, 68, '852', 'Regular', 9.5, 'Modelled interior and exterior walls.', '2017-08-18', 'Approved', '2017-08-29', '2017-08-29'),
(495, '68', 22, 69, '893', 'Regular', 6, 'completed working on "SCL_NB 1 ZD" series drawings as per the received sample set. \r\nas per your instructions', '2017-08-11', 'Approved', '2017-08-29', '2017-09-12'),
(496, '68', 22, 70, '895', 'Regular', 6, 'completed working on "SCL_NB 2 ZD" series drawings as per the received sample set. \r\nas per your instructions ', '2017-08-21', 'Approved', '2017-08-29', '2017-09-12'),
(497, '68', 22, 71, '897', 'Regular', 5, 'completed working on "SCL_NB 3 ZD" series drawings as per the received sample set. \r\nas per your instructions', '2017-08-22', 'Approved', '2017-08-29', '2017-09-12'),
(498, '68', 22, 75, '899', 'Regular', 4, 'completed working on "SCL_NB 4 ZD" series drawings as per the received sample set. \r\nas per your instructions', '2017-08-26', 'Approved', '2017-08-29', '2017-09-12'),
(499, '68', 22, 76, '901', 'Regular', 4, 'completed working on "SCL_NB 5 ZD" series drawings as per the received sample set. \r\nas per your instructions', '2017-08-26', 'Approved', '2017-08-29', '2017-09-12'),
(500, '68', 22, 77, '903', 'Regular', 2.5, 'completed working on "SCL_NB 6 ZD" series drawings as per the received sample set. \r\nas per your instructions', '2017-08-28', 'Approved', '2017-08-29', '2017-09-12'),
(501, '68', 22, 78, '905', 'Regular', 2.5, 'completed working on "SCL_NB 7 ZD" series drawings as per the received sample set. \r\nas per your instructions', '2017-08-28', 'Approved', '2017-08-29', '2017-09-12'),
(502, '68', 22, 79, '907', 'Regular', 2.5, 'completed working on "SCL_NB 8 ZD" series drawings as per the received sample set. \r\nas per your instructions', '2017-08-28', 'Approved', '2017-08-29', '2017-09-12'),
(503, '68', 22, 80, '909', 'Regular', 2.5, 'completed working on "SCL_NB 9 ZD" series drawings as per the received sample set. \r\nas per your instructions', '2017-08-29', 'Approved', '2017-08-29', '2017-09-12'),
(504, '68', 22, 81, '911', 'Regular', 2.5, 'completed working on "SCL_NB 12 ZD" series drawings as per the received sample set. \r\nas per your instructions', '2017-08-29', 'Approved', '2017-08-29', '2017-09-12'),
(505, '68', 22, 82, '913', 'Regular', 2.5, 'completed working on "SCL_NB 13 ZD" series drawings as per the received sample set. \r\nas per your instructions', '2017-08-29', 'Approved', '2017-08-29', '2017-09-12'),
(506, '88', 2, 9, '187', 'Regular', 8.5, 'Basement  floor MEP Coordination all Services . ', '2017-08-17', 'Approved', '2017-08-29', '2017-08-29'),
(507, '61', 2, 9, '892', 'Regular', 8.5, 'Preparing Cad set up Drawings..!!!!\r\nHVAC -Drawings', '2017-08-27', 'Approved', '2017-08-29', '2017-08-29'),
(508, '88', 2, 9, '187', 'Regular', 8.5, 'Basement floor MEP Coordination all Services . ', '2017-08-18', 'Approved', '2017-08-29', '2017-08-29'),
(509, '88', 2, 9, '187', 'Regular', 8.5, 'Basement floor MEP Coordination all Services . ', '2017-08-19', 'Approved', '2017-08-29', '2017-08-29'),
(510, '88', 2, 9, '187', 'Regular', 8.5, 'Basement floor MEP Coordination all Services . ', '2017-08-20', 'Approved', '2017-08-29', '2017-08-29'),
(511, '61', 2, 9, '892', 'Regular', 10, 'Heating & Cooling Systems', '2017-08-28', 'Approved', '2017-08-29', '2017-08-29'),
(512, '88', 2, 9, '187', 'Regular', 8.5, 'Basement floor MEP Coordination all Services . ', '2017-08-21', 'Approved', '2017-08-29', '2017-08-29'),
(513, '88', 2, 9, '187', 'Regular', 8.5, 'Basement floor MEP Coordination all Services . ', '2017-08-22', 'Approved', '2017-08-29', '2017-08-29'),
(515, '61', 2, 9, '892', 'Regular', 8.5, 'Heating & Cooling Systems', '2017-08-29', 'Approved', '2017-08-29', '2017-08-29'),
(516, '88', 2, 9, '187', 'Regular', 8.5, 'Basement floor MEP Coordination all Services . ', '2017-08-23', 'Approved', '2017-08-29', '2017-08-29'),
(517, '88', 2, 9, '187', 'Regular', 8.5, 'Basement floor MEP Coordination all Services . ', '2017-08-24', 'Approved', '2017-08-29', '2017-08-29'),
(518, '88', 2, 9, '187', 'Regular', 8.5, 'Basement floor MEP Coordination all Services . ', '2017-08-25', 'Approved', '2017-08-29', '2017-08-29'),
(519, '88', 2, 9, '187', 'Regular', 8.5, 'Basement floor MEP Coordination all Services . ', '2017-08-26', 'Approved', '2017-08-29', '2017-08-29'),
(520, '88', 2, 9, '187', 'Regular', 8.5, 'Basement floor MEP Coordination all Services . ', '2017-08-27', 'Approved', '2017-08-29', '2017-08-29'),
(521, '88', 2, 9, '187', 'Regular', 8.5, 'Basement floor MEP Coordination all Services . ', '2017-08-28', 'Approved', '2017-08-29', '2017-08-29'),
(522, '88', 2, 9, '187', 'Regular', 8.5, 'Basement floor MEP Coordination all Services . ', '2017-08-29', 'Approved', '2017-08-29', '2017-08-29'),
(523, '83', 2, 9, '188', 'Regular', 8.5, 'shop drawings', '2017-08-29', 'Approved', '2017-08-29', '2017-08-29'),
(524, '85', 2, 9, '183', 'Regular', 8.5, 'Ground floor co-ordination', '2017-08-02', 'Approved', '2017-08-29', '2017-08-29'),
(525, '85', 2, 9, '183', 'Regular', 8.5, 'Ground floor co-ordination', '2017-08-03', 'Approved', '2017-08-29', '2017-08-29'),
(526, '86', 2, 9, '185', 'Regular', 8.5, '\r\nworked on shop drawing  for plumbing service', '2017-08-02', 'Approved', '2017-08-29', '2017-08-29'),
(527, '85', 2, 9, '183', 'Regular', 8.5, 'Shop drawing', '2017-08-04', 'Approved', '2017-08-29', '2017-08-29'),
(530, '86', 2, 9, '188', 'Regular', 8.5, 'Worked on shop Drawing creation for ground floor Domestic water supply', '2017-08-03', 'Approved', '2017-08-29', '2017-08-29'),
(531, '85', 2, 9, '183', 'Regular', 8.5, 'Basement Block-C HVAC Modelling', '2017-08-08', 'Approved', '2017-08-29', '2017-08-29'),
(532, '86', 2, 9, '188', 'Regular', 8.5, 'Worked on shop Drawing creation for domestic water supply Ground floor', '2017-08-04', 'Approved', '2017-08-29', '2017-08-29'),
(533, '85', 2, 9, '183', 'Regular', 8.5, 'Basement block-c hvac modelling', '2017-08-09', 'Approved', '2017-08-29', '2017-08-29'),
(534, '85', 2, 9, '183', 'Regular', 8.5, 'Basement block-c hvac modelling', '2017-08-10', 'Approved', '2017-08-29', '2017-08-29'),
(535, '86', 2, 9, '185', 'Regular', 8.5, 'Worked on modelling of waste water supply for basement ceiling plan', '2017-08-07', 'Approved', '2017-08-29', '2017-08-29'),
(536, '101', 7, 7, '179', 'Regular', 6.5, 'window tag, doors, roof, presentation in enlarged plan, internal QC markups', '2017-08-29', 'Approved', '2017-08-29', '2017-08-29'),
(537, '85', 2, 9, '183', 'Regular', 8.5, 'Basement block-c hvac modelling', '2017-08-11', 'Approved', '2017-08-29', '2017-08-29'),
(538, '85', 2, 9, '183', 'Regular', 8.5, 'Basement block-c hvac modelling', '2017-08-12', 'Approved', '2017-08-29', '2017-08-29'),
(540, '101', 18, 31, '252', 'Regular', 2, 'apply materials to walls & update the window', '2017-08-29', 'Approved', '2017-08-29', '2017-08-29'),
(541, '85', 2, 9, '183', 'Regular', 8.5, 'Basement block-c hvac modelling', '2017-08-14', 'Approved', '2017-08-29', '2017-08-29'),
(542, '86', 2, 9, '185', 'Regular', 8.5, 'Worked on modelling of Waste water for Basement Floor Block D', '2017-08-09', 'Approved', '2017-08-29', '2017-08-29'),
(543, '99', 1, 73, '880,885', 'Regular', 8, 'roof update\r\nAnd door window Update\r\n', '2017-08-29', 'Approved', '2017-08-29', '2017-08-29'),
(544, '85', 2, 9, '183', 'Regular', 8.5, 'Basement block-c hvac modelling', '2017-08-15', 'Approved', '2017-08-29', '2017-08-29'),
(545, '86', 2, 9, '185', 'Regular', 8.5, 'Worked on Modelling of Waste water for Basement Block C and Block D', '2017-08-08', 'Approved', '2017-08-29', '2017-08-29'),
(546, '85', 2, 9, '183', 'Regular', 8.5, 'Basement block-c hvac modelling', '2017-08-16', 'Approved', '2017-08-29', '2017-08-29'),
(547, '85', 2, 9, '183', 'Regular', 8.5, 'Basement block-c hvac modelling', '2017-08-17', 'Approved', '2017-08-29', '2017-08-29'),
(548, '85', 2, 9, '183', 'Regular', 8.5, 'Basement block-d hvac modelling', '2017-08-20', 'Approved', '2017-08-29', '2017-08-29'),
(549, '85', 2, 9, '183', 'Regular', 8.5, 'Basement block-d hvac modelling', '2017-08-21', 'Approved', '2017-08-29', '2017-08-29'),
(550, '86', 2, 9, '185', 'Regular', 8.5, 'Worked on modelling of Waste water for Basement Floor Block D', '2017-08-10', 'Approved', '2017-08-29', '2017-08-29'),
(551, '86', 2, 9, '185', 'Regular', 8.5, 'Worked on modelling of Basement Floor  Floor Plan Block C', '2017-08-11', 'Approved', '2017-08-29', '2017-08-29'),
(552, '85', 2, 9, '187', 'Regular', 8.5, 'Basement Floor Co-ordination with all services', '2017-08-22', 'Approved', '2017-08-29', '2017-08-29'),
(553, '85', 2, 9, '187', 'Regular', 8.5, 'Basement Floor Co-ordination with all services', '2017-08-23', 'Approved', '2017-08-29', '2017-08-29'),
(554, '85', 2, 9, '187', 'Regular', 8.5, 'Basement Floor Co-ordination with all services', '2017-08-24', 'Approved', '2017-08-29', '2017-08-29'),
(555, '86', 2, 9, '185', 'Regular', 8.5, 'Worked on modelling of Waste water Supply for Basement Floor Block C and Block D', '2017-08-12', 'Approved', '2017-08-29', '2017-08-29'),
(556, '96', 14, 33, '261', 'Regular', 1, 'Watching ILX vedios from (30214xx to 40101).', '2017-08-29', 'Approved', '2017-08-29', '2017-08-29'),
(558, '86', 2, 9, '185', 'Regular', 8.5, 'Worked on modelling of Waste Water Basement Floor Block D', '2017-08-16', 'Approved', '2017-08-29', '2017-08-29'),
(559, '85', 2, 9, '187', 'Regular', 8.5, 'Basement Floor Co-ordination with all services', '2017-08-26', 'Approved', '2017-08-29', '2017-08-29'),
(560, '85', 2, 9, '187', 'Regular', 8.5, 'Basement Floor Co-ordination with all services', '2017-08-27', 'Approved', '2017-08-29', '2017-08-29'),
(561, '96', 14, 17, '223', 'Regular', 1, 'Dining room proposal option 5 & 6.', '2017-08-29', 'Approved', '2017-08-29', '2017-08-29'),
(562, '85', 2, 9, '187', 'Regular', 8.5, 'Basement Floor Co-ordination with all services', '2017-08-28', 'Approved', '2017-08-29', '2017-08-29'),
(563, '86', 2, 9, '187', 'Regular', 8.5, 'Worked on Coordination with MEP Services for Basement Floor Block C ', '2017-08-17', 'Approved', '2017-08-29', '2017-08-29'),
(564, '85', 2, 9, '187', 'Regular', 8.5, 'Basement Floor Co-ordination with all services', '2017-08-29', 'Approved', '2017-08-29', '2017-08-29'),
(565, '96', 14, 16, '217', 'Regular', 6.5, 'Developing YGAP D-BLOCK project from level -730 to -430  3d model in ALLPLAN software.', '2017-08-29', 'Approved', '2017-08-29', '2017-08-30'),
(566, '86', 2, 9, '187', 'Regular', 8.5, 'Worked on Coorination of MEP Services for Basement Floor Block C', '2017-08-18', 'Approved', '2017-08-29', '2017-08-29'),
(567, '86', 2, 9, '187', 'Regular', 8.5, 'Worked on MEP Coordination for MEP Services in Basement Floor Block C', '2017-08-19', 'Approved', '2017-08-29', '2017-08-29'),
(568, '86', 2, 9, '187', 'Regular', 8.5, 'Worked on MEP Coordination in Basement Floor Block C', '2017-08-20', 'Approved', '2017-08-29', '2017-08-29'),
(569, '86', 2, 9, '187', 'Regular', 8.5, 'Worked on Coordination of MEP Services in Basement Floor Block C', '2017-08-21', 'Approved', '2017-08-29', '2017-08-29'),
(570, '86', 2, 9, '187', 'Regular', 8.5, 'Worked on Coordination of MEP Services in Basement Floor Block C', '2017-08-22', 'Approved', '2017-08-29', '2017-08-29'),
(571, '86', 2, 9, '187', 'Regular', 8.5, 'Worked on Coordination of MEP Services in Basement Floor Block C', '2017-08-23', 'Approved', '2017-08-29', '2017-08-29'),
(572, '86', 2, 9, '187', 'Regular', 10, 'Worked on Coordination of MEP Services in Basement Floor Block C', '2017-08-24', 'Approved', '2017-08-29', '2017-08-29'),
(573, '86', 2, 9, '187', 'Regular', 10, 'Worked on Coordination of MEP Services in Basement Floor Block D', '2017-08-26', 'Approved', '2017-08-29', '2017-08-29'),
(574, '86', 2, 9, '187', 'Regular', 8.5, 'Worked on Coordination of MEP Services in Basement Floor Block D', '2017-08-27', 'Approved', '2017-08-29', '2017-08-29'),
(575, '86', 2, 9, '187', 'Regular', 8.5, 'Worked on Coordination of MEP Services in Basement Floor Block C', '2017-08-28', 'Approved', '2017-08-29', '2017-08-29'),
(576, '86', 2, 9, '187', 'Regular', 8.5, 'Worked on Coordination of MEP Services in Basement Floor Block D', '2017-08-29', 'Approved', '2017-08-29', '2017-08-29'),
(577, '95', 14, 33, '261', 'Regular', 8, 'Watching ILX videos  (CD-7B  (5 no.s), Jra 13,16,18,21 drawings T-1, T-2 sheets editing. developing JNA-Park units pdf to cad', '2017-08-29', 'Approved', '2017-08-30', '2017-08-30'),
(578, '43', 14, 16, '216', 'Regular', 1, 'resource schedule', '2017-08-28', 'Approved', '2017-08-30', '2017-08-30'),
(579, '43', 14, 16, '216', 'Regular', 1, 'resource schedule', '2017-08-29', 'Approved', '2017-08-30', '2017-08-30'),
(580, '43', 14, 16, '216', 'Regular', 1, 'resource schedule', '2017-08-30', 'Approved', '2017-08-30', '2017-08-30'),
(581, '43', 14, 16, '213', 'Regular', 1, 'Call to Mussachio client', '2017-08-29', 'Approved', '2017-08-30', '2017-08-30'),
(582, '43', 23, 85, '920', 'Regular', 4, 'Developed CAD plans', '2017-08-28', 'Approved', '2017-08-30', '2017-08-30'),
(583, '43', 22, 76, '901', 'Regular', 1, 'Worked on T-1, T-2 & A-2', '2017-08-28', 'Approved', '2017-08-30', '2017-08-30'),
(584, '43', 22, 77, '903', 'Regular', 1, 'Worked on T-1, T-2 & A-2', '2017-08-28', 'Approved', '2017-08-30', '2017-08-30'),
(585, '43', 22, 78, '905', 'Regular', 1, 'Worked on T-1, T-2 & A-2', '2017-08-28', 'Approved', '2017-08-30', '2017-08-30'),
(586, '43', 22, 79, '907', 'Regular', 1, 'Worked on T-1, T-2 & A-2', '2017-08-28', 'Approved', '2017-08-30', '2017-08-30'),
(587, '43', 22, 80, '909', 'Regular', 1, 'Worked on T-1, T-2 & A-2', '2017-08-29', 'Approved', '2017-08-30', '2017-08-30'),
(588, '43', 14, 16, '213', 'Regular', 0.5, 'Attended PMs meeting', '2017-08-29', 'Approved', '2017-08-30', '2017-08-30'),
(589, '45', 2, 9, '188,204,206', 'Regular', 8.5, 'Basement Floor', '2017-08-29', 'Approved', '2017-08-30', '2017-08-30'),
(590, '45', 2, 9, '188,206', 'Regular', 8.5, 'Basement , MEP Combined Service drawing and sections', '2017-08-30', 'Approved', '2017-08-30', '2017-08-30'),
(591, '88', 2, 9, '183', 'Regular', 8.5, 'Started the Working on TAPH Building ,   Project detail  input information   was studied & started  HVAC  Corridors Setup . ', '2017-08-30', 'Approved', '2017-08-30', '2017-08-30'),
(592, '99', 1, 73, '883', 'Regular', 8, 'Floor slab update', '2017-08-30', 'Approved', '2017-08-30', '2017-08-30'),
(593, '85', 2, 9, '183', 'Regular', 8.5, 'Shop drawing & hvac modelling in roof', '2017-08-30', 'Approved', '2017-08-30', '2017-08-30'),
(594, '96', 14, 33, '261', 'Regular', 1, 'Watching ILX vedios from (40102xx to 40202xx)', '2017-08-30', 'Approved', '2017-08-30', '2017-08-30'),
(595, '86', 2, 9, '185,188', 'Regular', 8.5, 'Worked on modelling and shop drawing creation in roof for block B and Block D', '2017-08-30', 'Approved', '2017-08-30', '2017-08-30'),
(596, '96', 14, 16, '214', 'Regular', 7.5, 'Developing YGAP D-BLOCK project from level -730 to -430  3d model in ALLPLAN software.\r\nquality check and update correction', '2017-08-30', 'Approved', '2017-08-30', '2017-08-30'),
(597, '61', 22, 84, '917', 'Regular', 4, 'Developing Electrical pole Drawings.', '2017-08-30', 'Approved', '2017-08-30', '2017-08-30'),
(598, '101', 6, 68, '852', 'Regular', 8.5, 'Title boundary(Property lines) arrange as per given angle, Align walls, roof, Dimensions, Sheets, True North and Project north ', '2017-08-30', 'Approved', '2017-08-30', '2017-08-30'),
(599, '62', 7, 7, '179,180', 'Regular', 8.5, 'Modelled new additional units as per the proposed floor plans.', '2017-08-02', 'Approved', '2017-08-31', '2017-08-31'),
(600, '62', 18, 31, '252,255', 'Regular', 8.5, 'Updating  the model as per the sketchup model and addressed the markups.', '2017-08-29', 'Approved', '2017-08-31', '2017-08-31'),
(601, '62', 18, 31, '252', 'Regular', 8.5, 'Updating and fine tuning the model as per the QC. Addressing markups.', '2017-08-30', 'Approved', '2017-08-31', '2017-08-31'),
(602, '62', 18, 31, '252,255', 'Regular', 8.5, 'Adding exterior reveal as per the sketchup model and addressing markups.', '2017-08-31', 'Approved', '2017-08-31', '2017-08-31'),
(603, '100', 14, 33, '261', 'Regular', 8.5, 'I have rendered kitchen design with light and camera as per shiva  requirement. ', '2017-08-07', 'Approved', '2017-08-31', '2017-08-31'),
(604, '100', 14, 33, '261', 'Regular', 8.5, 'Worked on kitchen rendering view 2. ', '2017-08-08', 'Approved', '2017-08-31', '2017-08-31'),
(605, '100', 14, 33, '261', 'Regular', 8, 'Worked on 3d modeling and texture  for chair , table , sofa , light .', '2017-08-09', 'Approved', '2017-08-31', '2017-08-31'),
(606, '100', 14, 33, '261', 'Regular', 8, 'I have started working on  exterior  texturing and light for quality render.', '2017-08-10', 'Approved', '2017-08-31', '2017-08-31'),
(607, '100', 14, 33, '261', 'Regular', 8.5, 'I have rendered 3 view for exterior and Photoshop editing also. ', '2017-08-11', 'Approved', '2017-08-31', '2017-08-31'),
(608, '100', 14, 33, '261', 'Regular', 8.5, 'Worked for modeling like chair, table . light .sofa and photoshop editing also.', '2017-08-12', 'Approved', '2017-08-31', '2017-08-31'),
(609, '100', 14, 33, '261', 'Regular', 8, 'I have rendered a elevation  and few modeling like planter box .', '2017-08-14', 'Approved', '2017-08-31', '2017-08-31'),
(610, '100', 14, 33, '261', 'Regular', 8.5, 'worked on one thorndae project for techta as per ibramhim .', '2017-08-16', 'Approved', '2017-08-31', '2017-08-31'),
(611, '100', 14, 33, '261', 'Regular', 8.5, 'I have updeted design as per received markupfor one  thorndale.', '2017-08-17', 'Approved', '2017-08-31', '2017-08-31'),
(612, '100', 14, 33, '261', 'Regular', 8.5, 'I have continue one thondale for rendering and editing on pghotoshop.', '2017-08-18', 'Approved', '2017-08-31', '2017-08-31'),
(613, '100', 14, 33, '261', 'Regular', 8, 'Worked on back a yard project as received marked up . ', '2017-08-21', 'Approved', '2017-08-31', '2017-08-31'),
(614, '100', 14, 33, '261', 'Regular', 8, 'continue  back a yard rendering and editing on photoshop.', '2017-08-22', 'Approved', '2017-08-31', '2017-08-31'),
(615, '100', 14, 33, '261', 'Regular', 8.5, 'worked on updated Healthy Tastes Better  as per received markup .', '2017-08-23', 'Approved', '2017-08-31', '2017-08-31'),
(616, '100', 14, 33, '261', 'Regular', 8.5, 'updated Healthy Tastes Better  as per received markup and sent again.  ', '2017-08-24', 'Approved', '2017-08-31', '2017-08-31'),
(617, '100', 14, 33, '261', 'Regular', 8.5, 'started working on 301 valencia ADU for techta  assign by ibramhim. ', '2017-08-26', 'Approved', '2017-08-31', '2017-08-31'),
(618, '100', 14, 33, '261', 'Regular', 8.5, 'I have updated 301 valencia ADU as per received markup and sent. ', '2017-08-28', 'Approved', '2017-08-31', '2017-08-31'),
(619, '63', 7, 7, '181', 'Regular', 8, 'door schedule, clients markups on level 1 mech room, door window tags in floor plans, walkway deletion', '2017-08-29', 'Approved', '2017-08-31', '2017-08-31'),
(620, '63', 14, 16, '215', 'Regular', 0, 'full day leave', '2017-08-30', 'Approved', '2017-08-31', '2017-08-31'),
(621, '63', 7, 7, '181', 'Regular', 8.5, 'RCP hyt cross checking, red line markups on door schedule, level 1 lobby room modification, stair sheet, cover sheet, model changes of level 1 clarification of furring wall  ', '2017-08-31', 'Approved', '2017-08-31', '2017-08-31'),
(622, '65', 24, 86, '921', 'Regular', 3.5, 'Revised 2 views and rendered high resolution renders\r\n', '2017-08-02', 'Approved', '2017-08-31', '2017-08-31'),
(623, '65', 25, 87, '922', 'Regular', 8.5, 'imported model and fin tuned \r\n', '2017-08-21', 'Approved', '2017-08-31', '2017-08-31'),
(624, '65', 25, 87, '922', 'Regular', 8.5, 'texture and lighting\r\n', '2017-08-22', 'Approved', '2017-08-31', '2017-08-31'),
(625, '65', 25, 87, '922', 'Regular', 8.5, 'Rendered 2 images high resolution and photoshop\r\n', '2017-08-23', 'Approved', '2017-08-31', '2017-08-31'),
(626, '65', 14, 33, '261', 'Regular', 8.5, 'Presentation prepared for rakesh\r\n', '2017-08-24', 'Approved', '2017-08-31', '2017-08-31'),
(627, '65', 23, 85, '923', 'Regular', 6.5, 'started prodect modeling and rendered 3 images\r\n', '2017-08-28', 'Approved', '2017-08-31', '2017-08-31'),
(628, '65', 23, 88, '924', 'Regular', 3, 'started product modeling and rendered 3 images\r\n', '2017-08-28', 'Approved', '2017-08-31', '2017-08-31'),
(629, '65', 23, 88, '924', 'Regular', 3.5, 'revised color options as per instructions and rendered 12 images\r\n', '2017-08-29', 'Approved', '2017-08-31', '2017-08-31'),
(630, '65', 14, 33, '261', 'Regular', 6, 'Projects information for high resolution renders projects gathered information from Doug team\r\n\r\n', '2017-08-30', 'Approved', '2017-08-31', '2017-08-31'),
(631, '65', 14, 33, '261', 'Regular', 4, 'Projects information for high resolution renders projects gathered information from Maa team', '2017-08-29', 'Approved', '2017-08-31', '2017-08-31'),
(632, '65', 14, 33, '261', 'Regular', 7, 'started revit model fine-tuning\r\n', '2017-08-31', 'Approved', '2017-08-31', '2017-08-31'),
(633, '97', 9, 56, '632', 'Regular', 8, 'DEVELOPED INTERIOR ELEVATIONS', '2017-08-31', 'Approved', '2017-08-31', '2017-08-31'),
(634, '86', 2, 9, '188', 'Regular', 8.5, 'Worked on Shop Drawing Creation for Roof', '2017-08-31', 'Approved', '2017-08-31', '2017-08-31'),
(635, '85', 2, 9, '183,185', 'Regular', 8.5, 'Shop drawings in roof floor', '2017-08-31', 'Approved', '2017-08-31', '2017-08-31'),
(636, '95', 14, 33, '261', 'Regular', 8, 'developing JNA-Park units pdf to cad,interior presention done on PARCEL plan,and working on canoe club', '2017-08-30', 'Approved', '2017-08-31', '2017-08-31'),
(637, '95', 14, 33, '261', 'Regular', 8, 'Deevolping standard templates and also working on groun floor plan in  canoe club project', '2017-08-31', 'Approved', '2017-08-31', '2017-08-31'),
(638, '101', 7, 7, '179', 'Regular', 8, 'Stair, Door schedule, markups , cover sheet, check ceiling height, wall adjustment to all levels, (sweeps wall 20% done)', '2017-08-31', 'Approved', '2017-08-31', '2017-08-31'),
(639, '96', 14, 33, '261', 'Regular', 1, 'Watching ILX vedios from (40203xx to 40402xx)', '2017-08-31', 'Approved', '2017-08-31', '2017-09-01'),
(640, '84', 2, 9, '186', 'Regular', 8.5, 'Ground Floor ', '2017-08-31', 'Approved', '2017-09-01', '2017-09-01'),
(641, '84', 2, 9, '186', 'Regular', 8.5, 'Continue....', '2017-09-01', 'Approved', '2017-09-01', '2017-09-01'),
(642, '96', 14, 16, '214', 'Regular', 7.5, 'Developing YGAP D-BLOCK project from level -430 to 0.0  3d model in ALLPLAN software.\r\nquality check and update correction', '2017-08-31', 'Approved', '2017-09-01', '2017-09-01');
INSERT INTO `emp_record_details` (`emp_record_id`, `empId`, `client_Id`, `project_Id`, `task_Id`, `team_member_type`, `emp_time_hours`, `comments`, `emp_report_dates`, `status`, `created_at`, `updated_at`) VALUES
(643, '51', 14, 16, '216', 'Regular', 8.5, '3.5 hrs.      - Worked on Strasman Architects client Report- Analysing the client work style, projects.\r\n4 hrs.          -  Started analysis and start up work for KONDO Residence.\r\n2 hrs.          - Ganesh Nimarjan Celebrations.', '2017-08-31', 'Approved', '2017-09-01', '2017-09-01'),
(644, '51', 14, 16, '215', 'Regular', 0, 'Leave', '2017-08-29', 'Approved', '2017-09-01', '2017-09-01'),
(645, '51', 7, 7, '181', 'Regular', 8.5, 'Worked on Fine tuning Existing and New walls and opening for all floor,  Worked on updating A2 unit as per the received markups.\r\n', '2017-08-14', 'Approved', '2017-09-01', '2017-09-01'),
(646, '51', 12, 14, '207', 'Regular', 9.5, 'Updating Model as per the received markups.', '2017-08-02', 'Approved', '2017-09-01', '2017-09-01'),
(647, '99', 1, 73, '883', 'Regular', 8, 'Creating grade beams, columns and slab\r\n', '2017-08-31', 'Approved', '2017-09-01', '2017-09-01'),
(648, '88', 2, 9, '183', 'Regular', 8.5, 'Started the working on Heating & cooling plant area. ', '2017-08-31', 'Approved', '2017-09-01', '2017-09-01'),
(649, '88', 2, 9, '183', 'Regular', 8.5, ' Worked on Heating & cooling plant area. ', '2017-09-01', 'Approved', '2017-09-01', '2017-09-01'),
(650, '85', 2, 9, '183', 'Regular', 7.5, 'Placing ceiling elements in ground floor ', '2017-09-01', 'Approved', '2017-09-01', '2017-09-01'),
(651, '83', 2, 9, '188', 'Regular', 8.5, 'shop drawings', '2017-08-30', 'Approved', '2017-09-01', '2017-09-01'),
(652, '83', 2, 9, '184', 'Regular', 8.5, 'taph building drawings review ', '2017-08-31', 'Approved', '2017-09-01', '2017-09-01'),
(653, '83', 2, 9, '184', 'Regular', 8.5, 'modeling', '2017-09-01', 'Approved', '2017-09-01', '2017-09-01'),
(654, '96', 14, 33, '261', 'Regular', 1, 'Watching ILX vedios from (40403xx to 40502xx)', '2017-09-01', 'Approved', '2017-09-01', '2017-09-01'),
(655, '96', 14, 16, '214', 'Regular', 7.5, 'Developing YGAP D-BLOCK project from level -430 to 0.0  3d model in ALLPLAN software.\r\nquality check and update correction', '2017-09-01', 'Approved', '2017-09-01', '2017-09-01'),
(656, '82', 2, 9, '183', 'Regular', 8.5, 'Completed on BASEMENT Floor  shop drawing', '2017-08-23', 'Approved', '2017-09-01', '2017-09-01'),
(657, '82', 2, 9, '183', 'Regular', 8.5, 'Completed on BASEMENT Floor  shop drawing', '2017-08-24', 'Approved', '2017-09-01', '2017-09-01'),
(658, '82', 2, 9, '183', 'Regular', 8.5, 'Studying cad file for TAPH Building ', '2017-08-31', 'Approved', '2017-09-01', '2017-09-01'),
(659, '82', 2, 9, '183', 'Regular', 8.5, 'Started TAPH Building modelling', '2017-09-01', 'Approved', '2017-09-01', '2017-09-01'),
(660, '86', 2, 9, '185', 'Regular', 8.5, 'Worked on modelling of Waste Water for TAPH building Ground Floor. ', '2017-09-01', 'Approved', '2017-09-01', '2017-09-01'),
(661, '95', 14, 33, '261', 'Regular', 8, 'Deevolping standard templates and also working on interior elevations in  canoe club project', '2017-09-01', 'Approved', '2017-09-01', '2017-09-01'),
(662, '101', 18, 31, '252', 'Regular', 8, 'entry ramp, sheets, checking of windows and door, Front elevation', '2017-09-01', 'Approved', '2017-09-04', '2017-09-04'),
(663, '43', 14, 16, '216', 'Regular', 1, 'Resource schedule', '2017-08-31', 'Approved', '2017-09-04', '2017-09-04'),
(664, '43', 14, 16, '216', 'Regular', 1, 'Resource schedule', '2017-09-01', 'Approved', '2017-09-04', '2017-09-04'),
(665, '43', 14, 16, '216', 'Regular', 1, 'Resource schedule', '2017-09-04', 'Approved', '2017-09-04', '2017-09-04'),
(666, '96', 14, 33, '261', 'Regular', 1, 'Watching ILX Vedios from (40503xx to 40505)', '2017-09-04', 'Approved', '2017-09-04', '2017-09-04'),
(667, '43', 22, 98, '941', 'Regular', 1, 'Developing sheets', '2017-08-30', 'Approved', '2017-09-04', '2017-09-04'),
(668, '96', 14, 16, '214', 'Regular', 3.5, 'Developing YGAP D-BLOCK project from level -430 to 0.0  3d model in ALLPLAN software.\r\nquality check and update correction', '2017-09-04', 'Approved', '2017-09-04', '2017-09-04'),
(669, '43', 22, 99, '943', 'Regular', 1, 'Developing sheets', '2017-08-30', 'Approved', '2017-09-04', '2017-09-04'),
(670, '43', 22, 101, '947', 'Regular', 1, 'Developing sheets', '2017-08-30', 'Approved', '2017-09-04', '2017-09-04'),
(671, '43', 22, 102, '949', 'Regular', 1, 'Developing sheets', '2017-08-30', 'Approved', '2017-09-04', '2017-09-04'),
(672, '96', 14, 16, '215', 'Regular', 4, 'Half day leave', '2017-09-04', 'Approved', '2017-09-04', '2017-09-04'),
(673, '43', 14, 16, '274', 'Regular', 3, 'Project information', '2017-08-30', 'Approved', '2017-09-04', '2017-09-04'),
(674, '43', 22, 102, '949', 'Regular', 1.5, 'Developing sheets', '2017-08-31', 'Approved', '2017-09-04', '2017-09-04'),
(675, '43', 22, 103, '951', 'Regular', 1.5, 'Developing sheets', '2017-08-31', 'Approved', '2017-09-04', '2017-09-04'),
(676, '43', 22, 104, '953', 'Regular', 2, 'Developing sheets', '2017-08-31', 'Approved', '2017-09-04', '2017-09-04'),
(677, '43', 22, 104, '953', 'Regular', 2, 'Developing sheets', '2017-08-31', 'Approved', '2017-09-04', '2017-09-04'),
(678, '43', 22, 105, '955', 'Regular', 2, 'Developing sheets', '2017-08-31', 'Approved', '2017-09-04', '2017-09-04'),
(679, '43', 14, 16, '213', 'Regular', 1.5, 'Attended PM''s Meeting', '2017-09-01', 'Approved', '2017-09-04', '2017-09-04'),
(680, '43', 10, 36, '273', 'Regular', 2, 'Addressed markups', '2017-09-01', 'Approved', '2017-09-04', '2017-09-04'),
(681, '43', 22, 106, '957', 'Regular', 3.5, 'Developing drawings', '2017-09-01', 'Approved', '2017-09-04', '2017-09-04'),
(682, '43', 10, 36, '273', 'Regular', 5, 'QC and update of A-2.2 sheet and upload to client', '2017-09-04', 'Approved', '2017-09-04', '2017-09-04'),
(683, '43', 22, 95, '937', 'Regular', 2, 'Developing drawings', '2017-09-04', 'Approved', '2017-09-04', '2017-09-04'),
(684, '45', 2, 9, '187,188,206', 'Regular', 8.5, 'Roof', '2017-08-31', 'Approved', '2017-09-04', '2017-09-04'),
(685, '45', 2, 9, '204,206', 'Regular', 8.5, 'TAPH - Ground floor Model setup ', '2017-09-01', 'Approved', '2017-09-04', '2017-09-04'),
(686, '45', 2, 9, '187,204,206', 'Regular', 8.5, 'Roof & TAPH Ground floor', '2017-09-04', 'Approved', '2017-09-04', '2017-09-04'),
(687, '89', 1, 72, '963', 'Regular', 8.5, 'Lighting ', '2017-09-04', 'Approved', '2017-09-04', '2017-09-08'),
(688, '82', 2, 9, '183', 'Regular', 8.5, 'Started TAPH Building modelling', '2017-09-04', 'Approved', '2017-09-04', '2017-09-04'),
(689, '80', 20, 90, '928', 'Regular', 7, 'Standardizing Layers on Base floor plan\r\n', '2017-09-04', 'Approved', '2017-09-04', '2017-09-04'),
(690, '86', 2, 9, '185', 'Regular', 8.5, 'Worked on modelling Waste Water Service for Basement Floor Ceiling Plan', '2017-09-04', 'Approved', '2017-09-04', '2017-09-04'),
(691, '101', 9, 42, '396', 'Regular', 7.5, 'drfting details of cabinates(Milworks)', '2017-09-04', 'Approved', '2017-09-04', '2017-09-04'),
(692, '61', 22, 103, '951', 'Regular', 4, 'Developing Electrical pole Drawings.', '2017-09-04', 'Approved', '2017-09-04', '2017-09-04'),
(693, '101', 18, 31, '252', 'Regular', 1, 'front elevation & sheets', '2017-09-04', 'Approved', '2017-09-04', '2017-09-04'),
(694, '61', 22, 101, '947', 'Regular', 4, 'Developing Electrical pole Drawings.', '2017-09-04', 'Approved', '2017-09-04', '2017-09-04'),
(695, '61', 22, 99, '943', 'Regular', 4, 'Developing Electrical pole Drawings.', '2017-09-01', 'Approved', '2017-09-04', '2017-09-04'),
(696, '61', 2, 9, '892', 'Regular', 4, 'Title Sheet Compositions ..', '2017-09-01', 'Approved', '2017-09-04', '2017-09-04'),
(697, '95', 14, 33, '261', 'Regular', 8, 'Deevolping standard templates and also working on first floor & roof plan', '2017-09-04', 'Approved', '2017-09-04', '2017-09-04'),
(698, '96', 14, 33, '261', 'Regular', 1, 'Watching ILX Vedios from (50101xx to 50201xx)', '2017-09-06', 'Approved', '2017-09-06', '2017-09-06'),
(699, '99', 1, 73, '880', 'Regular', 8, 'Modelling suspended ceiling, Adding plumbing fixtures, parapet and coping\r\n', '2017-09-01', 'Approved', '2017-09-06', '2017-09-06'),
(700, '43', 14, 16, '216', 'Regular', 1, 'Resource schedule', '2017-09-06', 'Approved', '2017-09-06', '2017-09-06'),
(701, '43', 14, 16, '216', 'Regular', 3, 'Email correspondence and Coordination with team on mussachio client', '2017-09-06', 'Approved', '2017-09-06', '2017-09-06'),
(702, '43', 14, 16, '218', 'Regular', 0.5, 'Coordination with elogic team regarding work schedule', '2017-09-06', 'Approved', '2017-09-06', '2017-09-06'),
(703, '43', 14, 16, '214', 'Regular', 3.5, 'Coordination, QC and upload of FWA Pproject to client', '2017-09-06', 'Approved', '2017-09-06', '2017-09-06'),
(704, '62', 14, 16, '215', 'Regular', 0, 'Sick leave', '2017-09-01', 'Approved', '2017-09-06', '2017-09-06'),
(705, '62', 18, 31, '252,255', 'Regular', 9, 'Developing the TP sheet set. composed sheets as per the sample.', '2017-09-04', 'Approved', '2017-09-06', '2017-09-06'),
(706, '51', 26, 89, '925', 'Regular', 8.5, 'Created and updated Doors and windows to lower floor and partial upper floor. Updated wall types with minimun finishes required.', '2017-09-06', 'Approved', '2017-09-06', '2017-09-06'),
(707, '96', 14, 16, '214', 'Regular', 7.5, 'Developing YGAP D-BLOCK project from level -430 to 0.0  3d model in ALLPLAN software.\r\nquality check and update correction', '2017-09-06', 'Approved', '2017-09-06', '2017-09-06'),
(708, '68', 22, 94, '935', 'Regular', 2.5, 'completed working on "SCL_NB 25 ZD" series drawings as per the received sample set. \r\nas per your instructions', '2017-08-31', 'Approved', '2017-09-06', '2017-09-12'),
(709, '68', 22, 97, '940', 'Regular', 1, 'shelf check and updating markups', '2017-08-31', 'Approved', '2017-09-06', '2017-09-12'),
(710, '82', 2, 9, '183', 'Regular', 8.5, 'Started TAPH Building modelling', '2017-09-06', 'Approved', '2017-09-06', '2017-09-06'),
(711, '68', 22, 95, '937', 'Regular', 5, 'completed working on "SCL_NB 32 ZD and 30" series drawings as per the received sample set. \r\nas per your instructions', '2017-08-31', 'Approved', '2017-09-06', '2017-09-12'),
(712, '68', 22, 97, '939', 'Regular', 2.5, 'completed working on "SCL_NB 29 ZD" series drawings as per the received sample set. \r\nas per your instructions', '2017-09-01', 'Approved', '2017-09-06', '2017-09-12'),
(713, '68', 22, 98, '941', 'Regular', 3, 'completed working on "SCL_NB 33 ZD" series drawings as per the received sample set. \r\nas per your instructions', '2017-09-01', 'Approved', '2017-09-06', '2017-09-12'),
(714, '68', 22, 99, '944', 'Regular', 1.5, 'qc and updating markups ', '2017-09-01', 'Approved', '2017-09-06', '2017-09-06'),
(715, '68', 22, 100, '945', 'Regular', 2, 'completed working on "SCL_NB 37 ZD" series drawings as per the received sample set. \r\nas per your instructions', '2017-09-01', 'Approved', '2017-09-06', '2017-09-12'),
(716, '86', 2, 9, '185', 'Regular', 8.5, 'Worked on modelling Waste Water service for TAPH Building Ground Floor', '2017-09-06', 'Approved', '2017-09-06', '2017-09-06'),
(717, '68', 22, 101, '947', 'Regular', 1, 'qc and updating markups', '2017-09-04', 'Approved', '2017-09-06', '2017-09-06'),
(718, '68', 22, 102, '949', 'Regular', 3, 'completed working on "SCL_NB 67 ZD" series drawings as per the received sample set. \r\nas per your instructions', '2017-09-04', 'Approved', '2017-09-06', '2017-09-12'),
(719, '68', 22, 103, '952', 'Regular', 1, 'shelf check and markups updating ', '2017-09-04', 'Approved', '2017-09-06', '2017-09-12'),
(720, '68', 22, 104, '953', 'Regular', 3, 'completed working on "Verizon scl Newport pier A1" series drawings as per the received sample set. \r\nas per your instructions', '2017-09-04', 'Approved', '2017-09-06', '2017-09-12'),
(721, '68', 22, 105, '955', 'Regular', 3, 'completed working on "Verizon scl Newport pier A2" series drawings as per the received sample set. \r\nas per your instructions', '2017-09-06', 'Approved', '2017-09-06', '2017-09-12'),
(722, '68', 22, 106, '957', 'Regular', 3.5, 'completed working on "Verizon scl Newport pier A3" series drawings as per the received sample set. \r\nas per your instructions', '2017-09-06', 'Approved', '2017-09-06', '2017-09-12'),
(723, '101', 7, 7, '179', 'Regular', 8.5, 'update family of shower kit & put it in the project of all floors, Front elevation as per markups, Solve comments, wall tagging of sheet A2.2(C1 & C2)', '2017-09-06', 'Approved', '2017-09-06', '2017-09-06'),
(724, '95', 14, 33, '261', 'Regular', 8, 'Devolping standard templates and also working sections elevations', '2017-09-06', 'Approved', '2017-09-06', '2017-09-06'),
(725, '61', 10, 36, '273', 'Regular', 6, 'Adressing Markups As per Received Instructions and pdfs..', '2017-09-06', 'Approved', '2017-09-06', '2017-09-06'),
(726, '61', 21, 35, '266', 'Regular', 2, 'Second floor plan...', '2017-09-06', 'Approved', '2017-09-06', '2017-09-06'),
(727, '99', 1, 73, '885', 'Regular', 7, '2017,sep06_EDG_1706_ARCH-QC\r\n\r\n', '2017-09-06', 'Approved', '2017-09-06', '2017-09-08'),
(728, '84', 2, 9, '186', 'Regular', 8.5, 'Modeling......', '2017-09-06', 'Approved', '2017-09-07', '2017-09-07'),
(729, '84', 2, 9, '186', 'Regular', 8.5, 'Continue With Modeling...', '2017-09-07', 'Approved', '2017-09-07', '2017-09-07'),
(730, '63', 7, 7, '181', 'Regular', 8.5, 'Mark ups on E, F and G door types, level 1 and renovated plans, ', '2017-09-01', 'Approved', '2017-09-07', '2017-09-07'),
(731, '63', 7, 7, '181', 'Regular', 6.5, 'Mark ups on wall types and tagging in enlarged plans A2.2 and A2.3, south elevation modification as per given images, model changes of windows and extra wall slab and roof  and other associated elements, ', '2017-09-06', 'Approved', '2017-09-07', '2017-09-07'),
(732, '63', 7, 7, '181', 'Regular', 8.5, 'Mark ups on wall types all units and floors as per A2.2 and A2.3 red lines, wall section updates, wall tags of E, F and G units', '2017-09-07', 'Approved', '2017-09-07', '2017-09-07'),
(733, '88', 2, 9, '183', 'Regular', 8.5, 'Working on Plant Room Area Modeling', '2017-09-07', 'Approved', '2017-09-07', '2017-09-07'),
(734, '68', 10, 36, '273', 'Regular', 4, ' completed working on "KAIMUKI HS " Updating markups  as per the received client \r\ninstructions \r\n1. A-2.0 sheet \r\n2.A-2.2 sheet ', '2017-09-07', 'Approved', '2017-09-07', '2017-09-12'),
(735, '96', 14, 33, '261', 'Regular', 1, 'Watching ILX Vedios from (50301xx to 50303xx)', '2017-09-07', 'Approved', '2017-09-07', '2017-09-07'),
(736, '96', 14, 16, '214,217', 'Regular', 7.5, 'Quality check and update corrections.\r\nDeveloping 3d walls and door openings', '2017-09-07', 'Approved', '2017-09-07', '2017-09-07'),
(737, '82', 2, 9, '183', 'Regular', 8.5, 'Started TAPH Building modelling', '2017-09-07', 'Approved', '2017-09-07', '2017-09-07'),
(738, '86', 2, 9, '185', 'Regular', 8.5, 'Worked on modelling Wasre Water service for TAPH Building Ground Floor ', '2017-09-07', 'Approved', '2017-09-07', '2017-09-07'),
(739, '95', 14, 33, '261', 'Regular', 8, 'Devolping standard templates and also working sections & elevations & interior', '2017-09-07', 'Approved', '2017-09-07', '2017-09-07'),
(740, '80', 20, 90, '928', 'Regular', 8, 'Composing new sheets & sheet setup\r\nbasic sheet setup on floor plan & RCP\r\n', '2017-09-07', 'Approved', '2017-09-07', '2017-09-07'),
(741, '80', 20, 90, '927', 'Regular', 8, 'basic sheet setup on floor plan & RCP\r\n', '2017-09-06', 'Approved', '2017-09-07', '2017-09-07'),
(742, '101', 7, 7, '179', 'Regular', 1, 'markups and wall tagging', '2017-09-07', 'Approved', '2017-09-08', '2017-09-08'),
(743, '101', 9, 67, '851', 'Regular', 6, 'Flooring(In region Detailing) & QC of mail Sep 06( Rest Rooms)', '2017-09-07', 'Approved', '2017-09-08', '2017-09-08'),
(744, '99', 1, 73, '880', 'Regular', 7, 'Modelling and adding office and break room furniture,', '2017-09-07', 'Approved', '2017-09-08', '2017-09-08'),
(745, '84', 2, 9, '185,186', 'Regular', 8.5, 'FIRE AND DOMESTIC..', '2017-09-08', 'Approved', '2017-09-08', '2017-09-08'),
(746, '58', 15, 107, '966', 'Regular', 8, 'developed rough massing model.', '2017-09-08', 'Approved', '2017-09-08', '2017-09-08'),
(747, '62', 18, 31, '252,255', 'Regular', 8.5, 'As per the recieved instructions started developing window schedule and updating the schedule. Updated the ceiling height as per the recieved instruction.', '2017-09-06', 'Approved', '2017-09-08', '2017-09-08'),
(748, '62', 18, 31, '252,255', 'Regular', 8.5, 'Updated TP sheet set drawings list as per the mail instuctions. and updated the TP sheet set as per the recived TP amendment. Uploaded the model.', '2017-09-07', 'Approved', '2017-09-08', '2017-09-08'),
(749, '62', 18, 31, '252', 'Regular', 8.5, 'Fine tuning the Updated model and cross checking the TP sheet set.', '2017-09-08', 'Approved', '2017-09-08', '2017-09-08'),
(750, '89', 1, 72, '963', 'Regular', 8.5, 'power layout modeling ', '2017-09-06', 'Approved', '2017-09-08', '2017-09-08'),
(751, '89', 1, 72, '867', 'Regular', 8.5, 'sheets creation\r\n', '2017-09-07', 'Approved', '2017-09-08', '2017-09-08'),
(752, '79', 1, 72, '865', 'Regular', 8.5, 'Studying inputs and Developing truss family', '2017-08-22', 'Approved', '2017-09-08', '2017-09-08'),
(753, '79', 1, 72, '865', 'Regular', 8.5, 'Developing Truss family', '2017-08-23', 'Approved', '2017-09-08', '2017-09-08'),
(754, '89', 1, 72, '964', 'Regular', 6, 'HVAC MODELING\r\n', '2017-09-08', 'Approved', '2017-09-08', '2017-09-08'),
(755, '79', 1, 72, '865', 'Regular', 8.5, 'Developing Structural Foundation plan', '2017-08-24', 'Approved', '2017-09-08', '2017-09-08'),
(756, '79', 1, 72, '865', 'Regular', 8.5, 'Developing walls and truss layout.', '2017-08-26', 'Approved', '2017-09-08', '2017-09-08'),
(757, '79', 1, 72, '865', 'Regular', 8.5, 'Developing Roof framing', '2017-08-28', 'Approved', '2017-09-08', '2017-09-08'),
(758, '85', 2, 9, '183', 'Regular', 8.5, 'HVAC MODELLING IN GROUND FLOOR ', '2017-09-06', 'Approved', '2017-09-08', '2017-09-08'),
(759, '85', 2, 9, '183', 'Regular', 8.5, 'HVAC MODELLING IN GROUND FLOOR ', '2017-09-07', 'Approved', '2017-09-08', '2017-09-08'),
(760, '88', 2, 9, '183,185', 'Regular', 8.5, 'Worked on Plant Room Area Modelling.', '2017-09-08', 'Approved', '2017-09-08', '2017-09-08'),
(761, '79', 14, 16, '215', 'Regular', 0, 'On leave', '2017-08-29', 'Approved', '2017-09-08', '2017-09-08'),
(762, '79', 1, 72, '865', 'Regular', 8.5, 'Developing family for Canopy framing and modelling the canopy', '2017-08-30', 'Approved', '2017-09-08', '2017-09-08'),
(763, '79', 14, 16, '215', 'Regular', 0, 'On leave', '2017-08-31', 'Approved', '2017-09-08', '2017-09-08'),
(764, '85', 2, 9, '183', 'Regular', 8.5, 'HVAC MODELLING IN GROUND FLOOR ', '2017-09-08', 'Approved', '2017-09-08', '2017-09-08'),
(765, '79', 1, 72, '865', 'Regular', 8.5, 'Developing Car wash and POS canopies, sheet setup.', '2017-09-01', 'Approved', '2017-09-08', '2017-09-08'),
(766, '83', 2, 9, '184', 'Regular', 8.5, 'lightning modeling\r\n', '2017-09-07', 'Approved', '2017-09-08', '2017-09-08'),
(767, '83', 2, 9, '184', 'Regular', 8.5, 'lightning  modeling', '2017-09-08', 'Approved', '2017-09-08', '2017-09-08'),
(768, '82', 2, 9, '183', 'Regular', 8.5, 'Started TAPH Building modelling for condensate drain.', '2017-09-08', 'Approved', '2017-09-08', '2017-09-08'),
(769, '79', 1, 72, '865', 'Regular', 8.5, 'Developing foundation details', '2017-09-06', 'Approved', '2017-09-08', '2017-09-08'),
(770, '79', 1, 72, '865', 'Regular', 8, 'Developing foundation details and modifying foundation plans.', '2017-09-07', 'Approved', '2017-09-08', '2017-09-08'),
(771, '57', 1, 72, '864', 'Regular', 6, 'Creating exterior wall types, modelling walls', '2017-08-23', 'Approved', '2017-09-08', '2017-09-08'),
(772, '79', 1, 72, '865', 'Regular', 6.5, 'worked on roof framing and Fine tuning canopy framing.', '2017-09-04', 'Approved', '2017-09-08', '2017-09-08'),
(773, '57', 14, 16, '216,219', 'Regular', 2.5, 'EDG- Garland car wash \r\nWorked on Project study and analysis\r\n', '2017-08-23', 'Approved', '2017-09-08', '2017-09-08'),
(774, '57', 1, 72, '864', 'Regular', 8, 'Worked on Creating interior wall types, modelling walls', '2017-08-24', 'Approved', '2017-09-08', '2017-09-08'),
(775, '57', 14, 16, '215', 'Regular', 0, 'Half day leave', '2017-08-29', 'Approved', '2017-09-08', '2017-09-08'),
(776, '57', 1, 72, '859,864', 'Regular', 4.5, 'Modelling suspended ceiling, Adding plumbing fixtures, Modelling roof, dormer, trellis', '2017-08-29', 'Approved', '2017-09-08', '2017-09-08'),
(777, '57', 1, 72, '854,857', 'Regular', 8, 'Modelling POS, annotating elevations', '2017-08-30', 'Approved', '2017-09-08', '2017-09-08'),
(778, '57', 1, 72, '854,864', 'Regular', 8, 'Modelling pos and vaccuum canopies and annotating elevations', '2017-08-31', 'Approved', '2017-09-08', '2017-09-08'),
(779, '96', 14, 33, '261', 'Regular', 1, 'Watching ILX Vedios from (50304xx to 50404xx)', '2017-09-08', 'Approved', '2017-09-08', '2017-09-08'),
(780, '57', 1, 72, '860,867', 'Regular', 8, 'Setting up plans elevations and sections on sheets, annotation.', '2017-09-01', 'Approved', '2017-09-08', '2017-09-08'),
(781, '57', 1, 72, '854,859,867', 'Regular', 8, 'Modelling and adding office and break room furniture, General notes and legends, ADA-GUIDE LINES- 6 sheets', '2017-09-05', 'Approved', '2017-09-08', '2017-09-08'),
(782, '96', 14, 16, '274,217', 'Regular', 7.5, '1.Work on office project report\r\n2.Developing YGAP D-BLOCK project from level -430 to 0.0  3d model in ALLPLAN software.\r\n', '2017-09-08', 'Approved', '2017-09-08', '2017-09-08'),
(783, '57', 1, 72, '854,859', 'Regular', 8, 'Worked on Enlarged plan , Roof plan, reflected ceiling plan', '2017-09-06', 'Approved', '2017-09-08', '2017-09-08'),
(784, '57', 1, 72, '857,860,965', 'Regular', 8, 'Worked on elevations and sections', '2017-09-07', 'Approved', '2017-09-08', '2017-09-08'),
(785, '61', 21, 35, '265', 'Regular', 8, 'Developong Lobby Interior Elevations.', '2017-09-08', 'Approved', '2017-09-08', '2017-09-08'),
(786, '61', 21, 35, '265', 'Regular', 7, 'Developing Second Level floor plan', '2017-09-07', 'Approved', '2017-09-08', '2017-09-08'),
(787, '61', 21, 35, '265', 'Regular', 1, 'Developing Interior Elevations.', '2017-09-07', 'Approved', '2017-09-08', '2017-09-08'),
(788, '95', 14, 33, '261', 'Regular', 8, 'Developing standard templates and also working on site and interior presentation', '2017-09-08', 'Approved', '2017-09-08', '2017-09-08'),
(789, '79', 1, 72, '865', 'Regular', 8.5, 'Developing foundations for canopies, and foundation details and sheet setup.', '2017-09-08', 'Approved', '2017-09-08', '2017-09-08'),
(790, '99', 1, 73, '880', 'Regular', 8, 'Enlarged plan, reflected ceiling plans', '2017-09-08', 'Approved', '2017-09-08', '2017-09-08'),
(791, '80', 20, 90, '928', 'Regular', 6, 'Basic Sheet setup on all Files (16 files) & Mail Configuration on prints.\r\n', '2017-09-08', 'Approved', '2017-09-08', '2017-09-08'),
(792, '101', 9, 42, '396', 'Regular', 3.5, 'A4.24- Window Head & Sill E1,E2 & E3-wall type', '2017-09-08', 'Approved', '2017-09-09', '2017-09-09'),
(793, '101', 9, 54, '595', 'Regular', 4.5, 'Making family- 1. Connecting bridge 2. Roof member 3. main gate column', '2017-09-08', 'Approved', '2017-09-09', '2017-09-09'),
(794, '61', 2, 9, '892', 'Regular', 8.5, 'HVAC Cad Drawing Set up..', '2017-08-04', 'Approved', '2017-09-09', '2017-09-09'),
(795, '82', 2, 9, '183', 'Regular', 4, 'Started TAPH Building modelling for condensate drain.', '2017-09-09', 'Approved', '2017-09-09', '2017-09-09'),
(796, '88', 2, 9, '185', 'Regular', 8.5, 'Worked on plumbing  Plant area Room Modelling ', '2017-09-09', 'Approved', '2017-09-09', '2017-09-09'),
(797, '61', 22, 94, '935', 'Regular', 8, 'Developing Electric pole Drawings.', '2017-08-31', 'Approved', '2017-09-09', '2017-09-09'),
(798, '61', 10, 11, '189,257', 'Regular', 8, 'Developing door details..', '2017-08-02', 'Approved', '2017-09-09', '2017-09-09'),
(799, '96', 14, 33, '261', 'Regular', 1, 'Watching ILX Vedios from (50405xx to 50503xx)', '2017-09-09', 'Approved', '2017-09-09', '2017-09-09'),
(800, '96', 14, 16, '213', 'Regular', 1, 'Team meeting', '2017-09-09', 'Approved', '2017-09-09', '2017-09-09'),
(801, '96', 14, 16, '217', 'Regular', 6.5, 'Developing YGAP A-BLOCK project from level 0.00to+430 3d model in ALLPLAN software.', '2017-09-09', 'Approved', '2017-09-09', '2017-09-09'),
(802, '83', 2, 9, '184,185', 'Regular', 8.5, 'elv system modeling and domestic water modeling\r\n', '2017-09-09', 'Approved', '2017-09-09', '2017-09-09'),
(803, '101', 9, 42, '396', 'Regular', 8.5, 'drafting details', '2017-09-09', 'Approved', '2017-09-09', '2017-09-09'),
(804, '85', 2, 9, '183', 'Regular', 8.5, 'ground floor hvac modeling\r\n', '2017-09-09', 'Approved', '2017-09-09', '2017-09-09'),
(805, '95', 14, 33, '261', 'Regular', 8, 'Developing standard templates and also working on site and kitchen  interior presentations ', '2017-09-09', 'Approved', '2017-09-09', '2017-09-09'),
(806, '86', 2, 9, '183', 'Regular', 11, 'Worked on modelling Waste water for Ground Floor Low level', '2017-09-08', 'Approved', '2017-09-09', '2017-09-09'),
(807, '86', 27, 108, '968', 'Regular', 8.5, 'Worked on Electrical Service Modelling & Annotation.', '2017-09-09', 'Approved', '2017-09-09', '2017-09-09'),
(808, '45', 2, 9, '204,206', 'Regular', 8.5, 'TAPH Ground floor', '2017-09-06', 'Approved', '2017-09-09', '2017-09-09'),
(809, '45', 2, 9, '203,204,206', 'Regular', 8.5, 'TAPH Ground floor', '2017-09-07', 'Approved', '2017-09-09', '2017-09-09'),
(810, '45', 14, 16, '220', 'Regular', 2, 'Smith and Greene project Time Estimate ', '2017-09-07', 'Approved', '2017-09-09', '2017-09-09'),
(811, '45', 2, 9, '204,206', 'Regular', 8, 'TAPH Ground floor', '2017-09-08', 'Approved', '2017-09-09', '2017-09-09'),
(812, '45', 27, 108, '969', 'Regular', 3.5, 'Project study and Model setup', '2017-09-08', 'Approved', '2017-09-09', '2017-09-09'),
(813, '45', 2, 9, '204,206', 'Regular', 6, 'TAPH Ground floor', '2017-09-09', 'Approved', '2017-09-09', '2017-09-09'),
(814, '45', 27, 108, '968', 'Regular', 1, 'electrical service study ', '2017-09-09', 'Approved', '2017-09-09', '2017-09-09'),
(815, '62', 18, 31, '252,255', 'Regular', 8.5, 'Developing the tp sheet set, annotating the sheets as per the sample set.', '2017-09-09', 'Approved', '2017-09-11', '2017-09-11'),
(816, '51', 14, 16, '215', 'Regular', 0, 'On Leave', '2017-08-09', 'Approved', '2017-09-11', '2017-09-11'),
(817, '51', 14, 16, '215', 'Regular', 0, 'On leave', '2017-08-30', 'Approved', '2017-09-11', '2017-09-11'),
(818, '51', 7, 7, '179', 'Regular', 10, 'Revit modeling.', '2017-08-12', 'Approved', '2017-09-11', '2017-09-11'),
(819, '51', 26, 89, '925', 'Regular', 8.5, 'Refereed and started the revit moel.', '2017-09-01', 'Approved', '2017-09-11', '2017-09-11'),
(820, '51', 26, 89, '925', 'Regular', 8.5, 'Started with interior and exterior wall.\r\n', '2017-09-04', 'Approved', '2017-09-11', '2017-09-11'),
(821, '51', 26, 89, '925', 'Regular', 8.5, 'Updated openings and started with roofs.\r\n', '2017-09-07', 'Approved', '2017-09-11', '2017-09-11'),
(823, '51', 26, 89, '925', 'Regular', 8.5, 'Updated Clerestory, columns, gate, fine tuned internal walls.\r\n', '2017-09-08', 'Approved', '2017-09-11', '2017-09-11'),
(824, '51', 26, 89, '925', 'Regular', 8.5, 'Columns, Fascia, Gutters, Doors on 1st floor, Open to sky parts Railings on 1st flr, Front elevation window, Change the col. material. Plumbing fixtures.\r\n', '2017-09-09', 'Approved', '2017-09-11', '2017-09-11'),
(825, '84', 2, 9, '185', 'Regular', 9.5, 'DOMESTIC SERVICE MPDELING', '2017-09-09', 'Approved', '2017-09-11', '2017-09-11'),
(826, '84', 2, 9, '185', 'Regular', 8.5, 'DOMESTIC SERVICE CONTINUE....', '2017-09-11', 'Approved', '2017-09-11', '2017-09-11'),
(827, '58', 15, 107, '966', 'Regular', 3, 'Modified floor plans as per received markups.', '2017-09-11', 'Approved', '2017-09-11', '2017-09-11'),
(828, '96', 14, 33, '261', 'Regular', 1, 'Watching ILX vedios from (50504xx to 50701)', '2017-09-11', 'Approved', '2017-09-11', '2017-09-11'),
(829, '96', 14, 16, '214', 'Regular', 7.5, 'Developing YGAP A-BLOCK project from level 0.00to+430 3d model in ALLPLAN software.', '2017-09-11', 'Approved', '2017-09-11', '2017-09-11'),
(830, '82', 2, 9, '183', 'Regular', 8.5, 'Started TAPH Building modelling for condensate drain.', '2017-09-11', 'Approved', '2017-09-11', '2017-09-11'),
(831, '83', 2, 9, '187', 'Regular', 8.5, 'coordination\r\n', '2017-09-11', 'Approved', '2017-09-11', '2017-09-11'),
(832, '101', 7, 7, '179', 'Regular', 8.5, 'mail Sep 06- Replace all the MEP model to linked file then relode the model\r\nmarkups of mail Sep 07- 02(South Elevation) & 03(Ceiling, wall tag, comments)', '2017-09-11', 'Approved', '2017-09-11', '2017-09-11'),
(833, '61', 14, 33, '261', 'Regular', 4.5, 'GHA Project reports...', '2017-09-11', 'Approved', '2017-09-11', '2017-09-11'),
(834, '61', 14, 33, '261', 'Regular', 4, 'MD Project\r\nkitchen interior elevations', '2017-09-11', 'Approved', '2017-09-11', '2017-09-11'),
(836, '68', 14, 16, '276', 'Regular', 7.5, '3d project  searching internet as per our project   ', '2017-09-08', 'Approved', '2017-09-11', '2017-09-11'),
(837, '68', 14, 16, '276', 'Regular', 4.5, '3d project  searching internet as per our project   ', '2017-09-09', 'Approved', '2017-09-11', '2017-09-11'),
(838, '68', 14, 33, '261', 'Regular', 3.5, 'revit practice ', '2017-09-09', 'Approved', '2017-09-11', '2017-09-11'),
(839, '95', 14, 33, '261', 'Regular', 8, 'Watching ILX videos  (CD-8A ) & developing interior elevations in md project', '2017-09-11', 'Approved', '2017-09-12', '2017-09-12'),
(840, '51', 26, 89, '925', 'Regular', 8.5, 'Modelled customised shower cubical s, updated trellis, Updated kitchen equipment''s.\r\n', '2017-09-11', 'Approved', '2017-09-12', '2017-09-12'),
(841, '57', 1, 72, '859', 'Regular', 8, 'Worked on Finish schedule,door schedule,Window schedule.', '2017-09-09', 'Approved', '2017-09-12', '2017-09-12'),
(842, '57', 1, 72, '856', 'Regular', 8, 'Worked on sheets A4.2,and A4.3 interior elevations', '2017-09-11', 'Approved', '2017-09-12', '2017-09-12'),
(843, '57', 1, 72, '854', 'Regular', 8, 'Worked on sections A5.0 and A5.1', '2017-09-08', 'Approved', '2017-09-12', '2017-09-12'),
(844, '62', 18, 31, '252', 'Regular', 8.5, 'Working on the interior modelling, updating stairs and fine tuning the model. Completed Anotations as per the received draft amendment.', '2017-09-11', 'Approved', '2017-09-12', '2017-09-12'),
(845, '61', 21, 35, '266', 'Regular', 7, 'Developing lobby level elevations', '2017-09-09', 'Approved', '2017-09-12', '2017-09-12'),
(846, '62', 18, 31, '252', 'Regular', 8.5, 'Developing and updating the window schedule and window types and updating stairs as per the floor plan. Cleaning up the plan and fine tuning the model.', '2017-09-12', 'Approved', '2017-09-12', '2017-09-12'),
(847, '60', 14, 16, '217', 'Regular', 9, 'md set  - luxury  resident - developing dimension plan.', '2017-09-12', 'Approved', '2017-09-12', '2017-09-12'),
(848, '60', 15, 21, '979', 'Regular', 3, 'Door window schedule.', '2017-09-11', 'Approved', '2017-09-12', '2017-09-12'),
(849, '60', 14, 16, '217', 'Regular', 6, 'luxury  resident - developing dimension plan', '2017-09-11', 'Approved', '2017-09-12', '2017-09-12'),
(850, '80', 28, 116, '1068', 'Regular', 5.5, ' Worked on (Architecture) Floor plans on PDF Prints & excel sheets on Sheet Drawings, for all Diciplines.\r\n', '2017-07-31', 'Approved', '2017-09-12', '2017-09-12'),
(851, '80', 28, 116, '994', 'Regular', 7, 'Worked on (Architecture) on Standardising Layers on General sheets & Accessibility Details\r\n', '2017-08-01', 'Approved', '2017-09-12', '2017-09-12'),
(852, '80', 28, 116, '994', 'Regular', 1, 'Worked on (Architecture) on Standardising Layers on General sheets & Accessibility Details\r\n', '2017-08-02', 'Approved', '2017-09-12', '2017-09-12'),
(853, '80', 28, 116, '994', 'Regular', 5.5, 'Worked on (Architecture) on Standardising Layers on Accessibility Details\r\n', '2017-08-09', 'Approved', '2017-09-12', '2017-09-12'),
(854, '80', 28, 116, '994', 'Regular', 5, 'Worked on (Architecture) on Standardising Layers on (A-8.1 & AT-6.1)\r\n', '2017-08-10', 'Approved', '2017-09-12', '2017-09-12'),
(855, '80', 28, 116, '994', 'Regular', 7, 'Worked on (Architecture) on Standardising Layers on (Text, Dims, Break lines, Leaders)\r\n', '2017-08-11', 'Approved', '2017-09-12', '2017-09-12'),
(856, '80', 28, 116, '994', 'Regular', 7, 'Worked on (Electrical Files) on Standardizing Layers  \r\n', '2017-08-12', 'Approved', '2017-09-12', '2017-09-12'),
(857, '80', 28, 116, '994', 'Regular', 6, 'Worked on (Electrical Files) on Standardising Layers  \r\n', '2017-08-14', 'Approved', '2017-09-12', '2017-09-12'),
(858, '80', 28, 116, '994', 'Regular', 6.5, 'Worked on on Standardising Layers on (Architecture) Floor plans\r\n', '2017-08-21', 'Approved', '2017-09-12', '2017-09-12'),
(859, '80', 28, 116, '994', 'Regular', 7.5, 'Worked on on Standardising Layers on (Architecture) A-2.1 Floor plans on Excel file (My File)\r\n', '2017-08-22', 'Approved', '2017-09-12', '2017-09-12'),
(860, '80', 28, 116, '994', 'Regular', 7.5, 'Worked on on Standardising Layers on Arch, Elec, Mech & Fire protection on Title blocks.\r\n', '2017-08-23', 'Approved', '2017-09-12', '2017-09-12'),
(861, '80', 28, 116, '994', 'Regular', 7.5, 'Worked on on Standardising Layers on Arch, Elec, Structural & Fire protection on Title block. X-ref''s & editing T.B. Text & renaming files\r\n', '2017-08-24', 'Approved', '2017-09-12', '2017-09-12'),
(862, '80', 28, 116, '994', 'Regular', 7.5, 'Worked on on Standardising Layers on Architecture on (X-ref- _SVL2-AE-101.dwg) on base file\r\n', '2017-08-28', 'Approved', '2017-09-12', '2017-09-12'),
(863, '80', 28, 116, '994', 'Regular', 7, 'Worked on on Standardising Layers on Architecture on (X-ref- _SVL2-AE-401.dwg) on base file on Updating (My File)\r\n', '2017-08-29', 'Approved', '2017-09-12', '2017-09-12'),
(864, '80', 28, 116, '994,1069', 'Regular', 7.5, 'Worked on on Standardising Layers on Architecture on (X-ref- _SVL2-AE-402.dwg) on base file on Updating (My File)\r\n', '2017-08-30', 'Approved', '2017-09-12', '2017-09-12'),
(865, '80', 28, 116, '994,1069', 'Regular', 6.5, 'Worked on on Standardising Layers on Architecture on (SVL2-AE-402 & SVL2-AE-501 dwg) on base file on Updating (My File)\r\n', '2017-08-31', 'Approved', '2017-09-12', '2017-09-12'),
(866, '80', 28, 116, '994,1069', 'Regular', 7.5, 'Worked on on Standardising Layers on Architecture on (SVL2-AS-001 & SVL2-AE-501 dwg) on base file on Updating (My File)\r\n', '2017-09-01', 'Approved', '2017-09-12', '2017-09-12'),
(867, '80', 28, 116, '994', 'Regular', 2, 'Worked on on Standardising Layers on Electrical on General sheets for updating Symbols\r\n', '2017-09-08', 'Approved', '2017-09-12', '2017-09-12'),
(868, '80', 28, 116, '994', 'Regular', 6.5, 'Worked on Standardising Layers on Electrical ,Fire Protection, Structural & Architectural on General sheets for updating Symbols\r\n', '2017-09-09', 'Approved', '2017-09-12', '2017-09-12'),
(869, '80', 28, 116, '994', 'Regular', 7, 'Worked on Standardising Layers on Electrical ,Fire Protection, Structural & Architectural on General sheets and (AS-001 ON Architecture)\r\n', '2017-09-11', 'Approved', '2017-09-12', '2017-09-12'),
(870, '80', 14, 16, '215', 'Regular', 0, 'LEAVE', '2017-08-16', 'Approved', '2017-09-12', '2017-09-12'),
(871, '80', 14, 16, '215', 'Regular', 0, 'LEAVE', '2017-08-17', 'Approved', '2017-09-12', '2017-09-12'),
(872, '80', 14, 16, '215', 'Regular', 0, 'LEAVE', '2017-08-18', 'Approved', '2017-09-12', '2017-09-12'),
(873, '68', 14, 16, '215', 'Regular', 0, 'leave', '2017-08-01', 'Approved', '2017-09-12', '2017-09-12'),
(874, '68', 14, 16, '215', 'Regular', 0, 'leave', '2017-08-02', 'Approved', '2017-09-12', '2017-09-12'),
(875, '68', 14, 16, '215', 'Regular', 0, 'leave', '2017-08-03', 'Approved', '2017-09-12', '2017-09-12'),
(876, '68', 14, 16, '215', 'Regular', 0, 'leave', '2017-08-04', 'Approved', '2017-09-12', '2017-09-12'),
(877, '68', 14, 16, '215', 'Regular', 0, 'leave', '2017-08-07', 'Approved', '2017-09-12', '2017-09-12'),
(878, '68', 14, 16, '215', 'Regular', 0, 'leave', '2017-08-08', 'Approved', '2017-09-12', '2017-09-12'),
(879, '68', 16, 25, '225', 'Regular', 8.5, 'pdf to cad developing floor plan', '2017-08-09', 'Approved', '2017-09-12', '2017-09-12'),
(880, '68', 14, 16, '215', 'Regular', 0, 'leave', '2017-08-10', 'Approved', '2017-09-12', '2017-09-12'),
(881, '68', 14, 16, '215', 'Regular', 0, 'leave', '2017-08-16', 'Approved', '2017-09-12', '2017-09-12'),
(882, '68', 10, 12, '190', 'Regular', 8.5, 'pdf to cad developing floor plan', '2017-08-12', 'Approved', '2017-09-12', '2017-09-12'),
(883, '68', 22, 69, '893', 'Regular', 7.5, 'developing plan ', '2017-08-14', 'Approved', '2017-09-12', '2017-09-12'),
(884, '68', 14, 16, '215', 'Regular', 0, 'leave', '2017-08-17', 'Approved', '2017-09-12', '2017-09-12'),
(885, '68', 14, 16, '215', 'Regular', 0, 'leave', '2017-08-18', 'Approved', '2017-09-12', '2017-09-12'),
(886, '84', 2, 9, '185', 'Regular', 9, 'Domestic Water Modeling ', '2017-09-12', 'Approved', '2017-09-12', '2017-09-12'),
(887, '68', 22, 69, '893', 'Regular', 7.5, 'developing  pole drawing plan ', '2017-08-23', 'Approved', '2017-09-12', '2017-09-12'),
(888, '68', 22, 69, '894', 'Regular', 7.5, 'addressing markups ', '2017-08-24', 'Approved', '2017-09-12', '2017-09-12'),
(889, '68', 22, 69, '894', 'Regular', 7.5, 'addressing markups ', '2017-08-30', 'Approved', '2017-09-12', '2017-09-12'),
(890, '68', 14, 33, '261', 'Regular', 7.5, 'revit practicing ', '2017-09-11', 'Approved', '2017-09-12', '2017-09-12'),
(892, '105', 30, 138, '1111', 'Regular', 9, 'To Add More images and prices', '2017-09-12', 'Unapproved', '2017-09-12', '2017-09-12'),
(893, '105', 30, 138, '1112', 'Regular', 9, 'To Adding image description', '2017-09-12', 'Unapproved', '2017-09-12', '2017-09-12'),
(896, '107', 30, 138, '1111', 'Regular', 6, 'test', '2017-09-11', 'Approved', '2017-09-12', '2017-09-12'),
(897, '105', 30, 138, '1112', 'Regular', 8.5, 'Test', '2017-09-12', 'Approved', '2017-09-12', '2017-09-12'),
(898, '105', 30, 138, '1111,1112', 'Regular', 8, 'Test by Ashok', '2017-09-12', 'Approved', '2017-09-12', '2017-09-12'),
(899, '105', 32, 139, '1113', 'Regular', 8, 'Testing Done', '2017-09-12', 'Approved', '2017-09-12', '2017-09-12'),
(907, '105', 30, 138, '1111', 'Regular', 8.5, 'Testing by modifies', '2017-09-07', 'Approved', '2017-09-14', '2017-09-14'),
(908, '105', 30, 138, '1112', 'Regular', 9, 'lkajdshsiaduh', '2017-09-14', 'Approved', '2017-09-14', '2017-09-14'),
(909, '107', 30, 138, '1112', 'Regular', 7.5, 'yyes', '2017-09-14', 'Approved', '2017-09-14', '2017-09-14'),
(910, '105', 32, 139, '1113', 'Regular', 3, 'sdfgsdfg', '2017-09-01', 'Approved', '2017-09-14', '2017-09-14'),
(911, '105', 32, 139, '1113', 'Regular', 6.5, 'sgdfg', '2017-09-05', 'Approved', '2017-09-14', '2017-09-14'),
(912, '105', 32, 139, '1113', 'Regular', 7, 'fsadfasd', '2017-09-01', 'Approved', '2017-09-14', '2017-09-14'),
(922, '105', 32, 139, '1113', 'Regular', 4, 'wertwert', '2017-09-07', 'Approved', '2017-09-14', '2017-09-14'),
(923, '105', 32, 139, '1113', 'Regular', 6, 'dsfasdf', '2017-09-01', 'Approved', '2017-09-14', '2017-09-14'),
(924, '105', 32, 139, '1113', 'Regular', 8, 'asdfasdf', '2017-09-06', 'Approved', '2017-09-14', '2017-09-14'),
(925, '105', 32, 139, '1113', 'Regular', 3, 'Fesfsadfsadf ', '2017-09-01', 'Approved', '2017-09-14', '2017-09-14'),
(926, '107', 30, 138, '1111,1112', 'Regular', 6.5, 'Test', '2017-09-14', 'Approved', '2017-09-14', '2017-09-14'),
(927, '107', 30, 138, '1112', 'Regular', 5.5, 'yryyryryry', '2017-09-14', 'Approved', '2017-09-14', '2017-09-14'),
(928, '107', 30, 138, '1112', 'Regular', 7, 'tyhtyt', '2017-09-04', 'Approved', '2017-09-14', '2017-09-14'),
(929, '105', 32, 139, '1113', 'Regular', 6, 'asdfsad', '2017-09-01', 'Approved', '2017-09-14', '2017-09-14'),
(930, '105', 32, 139, '1113', 'Regular', 5.5, 'asdfsadf', '2017-09-07', 'Approved', '2017-09-14', '2017-09-14'),
(931, '107', 30, 138, '1111,1112', 'Regular', 6.5, 'test', '2017-09-06', 'Approved', '2017-09-14', '2017-09-14'),
(935, '105', 32, 139, '1113', 'Regular', 0.5, 'sadfsdf', '2017-09-14', 'Approved', '2017-09-14', '2017-09-14'),
(936, '105', 32, 139, '1113', 'Regular', 0.5, 'sadfsadf', '2017-09-06', 'Approved', '2017-09-14', '2017-09-14'),
(937, '105', 32, 139, '1113', 'Regular', 6.5, 'sdfasdaf', '2017-09-07', 'Approved', '2017-09-14', '2017-09-14'),
(938, '105', 32, 139, '1113', 'Regular', 5, 'sdfsadf', '2017-09-07', 'Approved', '2017-09-14', '2017-09-14'),
(939, '105', 32, 139, '1113', 'Regular', 7, 'asdfsadf sadf', '2017-09-07', 'Approved', '2017-09-14', '2017-09-14'),
(940, '105', 32, 139, '1113', 'Regular', 7, 'sdfgsdfg', '2017-09-01', 'Approved', '2017-09-14', '2017-09-14'),
(941, '105', 32, 139, '1113', 'Regular', 5.5, 'sadfsadf erere', '2017-09-01', 'Approved', '2017-09-14', '2017-09-14'),
(942, '107', 32, 139, '1113', 'Regular', 6, 'test', '2017-09-14', 'Approved', '2017-09-14', '2017-09-14'),
(943, '107', 32, 139, '1113', 'Regular', 2, 'test', '2017-09-13', 'Approved', '2017-09-14', '2017-09-14'),
(944, '107', 32, 139, '1113', 'Regular', 7.5, 'test', '2017-09-14', 'Unapproved', '2017-09-14', '2017-09-14'),
(945, '107', 32, 139, '1113', 'Regular', 8, 'test', '2017-09-14', 'Unapproved', '2017-09-14', '2017-09-14'),
(946, '107', 30, 138, '1111', 'Regular', 5, 'Test', '2017-09-14', 'Unapproved', '2017-09-14', '2017-09-14');

-- --------------------------------------------------------

--
-- Table structure for table `project_details`
--

CREATE TABLE IF NOT EXISTS `project_details` (
  `project_Id` int(11) NOT NULL,
  `client_Id` int(11) NOT NULL,
  `empId` int(11) NOT NULL,
  `project_name` varchar(255) NOT NULL,
  `project_desc` longtext NOT NULL,
  `project_cost` float NOT NULL,
  `budget_cost` float NOT NULL,
  `project_start_date` date NOT NULL,
  `project_end_date` date NOT NULL,
  `status` enum('Pending','Process','Closed') NOT NULL DEFAULT 'Process',
  `created_at` datetime NOT NULL,
  `updated_at` datetime NOT NULL
) ENGINE=InnoDB AUTO_INCREMENT=140 DEFAULT CHARSET=latin1;

--
-- Dumping data for table `project_details`
--

INSERT INTO `project_details` (`project_Id`, `client_Id`, `empId`, `project_name`, `project_desc`, `project_cost`, `budget_cost`, `project_start_date`, `project_end_date`, `status`, `created_at`, `updated_at`) VALUES
(1, 1, 44, '1707 Cinnaholic Pacific', 'Cinnaholic located in  Dallas', 0, 0, '2017-06-23', '2017-07-12', 'Closed', '2017-07-25 09:59:34', '2017-07-25 10:01:10'),
(2, 2, 44, 'Elazig Ygap-Taph-Guvenlik', 'Hospital project in Elazig', 0, 0, '2017-05-01', '0000-00-00', 'Process', '2017-07-25 10:05:22', '2017-07-25 10:05:22'),
(4, 4, 1, 'IT', 'It', 0, 0, '0000-00-00', '0000-00-00', 'Process', '2017-07-26 11:41:56', '2017-07-26 11:41:56'),
(6, 6, 40, '42-44 Garden Street', 'Scope: Revit Modelling\r\nConstruction Type: Industrial Ware House & Office Building', 0, 0, '2017-07-15', '2017-07-29', 'Process', '2017-07-27 10:58:44', '2017-07-27 10:58:44'),
(7, 7, 40, 'Cedarfield - Independent Living Addition', 'Cedarfield - Independent Living Addition_Residential apartment\r\nScope: Revit Modelling, DD Set & CD Set', 0, 0, '2017-06-09', '0000-00-00', 'Process', '2017-07-27 11:08:50', '2017-07-27 11:08:50'),
(8, 8, 40, 'DA SPOT AMC', '3D Modelling & Rendering Services', 0, 0, '2017-07-20', '0000-00-00', 'Process', '2017-07-27 11:21:09', '2017-07-27 11:21:09'),
(9, 2, 45, 'Elazig Ygap-Taph', 'Hospital project in Elazig', 0, 0, '0000-00-00', '0000-00-00', 'Process', '2017-07-27 11:24:48', '2017-07-27 11:24:48'),
(10, 9, 41, '1401 Elm', 'test', 0, 0, '2017-07-01', '0000-00-00', 'Process', '2017-07-27 11:49:01', '2017-07-27 11:49:01'),
(11, 10, 43, 'Waikluku SOB', 'PDF to CAD', 224, 0, '0000-00-00', '0000-00-00', 'Process', '2017-07-29 13:54:41', '2017-07-29 13:54:41'),
(12, 10, 43, 'Central MS', 'Central MS', 70, 0, '2017-07-29', '0000-00-00', 'Process', '2017-07-29 13:55:31', '2017-07-29 13:55:31'),
(13, 11, 1, '1030 Vansickle Condo', ' Hotel building', 0, 0, '0000-00-00', '0000-00-00', 'Process', '2017-07-31 13:22:18', '2017-07-31 13:22:18'),
(14, 12, 39, 'Kedzie residence', 'Renovation and Penthouse modeling and CD set.', 0, 0, '2017-05-04', '0000-00-00', 'Closed', '2017-08-01 11:25:24', '2017-09-01 12:03:16'),
(15, 13, 39, 'Fujiwara Residence', 'Renovation of exterior and interiors.', 0, 0, '0000-00-00', '0000-00-00', 'Process', '2017-08-01 11:53:06', '2017-08-01 11:53:06'),
(16, 14, 1, 'General Task', 'General Task', 0, 0, '0000-00-00', '0000-00-00', 'Process', '2017-08-01 15:26:46', '2017-08-01 15:26:46'),
(17, 14, 44, 'elogic interiors', 'Renovation of interiors or new office interiors', 0, 0, '0000-00-00', '0000-00-00', 'Process', '2017-08-03 16:03:41', '2017-08-03 16:03:41'),
(18, 15, 38, '18638', ' Townhouse', 0, 0, '0000-00-00', '0000-00-00', 'Process', '2017-08-04 08:33:22', '2017-08-04 08:33:22'),
(19, 15, 38, '18310', 'Townhouse with 70 units', 0, 0, '0000-00-00', '0000-00-00', 'Process', '2017-08-04 08:33:48', '2017-08-04 08:33:48'),
(20, 15, 38, '2285', 'Townhouse with 40 units', 0, 0, '0000-00-00', '0000-00-00', 'Process', '2017-08-04 08:34:37', '2017-08-04 08:34:37'),
(21, 15, 38, '19342', 'Townhouse with 52 units', 0, 0, '0000-00-00', '0000-00-00', 'Process', '2017-08-04 08:34:59', '2017-08-04 08:34:59'),
(22, 15, 38, '7185', 'Townhouse with 83 units, working on construction documents', 0, 0, '0000-00-00', '0000-00-00', 'Process', '2017-08-04 08:35:56', '2017-08-04 08:35:56'),
(23, 15, 38, 'Bentley', 'Townhouse with apartment building total units 150 units', 0, 0, '0000-00-00', '0000-00-00', 'Process', '2017-08-04 08:36:35', '2017-08-04 08:36:35'),
(24, 15, 38, 'Panoroma', 'Townhouse Total units with 70 , working on construction drawings', 0, 0, '0000-00-00', '0000-00-00', 'Process', '2017-08-04 08:38:20', '2017-08-04 08:38:20'),
(25, 16, 39, '13200 Santana Row Office Space', 'interior renovations', 0, 0, '2017-08-02', '2017-08-03', 'Closed', '2017-08-04 10:07:02', '2017-09-01 12:06:10'),
(26, 13, 39, 'Dominguez residence', 'Renovation and New construction', 0, 0, '2017-07-14', '0000-00-00', 'Process', '2017-08-04 10:10:02', '2017-08-04 10:10:02'),
(27, 13, 39, 'Jackson Residence', 'Residence Renovation', 0, 0, '2017-07-14', '0000-00-00', 'Process', '2017-08-04 10:11:34', '2017-08-04 10:22:01'),
(28, 13, 39, 'Konishi Residence', 'Residence Renovation', 0, 0, '2017-07-29', '0000-00-00', 'Process', '2017-08-04 10:12:52', '2017-08-04 10:21:51'),
(29, 13, 39, 'MARINAA FAIRE CENTER', 'Plans as per survey', 0, 0, '2017-08-02', '0000-00-00', 'Process', '2017-08-04 10:14:00', '2017-08-04 10:21:42'),
(30, 17, 42, 'Student Center', 'Steel Structure - Module Based', 0, 0, '2017-07-11', '2017-07-19', 'Closed', '2017-08-07 15:32:11', '2017-08-16 14:31:02'),
(31, 18, 40, 'Town House Development', 'Developing Revit Model', 0, 0, '2017-08-04', '0000-00-00', 'Process', '2017-08-08 08:44:16', '2017-08-08 08:44:16'),
(32, 19, 40, 'Louis Vuittion', 'PDf to CAD Conversion', 400, 0, '2017-08-01', '2017-08-11', 'Process', '2017-08-09 07:18:16', '2017-08-09 07:18:16'),
(33, 14, 40, 'Training', 'Training', 0, 0, '0000-00-00', '0000-00-00', 'Process', '2017-08-09 07:21:11', '2017-08-09 07:21:11'),
(34, 20, 39, 'Tracey & Fox', 'Office Renovation  project', 0, 0, '0000-00-00', '0000-00-00', 'Process', '2017-08-09 08:55:16', '2017-08-09 08:55:16'),
(35, 21, 43, 'Embassy Suite Hotel', 'Mussachio', 960, 0, '2017-08-10', '2017-08-12', 'Process', '2017-08-11 06:35:26', '2017-08-11 06:35:26'),
(36, 10, 43, 'Kaimuki', 'Kaimuki', 1960, 0, '2017-07-11', '2017-08-09', 'Closed', '2017-08-11 07:00:25', '2017-08-11 07:00:25'),
(37, 9, 41, 'Gs Garage 3', 'Developing Revit Model', 0, 0, '2017-02-16', '0000-00-00', 'Process', '2017-08-21 08:41:28', '2017-08-21 08:41:28'),
(38, 9, 41, 'AC Fort Worth', 'Developing Revit Model ', 0, 0, '2017-07-03', '0000-00-00', 'Process', '2017-08-21 09:09:33', '2017-08-21 09:09:33'),
(39, 9, 41, 'Park Cities Hilton', 'Developing of CAD Plan', 0, 0, '2017-07-26', '0000-00-00', 'Process', '2017-08-21 09:15:37', '2017-08-21 09:15:37'),
(40, 9, 41, 'Grandscape - Block G', 'Developing Revit Model ', 0, 0, '2017-02-23', '0000-00-00', 'Process', '2017-08-21 09:20:03', '2017-08-21 09:20:03'),
(41, 9, 41, 'Ambassador Hotel', 'Developing Revit Model', 0, 0, '2017-03-28', '0000-00-00', 'Process', '2017-08-21 09:26:51', '2017-08-21 09:26:51'),
(42, 9, 41, 'Drever Senior Living', 'Developing Revit Model ', 0, 0, '2017-03-01', '0000-00-00', 'Process', '2017-08-21 09:32:57', '2017-08-21 09:32:57'),
(43, 9, 41, 'Grandscape Grotto', 'Developing Revit Model ', 0, 0, '2017-07-18', '0000-00-00', 'Process', '2017-08-21 10:36:09', '2017-08-21 10:36:09'),
(44, 9, 41, 'Grandscape Lanoha Residential', 'Developing Revit Model ', 0, 0, '2017-04-19', '0000-00-00', 'Process', '2017-08-21 10:42:06', '2017-08-21 10:42:06'),
(45, 9, 41, 'GS Garage 1', 'Developing Revit Model', 0, 0, '2017-03-01', '0000-00-00', 'Process', '2017-08-21 10:48:10', '2017-08-21 10:48:10'),
(46, 9, 41, 'PS Frisco-custer', 'Developing Revit Model', 0, 0, '2017-02-01', '0000-00-00', 'Process', '2017-08-21 10:52:19', '2017-08-21 10:52:19'),
(47, 9, 41, 'PS Westheimer', 'Developing Revit Model ', 0, 0, '2016-10-22', '0000-00-00', 'Process', '2017-08-21 11:00:04', '2017-08-21 11:00:04'),
(48, 13, 39, 'Tarshish residence', 'Renovation', 0, 0, '0000-00-00', '0000-00-00', 'Process', '2017-08-21 11:02:26', '2017-08-21 11:02:26'),
(49, 9, 41, 'Grandscape Galaxy Theatre', 'Developing Revit Model', 0, 0, '2017-04-29', '0000-00-00', 'Process', '2017-08-21 11:06:34', '2017-08-21 11:06:34'),
(50, 9, 41, 'Presidio', 'Developing Revit Model ', 0, 0, '2017-08-02', '0000-00-00', 'Process', '2017-08-21 11:11:14', '2017-08-21 11:11:14'),
(51, 9, 41, 'GS Block F', 'Developing Tevit Model ', 0, 0, '2017-06-21', '0000-00-00', 'Process', '2017-08-21 11:21:59', '2017-08-21 11:21:59'),
(52, 9, 41, 'Public Storage - Mansfield, FortWorth, PS Template', 'Developing Revit Model ', 0, 0, '2016-04-11', '0000-00-00', 'Process', '2017-08-21 11:27:12', '2017-08-21 11:27:12'),
(53, 9, 41, 'Round Rock', 'Developing Revit Model', 0, 0, '2017-05-01', '0000-00-00', 'Process', '2017-08-21 11:59:01', '2017-08-21 11:59:01'),
(54, 9, 41, 'Entrada', 'Developing Revit Model', 0, 0, '2017-03-25', '0000-00-00', 'Process', '2017-08-21 12:02:50', '2017-08-21 12:02:50'),
(55, 9, 41, 'Ojala', 'Developing Revit Model', 0, 0, '2017-02-01', '0000-00-00', 'Process', '2017-08-21 12:06:59', '2017-08-21 12:06:59'),
(56, 9, 41, 'Hotel Jefferson', 'Developing Revit Model', 0, 0, '2016-04-16', '0000-00-00', 'Process', '2017-08-21 12:11:21', '2017-08-21 12:11:21'),
(57, 9, 41, 'L-3 Addition', 'Developing Revit Model', 0, 0, '2016-12-16', '0000-00-00', 'Process', '2017-08-21 12:15:01', '2017-08-21 12:15:01'),
(58, 9, 41, 'Provident San Antonio', 'Developing Revit Model', 0, 0, '2016-11-09', '0000-00-00', 'Process', '2017-08-21 12:18:24', '2017-08-21 12:18:24'),
(59, 9, 41, 'PS Little Elm', 'Developing Revit Model', 0, 0, '2016-12-10', '0000-00-00', 'Process', '2017-08-21 12:22:23', '2017-08-21 12:22:23'),
(60, 9, 41, 'Martin Hall - Texas College', 'Developing Revit Model', 0, 0, '2016-11-15', '0000-00-00', 'Process', '2017-08-21 12:25:46', '2017-08-21 12:25:46'),
(61, 9, 41, 'NTMWD Maintenance', 'Developing Revit model', 0, 0, '2016-11-23', '0000-00-00', 'Process', '2017-08-21 12:28:39', '2017-08-21 12:28:39'),
(62, 9, 41, '_FNC', 'Developing Revit Model', 0, 0, '2017-01-04', '0000-00-00', 'Process', '2017-08-21 12:31:44', '2017-08-21 12:31:44'),
(63, 9, 41, 'Provident Self Storage-Nashville', 'Developing Revit Model', 0, 0, '2017-04-06', '0000-00-00', 'Process', '2017-08-21 12:34:38', '2017-08-21 12:34:38'),
(64, 9, 41, 'Provident Metairie', 'Developing Revit Model', 0, 0, '2017-02-10', '2017-08-11', 'Process', '2017-08-21 12:40:45', '2017-08-21 12:40:45'),
(65, 9, 41, 'Right Quest Masterplan', 'Developing CAD Plan', 0, 0, '2017-03-17', '0000-00-00', 'Process', '2017-08-21 12:45:02', '2017-08-21 12:45:02'),
(66, 9, 41, 'Gaston Tower Files', 'Developing Cad Plan', 0, 0, '2017-05-10', '0000-00-00', 'Process', '2017-08-21 12:47:12', '2017-08-21 12:47:12'),
(67, 9, 41, 'DYNACRAFT', 'Developing Revit Model', 0, 0, '2017-06-01', '0000-00-00', 'Process', '2017-08-21 12:50:54', '2017-08-21 12:50:54'),
(68, 6, 40, '227 Chapel Street', 'Developing Revit Model', 0, 0, '0000-00-00', '0000-00-00', 'Closed', '2017-08-22 08:33:10', '2017-09-11 12:16:36'),
(69, 22, 39, 'SCL NB 1', 'Telecommunication pole', 0, 0, '0000-00-00', '0000-00-00', 'Closed', '2017-08-22 08:37:36', '2017-09-01 12:06:53'),
(70, 22, 39, 'SCL NB 2', 'Telecommunication pole', 0, 0, '0000-00-00', '0000-00-00', 'Closed', '2017-08-22 08:38:00', '2017-09-01 12:05:29'),
(71, 22, 39, 'SCL NB 3', 'Telecommunication Pole', 0, 0, '0000-00-00', '0000-00-00', 'Closed', '2017-08-22 08:38:15', '2017-09-01 12:05:12'),
(72, 1, 44, '1703 Garland Carwash', 'Carwash project at Garland, Texas. Scope includes Revit modelling and documentation of Architectural, Structural and MEP services.', 0, 0, '2017-08-22', '0000-00-00', 'Process', '2017-08-23 10:17:14', '2017-08-23 10:17:14'),
(73, 1, 44, '1706 Racer Milwaukee Ave Lubbock', 'Car wash project at Lubbock, Texas. Scope includes Revit modelling and documentation of Architectural, Structural and MEP services.', 0, 0, '2017-08-24', '2017-09-21', 'Process', '2017-08-23 10:19:55', '2017-08-23 10:19:55'),
(74, 17, 42, 'Dorm Arch', 'Wood Frame Structure  - Module Based', 0, 0, '2017-07-24', '2017-08-28', 'Process', '2017-08-24 16:56:45', '2017-08-24 16:56:45'),
(75, 22, 39, 'SCL NB 4', 'Telecommunication pole', 0, 0, '0000-00-00', '0000-00-00', 'Closed', '2017-08-29 06:57:45', '2017-09-01 12:05:01'),
(76, 22, 39, 'SCL NB 5', 'Telecommunication pole', 0, 0, '0000-00-00', '0000-00-00', 'Closed', '2017-08-29 06:58:41', '2017-09-01 12:04:56'),
(77, 22, 39, 'SCL NB 6', 'Telecommunication pole', 0, 0, '0000-00-00', '0000-00-00', 'Closed', '2017-08-29 06:59:30', '2017-09-01 12:04:50'),
(78, 22, 39, 'SCL NB 7', 'Telecommunication pole', 0, 0, '0000-00-00', '0000-00-00', 'Closed', '2017-08-29 07:00:34', '2017-09-01 12:04:43'),
(79, 22, 39, 'SCL NB 8', 'Telecommunication pole', 0, 0, '0000-00-00', '0000-00-00', 'Closed', '2017-08-29 07:00:53', '2017-09-01 12:04:37'),
(80, 22, 39, 'SCL NB 9', 'Telecommunication pole', 0, 0, '0000-00-00', '0000-00-00', 'Closed', '2017-08-29 07:01:13', '2017-09-01 12:04:31'),
(81, 22, 39, 'SCL NB 12', 'Telecommunication pole', 0, 0, '0000-00-00', '0000-00-00', 'Closed', '2017-08-29 07:01:35', '2017-09-01 12:04:22'),
(82, 22, 39, 'SCL NB 13', 'Telecommunication pole', 0, 0, '0000-00-00', '0000-00-00', 'Closed', '2017-08-29 07:01:59', '2017-09-01 12:03:27'),
(83, 22, 39, 'SCL NB 16', 'Telecommunication pole', 0, 0, '0000-00-00', '0000-00-00', 'Closed', '2017-08-29 07:02:22', '2017-09-01 12:03:34'),
(84, 22, 39, 'SCL NB 18', 'Telecommunication pole', 0, 0, '0000-00-00', '0000-00-00', 'Closed', '2017-08-29 07:03:15', '2017-09-01 12:03:42'),
(85, 23, 43, 'BLOOM FARMS', 'It is a 2D and 3D project', 0, 0, '2017-08-28', '0000-00-00', 'Process', '2017-08-30 07:01:49', '2017-08-30 07:01:49'),
(86, 24, 40, 'Squirell Residence', '3D Visualization Service', 0, 0, '2017-06-16', '2017-08-02', 'Closed', '2017-08-31 11:02:21', '2017-08-31 11:02:21'),
(87, 25, 40, '4918 21 Street S.W', '3D Visualizer Service', 0, 0, '2017-08-18', '2017-08-23', 'Closed', '2017-08-31 11:09:42', '2017-08-31 11:09:42'),
(88, 23, 40, 'Humbolt', 'Its a 2D and 3D project', 0, 0, '2017-08-28', '2017-08-29', 'Closed', '2017-08-31 11:24:08', '2017-08-31 11:24:08'),
(89, 26, 39, 'KEVIN KONDO RESIDENCE', 'ASBULIT MODELING', 0, 0, '2017-09-01', '2017-09-13', 'Process', '2017-09-01 08:40:29', '2017-09-01 08:40:29'),
(90, 20, 39, 'DPWPR', 'OFFICE RENOVATION ', 0, 0, '0000-00-00', '0000-00-00', 'Process', '2017-09-01 08:47:12', '2017-09-01 08:47:12'),
(91, 20, 39, 'USPM', 'NEW OFFICE LAYOUT', 0, 0, '0000-00-00', '0000-00-00', 'Process', '2017-09-01 08:51:08', '2017-09-01 08:51:08'),
(92, 22, 39, 'Verizon SCL NB 23', 'Telecommunication pole', 0, 0, '0000-00-00', '0000-00-00', 'Process', '2017-09-01 15:03:05', '2017-09-01 15:03:05'),
(93, 22, 39, 'Verizon SCL NB 21', 'Telecommunication pole', 0, 0, '0000-00-00', '0000-00-00', 'Process', '2017-09-01 15:03:34', '2017-09-01 15:03:34'),
(94, 22, 39, 'Verizon SCL NB 25', 'Telecommunication pole', 0, 0, '0000-00-00', '0000-00-00', 'Process', '2017-09-01 15:03:51', '2017-09-01 15:03:51'),
(95, 22, 39, 'Verizon SCL NB 32', 'Telecommunication pole', 0, 0, '0000-00-00', '0000-00-00', 'Process', '2017-09-01 15:04:07', '2017-09-01 15:04:07'),
(96, 22, 39, 'Verizon SCL NB 30', 'Telecommunication pole', 0, 0, '0000-00-00', '0000-00-00', 'Process', '2017-09-01 15:04:22', '2017-09-01 15:04:22'),
(97, 22, 39, 'Verizon SCL NB 29', 'Telecommunication pole', 0, 0, '0000-00-00', '0000-00-00', 'Process', '2017-09-01 15:04:38', '2017-09-01 15:04:38'),
(98, 22, 39, 'Verizon SCL NB 33', 'Telecommunication pole', 0, 0, '0000-00-00', '0000-00-00', 'Process', '2017-09-01 15:04:52', '2017-09-01 15:04:52'),
(99, 22, 39, 'Verizon SCL NB 36', 'Telecommunication pole', 0, 0, '0000-00-00', '0000-00-00', 'Process', '2017-09-01 15:05:07', '2017-09-01 15:05:07'),
(100, 22, 39, 'Verizon SCL NB 37', 'Telecommunication pole', 0, 0, '0000-00-00', '0000-00-00', 'Process', '2017-09-01 15:05:21', '2017-09-01 15:05:21'),
(101, 22, 39, 'Verizon SCL NB 45', 'Telecommunication pole', 0, 0, '0000-00-00', '0000-00-00', 'Process', '2017-09-01 15:05:35', '2017-09-01 15:05:35'),
(102, 22, 39, 'Verizon SCL NB 67', 'Telecommunication pole', 0, 0, '0000-00-00', '0000-00-00', 'Process', '2017-09-01 15:05:54', '2017-09-01 15:05:54'),
(103, 22, 39, 'Verizon SCL NB 78', 'Telecommunication pole', 0, 0, '0000-00-00', '0000-00-00', 'Process', '2017-09-01 15:06:11', '2017-09-01 15:06:11'),
(104, 22, 39, 'Verizon SCL Newport Pier A1', 'Telecommunication pole', 0, 0, '0000-00-00', '0000-00-00', 'Process', '2017-09-01 15:08:04', '2017-09-01 15:08:04'),
(105, 22, 39, 'Verizon SCL Newport Pier A2', 'Telecommunication pole', 0, 0, '0000-00-00', '0000-00-00', 'Process', '2017-09-01 15:08:18', '2017-09-01 15:08:18'),
(106, 22, 39, 'Verizon SCL Newport Pier A3', 'Telecommunication pole', 0, 0, '0000-00-00', '0000-00-00', 'Process', '2017-09-01 15:08:35', '2017-09-01 15:08:35'),
(107, 15, 38, '9299', 'Chilliwack', 0, 0, '0000-00-00', '0000-00-00', 'Process', '2017-09-08 12:54:15', '2017-09-08 12:54:35'),
(108, 27, 45, 'Joe''s Restaurant', 'Electrical & Plumbing services ', 0, 0, '2017-09-09', '0000-00-00', 'Process', '2017-09-09 06:37:21', '2017-09-09 06:37:21'),
(109, 28, 41, 'RTP', 'RTP', 0, 0, '0000-00-00', '0000-00-00', 'Process', '2017-09-12 07:50:02', '2017-09-12 07:50:02'),
(110, 28, 41, 'RTP2', 'RTP2', 0, 0, '0000-00-00', '0000-00-00', 'Process', '2017-09-12 07:50:14', '2017-09-12 07:50:14'),
(111, 28, 41, 'RTP4', 'RTP4', 0, 0, '0000-00-00', '0000-00-00', 'Process', '2017-09-12 07:50:26', '2017-09-12 07:50:26'),
(112, 28, 41, 'SVL1', 'SVL1', 0, 0, '0000-00-00', '0000-00-00', 'Process', '2017-09-12 07:50:51', '2017-09-12 07:50:51'),
(113, 28, 41, 'SVL4', 'SVL4', 0, 0, '0000-00-00', '0000-00-00', 'Process', '2017-09-12 07:51:11', '2017-09-12 07:51:11'),
(114, 28, 41, 'RTP 2', 'RTP 2', 0, 0, '0000-00-00', '0000-00-00', 'Process', '2017-09-12 07:55:32', '2017-09-12 07:55:32'),
(115, 28, 41, 'SVL 3', 'SVL 3', 0, 0, '0000-00-00', '0000-00-00', 'Process', '2017-09-12 07:55:42', '2017-09-12 07:55:42'),
(116, 28, 41, 'SVL 2', 'SVL 2', 0, 0, '0000-00-00', '0000-00-00', 'Process', '2017-09-12 07:55:57', '2017-09-12 07:55:57'),
(117, 28, 41, 'NB3', 'NB3', 0, 0, '0000-00-00', '0000-00-00', 'Process', '2017-09-12 07:56:18', '2017-09-12 07:56:18'),
(118, 28, 41, 'NB4', 'NB4', 0, 0, '0000-00-00', '0000-00-00', 'Process', '2017-09-12 07:56:38', '2017-09-12 07:56:38'),
(119, 28, 41, 'SVL7', 'SVL7', 0, 0, '0000-00-00', '0000-00-00', 'Process', '2017-09-12 08:03:59', '2017-09-12 08:03:59'),
(120, 28, 41, 'SVL8', 'SVL8', 0, 0, '0000-00-00', '0000-00-00', 'Process', '2017-09-12 08:04:09', '2017-09-12 08:04:09'),
(121, 28, 41, 'RTP1', 'RTP1', 0, 0, '0000-00-00', '0000-00-00', 'Process', '2017-09-12 08:04:18', '2017-09-12 08:04:18'),
(122, 28, 41, 'SVL10', 'SVL10', 0, 0, '0000-00-00', '0000-00-00', 'Process', '2017-09-12 08:04:29', '2017-09-12 08:04:29'),
(123, 28, 41, 'SVL11', 'SVL11', 0, 0, '0000-00-00', '0000-00-00', 'Process', '2017-09-12 08:04:40', '2017-09-12 08:04:40'),
(124, 28, 41, 'Garage C', 'Garage C', 0, 0, '0000-00-00', '0000-00-00', 'Process', '2017-09-12 08:04:51', '2017-09-12 08:04:51'),
(125, 28, 41, 'Garage A', 'Garage A', 0, 0, '0000-00-00', '0000-00-00', 'Process', '2017-09-12 08:05:02', '2017-09-12 08:05:02'),
(126, 28, 41, 'SVL 12', 'SVL 12', 0, 0, '0000-00-00', '0000-00-00', 'Process', '2017-09-12 08:05:12', '2017-09-12 08:05:12'),
(127, 28, 41, 'Wichita', 'Wichita', 0, 0, '0000-00-00', '0000-00-00', 'Process', '2017-09-12 08:05:22', '2017-09-12 08:05:27'),
(128, 28, 41, 'SVL Mechanical Schedules', 'SVL Mechanical Schedules', 0, 0, '0000-00-00', '0000-00-00', 'Process', '2017-09-12 08:05:38', '2017-09-12 08:05:38'),
(129, 28, 41, 'SVL9', 'SVL9', 0, 0, '0000-00-00', '0000-00-00', 'Process', '2017-09-12 08:05:51', '2017-09-12 08:05:51'),
(130, 28, 41, 'SVL Electrical Schedules', 'SVL Electrical Schedules', 0, 0, '0000-00-00', '0000-00-00', 'Process', '2017-09-12 08:06:03', '2017-09-12 08:06:03'),
(131, 28, 41, 'North Sydney', 'North Sydney', 0, 0, '0000-00-00', '0000-00-00', 'Process', '2017-09-12 08:06:12', '2017-09-12 08:06:12'),
(132, 28, 41, 'General', 'General', 0, 0, '0000-00-00', '0000-00-00', 'Process', '2017-09-12 08:06:22', '2017-09-12 08:06:22'),
(133, 28, 41, 'BRUSSEL DIEGEM', 'BRUSSEL DIEGEM', 0, 0, '0000-00-00', '0000-00-00', 'Process', '2017-09-12 08:06:30', '2017-09-12 08:06:30'),
(134, 28, 41, 'RTP5', 'RTP5', 0, 0, '0000-00-00', '0000-00-00', 'Process', '2017-09-12 08:06:45', '2017-09-12 08:06:45'),
(135, 28, 41, 'RTP3', 'RTP 3', 0, 0, '0000-00-00', '0000-00-00', 'Process', '2017-09-12 08:56:30', '2017-09-12 08:56:30'),
(138, 30, 104, 'Moodboard', 'Customized  moodboard', 0, 0, '2017-09-01', '2017-09-26', 'Process', '2017-09-12 12:57:03', '2017-09-12 12:57:03'),
(139, 32, 102, 'AFL  Services', 'AFL  Services', 0, 0, '0000-00-00', '0000-00-00', 'Process', '2017-09-12 16:46:26', '2017-09-12 16:46:26');

-- --------------------------------------------------------

--
-- Table structure for table `task_details`
--

CREATE TABLE IF NOT EXISTS `task_details` (
  `task_Id` int(11) NOT NULL,
  `client_Id` int(11) NOT NULL,
  `project_Id` int(11) NOT NULL,
  `empId` varchar(20) NOT NULL,
  `task_name` varchar(255) NOT NULL,
  `task_desc` longtext NOT NULL,
  `task_cost` float NOT NULL,
  `status` enum('Pending','Process','Closed') NOT NULL DEFAULT 'Process',
  `created_at` datetime NOT NULL,
  `updated_at` datetime NOT NULL
) ENGINE=InnoDB AUTO_INCREMENT=1114 DEFAULT CHARSET=latin1;

--
-- Dumping data for table `task_details`
--

INSERT INTO `task_details` (`task_Id`, `client_Id`, `project_Id`, `empId`, `task_name`, `task_desc`, `task_cost`, `status`, `created_at`, `updated_at`) VALUES
(1, 2, 2, '44', 'YGAP ince is modelling', 'Interior or fine works modelling of YGAP building', 0, 'Process', '2017-07-25 10:06:14', '2017-07-25 10:06:14'),
(3, 4, 4, '1', '16 Nace Ave', '', 0, 'Process', '2017-07-26 11:44:23', '2017-07-26 11:44:23'),
(4, 4, 4, '1', '3d Modeling/ Rendering &Photoshop', '', 0, 'Process', '2017-07-26 11:44:40', '2017-07-26 11:44:40'),
(5, 4, 4, '1', '3d Rendering', '', 0, 'Process', '2017-07-26 11:45:23', '2017-07-26 11:45:23'),
(6, 4, 4, '1', '3D Wireframe Modeling', '', 0, 'Process', '2017-07-26 11:45:39', '2017-07-26 11:45:39'),
(7, 4, 4, '1', 'Addressing Markups', '', 0, 'Process', '2017-07-26 11:46:09', '2017-07-26 11:46:09'),
(8, 4, 4, '1', 'Admin Support / Reports', '', 0, 'Process', '2017-07-26 11:46:39', '2017-07-26 11:46:39'),
(9, 4, 4, '1', 'Aggregation', '', 0, 'Process', '2017-07-26 11:46:59', '2017-07-26 11:46:59'),
(10, 4, 4, '1', 'Analysis', '', 0, 'Process', '2017-07-26 11:47:54', '2017-07-26 11:47:54'),
(11, 4, 4, '1', 'Application License', '', 0, 'Process', '2017-07-26 11:52:32', '2017-07-26 11:52:32'),
(12, 4, 4, '1', 'Appraisal Exercise', '', 0, 'Process', '2017-07-26 11:54:12', '2017-07-26 11:54:12'),
(13, 4, 4, '1', 'Archicad', '', 0, 'Process', '2017-07-26 11:54:28', '2017-07-26 11:54:28'),
(14, 4, 4, '1', 'Area Calculations', '', 0, 'Process', '2017-07-26 11:54:42', '2017-07-26 11:54:42'),
(15, 4, 4, '1', 'Arrange Conference calls', '', 0, 'Process', '2017-07-26 11:55:05', '2017-07-26 11:55:05'),
(16, 4, 4, '1', 'Assistance for 3D Rendering', '', 0, 'Process', '2017-07-26 11:55:17', '2017-07-26 11:55:17'),
(17, 4, 4, '1', 'Audit', '', 0, 'Process', '2017-07-26 11:55:30', '2017-07-26 11:55:30'),
(18, 4, 4, '1', 'Blue Line Conversion to CAD', '', 0, 'Process', '2017-07-26 11:55:48', '2017-07-26 11:55:48'),
(19, 4, 4, '1', 'BRS', '', 0, 'Process', '2017-07-26 11:56:01', '2017-07-26 11:56:01'),
(20, 4, 4, '1', 'Bug Fixing Built Key contacts & Opt in email list', '', 0, 'Process', '2017-07-26 11:56:18', '2017-07-26 11:56:18'),
(21, 4, 4, '1', 'CAD Standards', '', 0, 'Process', '2017-07-26 11:59:05', '2017-07-26 11:59:05'),
(22, 4, 4, '1', 'CAD to PDF', '', 0, 'Process', '2017-07-26 11:59:21', '2017-07-26 11:59:21'),
(23, 4, 4, '1', 'Cad to PDF conversion', '', 0, 'Process', '2017-07-26 11:59:39', '2017-07-26 11:59:39'),
(24, 4, 4, '1', 'Cad to Revit Conversion', '', 0, 'Process', '2017-07-26 11:59:54', '2017-07-26 11:59:54'),
(25, 4, 4, '1', 'Categories cold hot and warm', '', 0, 'Process', '2017-07-26 12:00:08', '2017-07-26 12:00:08'),
(26, 4, 4, '1', 'CD Set', '', 0, 'Process', '2017-07-26 12:01:20', '2017-07-26 12:01:20'),
(27, 4, 4, '1', 'Client Interaction', '', 0, 'Process', '2017-07-26 12:09:04', '2017-07-26 12:09:04'),
(28, 4, 4, '1', 'Cold calling & emailing', '', 0, 'Process', '2017-07-26 12:09:17', '2017-07-26 12:09:17'),
(29, 4, 4, '1', 'Complaints', '', 0, 'Process', '2017-07-26 12:09:29', '2017-07-26 12:09:29'),
(30, 4, 4, '1', 'Composing Layouts', '', 0, 'Process', '2017-07-26 12:09:42', '2017-07-26 12:09:42'),
(31, 4, 4, '1', 'Concept Development', '', 0, 'Process', '2017-07-26 12:09:55', '2017-07-26 12:09:55'),
(32, 4, 4, '1', 'Conducting Interviews', '', 0, 'Process', '2017-07-26 12:10:09', '2017-07-26 12:10:09'),
(33, 4, 4, '1', 'Conference calls', '', 0, 'Process', '2017-07-26 12:10:28', '2017-07-26 12:10:28'),
(34, 4, 4, '1', 'Conversations', '', 0, 'Process', '2017-07-26 12:10:54', '2017-07-26 12:10:54'),
(35, 4, 4, '1', 'Conversion to MicroStation', '', 0, 'Process', '2017-07-26 12:11:12', '2017-07-26 12:11:12'),
(36, 4, 4, '1', 'Coordinating for trail projects', '', 0, 'Process', '2017-07-26 12:11:32', '2017-07-26 12:11:32'),
(37, 4, 4, '1', 'Coordinating with team', '', 0, 'Process', '2017-07-26 12:11:45', '2017-07-26 12:11:45'),
(38, 4, 4, '1', 'Coordinating with other Teams', '', 0, 'Process', '2017-07-26 12:12:03', '2017-07-26 12:12:03'),
(39, 4, 4, '1', 'Correction of Markup Plans', '', 0, 'Process', '2017-07-26 12:12:17', '2017-07-26 12:12:17'),
(40, 4, 4, '1', 'Correction of Markups in Details', '', 0, 'Process', '2017-07-26 12:12:31', '2017-07-26 12:12:31'),
(41, 4, 4, '1', 'Correction of Markups in Elevations', '', 0, 'Process', '2017-07-26 12:12:49', '2017-07-26 12:12:49'),
(42, 4, 4, '1', 'Correction of Markups in Sections', '', 0, 'Process', '2017-07-26 12:23:31', '2017-07-26 12:23:31'),
(43, 4, 4, '1', 'Correspondence', '', 0, 'Process', '2017-07-26 12:24:06', '2017-07-26 12:24:06'),
(44, 4, 4, '1', 'Cost Estimate', '', 0, 'Process', '2017-07-26 12:24:19', '2017-07-26 12:24:19'),
(45, 4, 4, '1', 'Data Center', '', 0, 'Process', '2017-07-26 12:24:30', '2017-07-26 12:24:30'),
(46, 4, 4, '1', 'Design Development', '', 0, 'Process', '2017-07-26 12:25:30', '2017-07-26 12:25:30'),
(47, 4, 4, '1', 'Design Queries', '', 0, 'Process', '2017-07-26 12:25:42', '2017-07-26 12:25:42'),
(48, 4, 4, '1', 'Design Review', '', 0, 'Process', '2017-07-26 12:25:54', '2017-07-26 12:25:54'),
(49, 4, 4, '1', 'Developing Base Drawings', '', 0, 'Process', '2017-07-26 12:26:06', '2017-07-26 12:26:06'),
(50, 4, 4, '1', 'Developing Cover Sheet', '', 0, 'Process', '2017-07-26 12:26:18', '2017-07-26 12:26:18'),
(51, 4, 4, '1', 'Developing Details', '', 0, 'Process', '2017-07-26 12:26:30', '2017-07-26 12:26:30'),
(52, 4, 4, '1', 'Developing Elevations', '', 0, 'Process', '2017-07-26 12:26:42', '2017-07-26 12:26:42'),
(53, 4, 4, '1', 'Developing Interior Elevation', '', 0, 'Process', '2017-07-26 12:26:58', '2017-07-26 12:26:58'),
(54, 4, 4, '1', 'Developing Plans', '', 0, 'Process', '2017-07-26 12:27:11', '2017-07-26 12:27:11'),
(55, 4, 4, '1', 'Developing Sections', '', 0, 'Process', '2017-07-26 12:27:24', '2017-07-26 12:27:24'),
(56, 4, 4, '1', 'Developing Title Blocks', '', 0, 'Process', '2017-07-26 12:28:07', '2017-07-26 12:28:07'),
(57, 4, 4, '1', 'Digitization of Grading Plan', '', 0, 'Process', '2017-07-26 12:28:19', '2017-07-26 12:28:19'),
(58, 4, 4, '1', 'Director works', '', 0, 'Process', '2017-07-26 12:28:30', '2017-07-26 12:28:30'),
(59, 4, 4, '1', 'Discussion', '', 0, 'Process', '2017-07-26 12:28:42', '2017-07-26 12:28:42'),
(60, 4, 4, '1', 'Document Management', '', 0, 'Process', '2017-07-26 12:28:54', '2017-07-26 12:28:54'),
(61, 4, 4, '1', 'Documentation', '', 0, 'Process', '2017-07-26 12:29:06', '2017-07-26 12:29:06'),
(62, 4, 4, '1', 'Electrical', '', 0, 'Process', '2017-07-26 12:29:17', '2017-07-26 12:29:17'),
(63, 4, 4, '1', 'Email Configuration', '', 0, 'Process', '2017-07-26 12:29:41', '2017-07-26 12:29:41'),
(64, 4, 4, '1', 'Email Correspondence', '', 0, 'Process', '2017-07-26 12:29:54', '2017-07-26 12:29:54'),
(65, 4, 4, '1', 'Employee Grievances', '', 0, 'Process', '2017-07-26 12:30:08', '2017-07-26 12:30:08'),
(66, 4, 4, '1', 'File Server', '', 0, 'Process', '2017-07-26 12:30:19', '2017-07-26 12:30:19'),
(67, 4, 4, '1', 'Final Accounts', '', 0, 'Process', '2017-07-26 12:30:32', '2017-07-26 12:30:32'),
(68, 4, 4, '1', 'Floor Plan', '', 0, 'Process', '2017-07-26 12:30:49', '2017-07-26 12:30:49'),
(69, 4, 4, '1', 'Folder Hierarchy', '', 0, 'Process', '2017-07-26 12:31:00', '2017-07-26 12:31:00'),
(70, 4, 4, '1', 'Followup Ex-clients', '', 0, 'Process', '2017-07-26 12:31:13', '2017-07-26 12:31:13'),
(71, 4, 4, '1', 'Followup for paid projects', '', 0, 'Process', '2017-07-26 12:31:24', '2017-07-26 12:31:24'),
(72, 4, 4, '1', 'Followup hot leads', '', 0, 'Process', '2017-07-26 12:31:36', '2017-07-26 12:31:36'),
(73, 4, 4, '1', 'Fortune Honda', '', 0, 'Process', '2017-07-26 12:31:51', '2017-07-26 12:31:51'),
(74, 4, 4, '1', 'FTP', '', 0, 'Process', '2017-07-26 12:32:03', '2017-07-26 12:32:03'),
(75, 4, 4, '1', 'General Tasks', '', 0, 'Process', '2017-07-26 12:32:15', '2017-07-26 12:32:15'),
(76, 4, 4, '1', 'Greeting and Updates', '', 0, 'Process', '2017-07-26 12:32:27', '2017-07-26 12:32:27'),
(77, 4, 4, '1', 'Grievances', '', 0, 'Process', '2017-07-26 12:32:41', '2017-07-26 12:32:41'),
(78, 4, 4, '1', 'Group Discussions', '', 0, 'Process', '2017-07-26 12:32:53', '2017-07-26 12:32:53'),
(79, 4, 4, '1', 'High Level Designing', '', 0, 'Process', '2017-07-26 12:33:05', '2017-07-26 12:33:05'),
(80, 4, 4, '1', 'Induction', '', 0, 'Process', '2017-07-26 12:33:16', '2017-07-26 12:33:16'),
(81, 4, 4, '1', 'Interior Elevations', '', 0, 'Process', '2017-07-26 12:33:27', '2017-07-26 12:33:27'),
(86, 4, 4, '1', 'Leave', '', 0, 'Process', '2017-07-26 12:34:25', '2017-07-26 12:34:25'),
(87, 4, 4, '1', 'Low Level Designing', '', 0, 'Process', '2017-07-26 12:34:37', '2017-07-26 12:34:37'),
(88, 4, 4, '1', 'Managed Tracked and Reported status', '', 0, 'Process', '2017-07-26 12:34:48', '2017-07-26 12:34:48'),
(89, 4, 4, '1', 'Marketing Collateral', '', 0, 'Process', '2017-07-26 12:35:01', '2017-07-26 12:35:01'),
(91, 4, 4, '1', 'Mechanical Schedules from CAD to XLS', '', 0, 'Process', '2017-07-26 12:35:25', '2017-07-26 12:35:25'),
(93, 4, 4, '1', 'MEP CAD Drafting', '', 0, 'Process', '2017-07-26 12:35:49', '2017-07-26 12:35:49'),
(94, 4, 4, '1', 'MEP Modeling- Revit', '', 0, 'Process', '2017-07-26 12:36:01', '2017-07-26 12:36:01'),
(95, 4, 4, '1', 'MEP Riser diagrams', '', 0, 'Process', '2017-07-26 12:36:11', '2017-07-26 12:36:11'),
(96, 4, 4, '1', 'MicroStation Conversions', '', 0, 'Process', '2017-07-26 12:36:25', '2017-07-26 12:36:25'),
(103, 4, 4, '1', 'Modification', '', 0, 'Process', '2017-07-26 12:42:30', '2017-07-26 12:42:30'),
(104, 4, 4, '1', 'Modifying Details', '', 0, 'Process', '2017-07-26 12:42:42', '2017-07-26 12:42:42'),
(105, 4, 4, '1', 'Modifying Elevations', '', 0, 'Process', '2017-07-26 12:42:55', '2017-07-26 12:42:55'),
(106, 4, 4, '1', 'Modifying Plans', '', 0, 'Process', '2017-07-26 12:43:06', '2017-07-26 12:43:06'),
(107, 4, 4, '1', 'Modifying Sections', '', 0, 'Process', '2017-07-26 12:43:18', '2017-07-26 12:43:18'),
(108, 4, 4, '1', 'Monthly Meeting', '', 0, 'Process', '2017-07-26 12:43:29', '2017-07-26 12:43:29'),
(112, 4, 4, '1', 'PDF Modifications', '', 0, 'Process', '2017-07-26 12:44:55', '2017-07-26 12:44:55'),
(113, 4, 4, '1', 'PDF to CAD', '', 0, 'Process', '2017-07-26 13:09:16', '2017-07-26 13:09:16'),
(114, 4, 4, '1', 'Performance Fine tuning', '', 0, 'Process', '2017-07-26 13:09:29', '2017-07-26 13:09:29'),
(115, 4, 4, '1', 'Photoshop Rendering', '', 0, 'Process', '2017-07-26 13:09:43', '2017-07-26 13:09:43'),
(116, 4, 4, '1', 'Plan Development', '', 0, 'Process', '2017-07-26 13:09:55', '2017-07-26 13:09:55'),
(117, 4, 4, '1', 'Plotting Check Set', '', 0, 'Process', '2017-07-26 13:10:06', '2017-07-26 13:10:06'),
(119, 4, 4, '1', 'PowerPoint Presentation', '', 0, 'Process', '2017-07-26 13:10:33', '2017-07-26 13:10:33'),
(120, 4, 4, '1', 'Presentation Drawings', '', 0, 'Process', '2017-07-26 13:10:50', '2017-07-26 13:10:50'),
(124, 4, 4, '1', 'Project Quotes and RFPs', '', 0, 'Process', '2017-07-26 13:11:56', '2017-07-26 13:11:56'),
(125, 4, 4, '1', 'Project Requirement Analysis', '', 0, 'Process', '2017-07-26 13:12:06', '2017-07-26 13:12:06'),
(126, 4, 4, '1', 'Project Review', '', 0, 'Process', '2017-07-26 13:12:17', '2017-07-26 13:12:17'),
(127, 4, 4, '1', 'Quality Check', '', 0, 'Process', '2017-07-26 13:12:28', '2017-07-26 13:12:28'),
(128, 4, 4, '1', 'Quantity takeoffs (BOQ)', '', 0, 'Process', '2017-07-26 13:12:38', '2017-07-26 13:12:38'),
(129, 4, 4, '1', 'R&D', '', 0, 'Process', '2017-07-26 13:12:48', '2017-07-26 13:12:48'),
(132, 4, 4, '1', 'References from existing clients', '', 0, 'Process', '2017-07-26 13:13:27', '2017-07-26 13:13:27'),
(133, 4, 4, '1', 'Reports', '', 0, 'Process', '2017-07-26 13:13:39', '2017-07-26 13:13:39'),
(134, 4, 4, '1', 'Research and Analysis', '', 0, 'Process', '2017-07-26 13:13:50', '2017-07-26 13:13:50'),
(135, 4, 4, '1', 'Revised Drawings', '', 0, 'Process', '2017-07-26 13:14:00', '2017-07-26 13:14:00'),
(136, 4, 4, '1', 'Revit Documentation', '', 0, 'Process', '2017-07-26 13:14:11', '2017-07-26 13:14:11'),
(137, 4, 4, '1', 'Revit MEP Modeling', '', 0, 'Process', '2017-07-26 13:14:22', '2017-07-26 13:14:22'),
(138, 4, 4, '1', 'Revit Modeling', '', 0, 'Process', '2017-07-26 13:14:42', '2017-07-26 13:14:42'),
(139, 4, 4, '1', 'Revit Standards', '', 0, 'Process', '2017-07-26 13:14:54', '2017-07-26 13:14:54'),
(140, 4, 4, '1', 'Revit Structural Modeling', '', 0, 'Process', '2017-07-26 13:15:07', '2017-07-26 13:15:07'),
(143, 4, 4, '1', 'Schedules From Autocad to XLS', '', 0, 'Process', '2017-07-26 13:15:42', '2017-07-26 13:15:42'),
(148, 4, 4, '1', 'Sketchup', '', 0, 'Process', '2017-07-26 13:16:42', '2017-07-26 13:16:42'),
(149, 4, 4, '1', 'Sketchup Modeling and Animation', '', 0, 'Process', '2017-07-26 13:16:54', '2017-07-26 13:16:54'),
(152, 4, 4, '1', 'Standards', '', 0, 'Process', '2017-07-26 13:17:39', '2017-07-26 13:17:39'),
(153, 4, 4, '1', 'STPI', '', 0, 'Process', '2017-07-26 13:17:49', '2017-07-26 13:17:49'),
(154, 4, 4, '1', 'Structural CAD Drawings', '', 0, 'Process', '2017-07-26 13:18:02', '2017-07-26 13:18:02'),
(155, 4, 4, '1', 'Structural Detailing', '', 0, 'Process', '2017-07-26 13:18:18', '2017-07-26 13:18:18'),
(156, 4, 4, '1', 'Structural Framing Plans', '', 0, 'Process', '2017-07-26 13:18:28', '2017-07-26 13:18:28'),
(158, 4, 4, '1', 'Team Meeting', '', 0, 'Process', '2017-07-26 13:18:58', '2017-07-26 13:18:58'),
(159, 4, 4, '1', 'Template Set drawings', '', 0, 'Process', '2017-07-26 13:19:11', '2017-07-26 13:19:11'),
(160, 4, 4, '1', 'Time Estimate', '', 0, 'Process', '2017-07-26 13:19:22', '2017-07-26 13:19:22'),
(161, 4, 4, '1', 'Time Sheet', '', 0, 'Process', '2017-07-26 13:19:32', '2017-07-26 13:19:32'),
(162, 4, 4, '1', 'Training', '', 0, 'Process', '2017-07-26 13:19:42', '2017-07-26 13:19:42'),
(164, 4, 4, '1', 'Upload / Download', '', 0, 'Process', '2017-07-26 13:20:04', '2017-07-26 13:20:04'),
(167, 4, 4, '1', 'Visit to Client Place', '', 0, 'Process', '2017-07-26 13:20:39', '2017-07-26 13:20:39'),
(168, 4, 4, '1', 'Visit to Offices', '', 0, 'Process', '2017-07-26 13:20:50', '2017-07-26 13:20:50'),
(169, 4, 4, '1', 'VOIP', '', 0, 'Process', '2017-07-26 13:21:02', '2017-07-26 13:21:02'),
(172, 2, 2, '44', 'Time Sheet', '', 0, 'Process', '2017-07-27 10:02:12', '2017-07-27 10:02:12'),
(173, 2, 2, '44', 'Time Estimate', '', 0, 'Process', '2017-07-27 10:02:12', '2017-07-27 10:02:12'),
(174, 2, 2, '44', 'Coordinating with other Teams', '', 0, 'Process', '2017-07-27 10:02:12', '2017-07-27 10:02:12'),
(175, 2, 2, '44', 'Coordinating with team', '', 0, 'Process', '2017-07-27 10:02:12', '2017-07-27 10:02:12'),
(176, 2, 2, '44', 'Client Interaction', '', 0, 'Process', '2017-07-27 10:02:12', '2017-07-27 10:02:12'),
(177, 2, 2, '44', 'Addressing Markups', '', 0, 'Process', '2017-07-27 10:02:12', '2017-07-27 10:02:12'),
(178, 6, 6, '40', 'Revit Architectural Modelling', 'Revit Architectural Modelling', 0, 'Process', '2017-07-27 11:01:08', '2017-07-27 11:01:08'),
(179, 7, 7, '40', 'Revit Architectural Modelling,', 'Revit Modelling, DD Set, CD Set', 0, 'Process', '2017-07-27 11:11:42', '2017-07-27 11:11:42'),
(180, 7, 7, '40', 'DD Set', 'DD Set', 0, 'Process', '2017-07-27 11:12:01', '2017-07-27 11:12:01'),
(181, 7, 7, '40', 'CD Set', 'CD Set', 0, 'Process', '2017-07-27 11:12:20', '2017-07-27 11:12:20'),
(182, 8, 8, '40', '3d Modeling/ Rendering &Photoshop', '', 0, 'Process', '2017-07-27 11:21:36', '2017-07-27 11:21:36'),
(183, 2, 9, '45', 'HVAC , Heating & Cooling Services Modeling ', 'Revit  MEP Modeling ', 0, 'Process', '2017-07-27 11:34:40', '2017-07-27 11:34:40'),
(184, 2, 9, '45', 'Electrical & ELV Service Modeling ', 'Revit MEP Modeling ', 0, 'Process', '2017-07-27 11:34:20', '2017-07-27 11:34:20'),
(185, 2, 9, '45', 'Sanitary & Domestic Water Services Modeling  ', 'Revit MEP  Modeling ', 0, 'Process', '2017-07-27 11:34:01', '2017-07-27 11:34:01'),
(186, 2, 9, '45', 'Fire Fighting Service Modeling', 'Revit MEP Modeling ', 0, 'Process', '2017-07-27 11:35:53', '2017-07-27 11:35:53'),
(187, 2, 9, '45', 'MEP Service Coordination', 'Coordination in Navisworks ', 0, 'Process', '2017-07-27 11:37:52', '2017-07-27 11:37:52'),
(188, 2, 9, '45', 'Shop drawings Preparation', 'AUTO CAD ', 0, 'Process', '2017-07-27 14:38:03', '2017-07-27 14:38:03'),
(189, 10, 11, '43', 'PDF to CAD', '', 0, 'Process', '2017-07-29 13:56:57', '2017-07-29 13:56:57'),
(190, 10, 12, '43', 'PDF to CAD', '', 0, 'Process', '2017-07-29 13:57:23', '2017-07-29 13:57:23'),
(191, 11, 13, '38', 'Revit Architectural Modelling,', '', 0, 'Process', '2017-08-01 07:30:35', '2017-08-01 07:30:35'),
(192, 11, 13, '38', 'Revit Modeling', '', 0, 'Process', '2017-08-01 07:30:35', '2017-08-01 07:30:35'),
(193, 11, 13, '38', 'Quality Check', '', 0, 'Process', '2017-08-01 07:30:35', '2017-08-01 07:30:35'),
(194, 11, 13, '38', 'Modifying Sections', '', 0, 'Process', '2017-08-01 07:39:14', '2017-08-01 07:39:14'),
(195, 11, 13, '38', 'Modifying Plans', '', 0, 'Process', '2017-08-01 07:39:14', '2017-08-01 07:39:14'),
(196, 11, 13, '38', 'Modifying Elevations', '', 0, 'Process', '2017-08-01 07:39:14', '2017-08-01 07:39:14'),
(197, 11, 13, '38', 'Modifying Details', '', 0, 'Process', '2017-08-01 07:39:14', '2017-08-01 07:39:14'),
(198, 11, 13, '38', 'Modification', '', 0, 'Process', '2017-08-01 07:39:14', '2017-08-01 07:39:14'),
(199, 11, 13, '38', 'Floor Plan', '', 0, 'Process', '2017-08-01 07:39:14', '2017-08-01 07:39:14'),
(200, 11, 13, '38', 'Developing Sections', '', 0, 'Process', '2017-08-01 07:39:14', '2017-08-01 07:39:14'),
(201, 11, 13, '38', 'Developing Base Drawings', '', 0, 'Process', '2017-08-01 07:39:14', '2017-08-01 07:39:14'),
(202, 11, 13, '38', 'Coordinating with team', '', 0, 'Process', '2017-08-01 07:39:14', '2017-08-01 07:39:14'),
(203, 2, 9, '45', 'Client Interaction', '', 0, 'Process', '2017-08-01 08:00:04', '2017-08-01 08:00:04'),
(204, 2, 9, '45', 'Quality Check', '', 0, 'Process', '2017-08-01 08:00:26', '2017-08-01 08:00:26'),
(205, 2, 9, '45', 'Addressing Markups', '', 0, 'Process', '2017-08-01 08:00:44', '2017-08-01 08:00:44'),
(206, 2, 9, '45', 'Coordinating with team', '', 0, 'Process', '2017-08-01 08:01:09', '2017-08-01 08:01:09'),
(207, 12, 14, '39', 'Revit Architectural Modelling,', '', 0, 'Process', '2017-08-01 11:26:07', '2017-08-01 11:26:07'),
(208, 12, 14, '39', 'Addressing Markups', '', 0, 'Process', '2017-08-01 11:26:07', '2017-08-01 11:26:07'),
(209, 13, 15, '39', 'Developing Plans', '', 0, 'Process', '2017-08-01 11:53:41', '2017-08-01 11:53:41'),
(210, 13, 15, '39', 'Developing Elevations', '', 0, 'Process', '2017-08-01 11:53:41', '2017-08-01 11:53:41'),
(211, 13, 15, '39', 'Addressing Markups', '', 0, 'Process', '2017-08-01 11:53:41', '2017-08-01 11:53:41'),
(212, 14, 16, '1', 'Time Sheet', '', 0, 'Process', '2017-08-01 15:28:04', '2017-08-01 15:28:04'),
(213, 14, 16, '1', 'Team Meeting', '', 0, 'Process', '2017-08-01 15:28:04', '2017-08-01 15:28:04'),
(214, 14, 16, '1', 'Quality Check', '', 0, 'Process', '2017-08-01 15:28:04', '2017-08-01 15:28:04'),
(215, 14, 16, '1', 'Leave', '', 0, 'Process', '2017-08-01 15:28:04', '2017-08-01 15:28:04'),
(216, 14, 16, '1', 'Email Correspondence', '', 0, 'Process', '2017-08-01 15:28:04', '2017-08-01 15:28:04'),
(217, 14, 16, '1', 'Developing Plans', '', 0, 'Process', '2017-08-01 15:28:04', '2017-08-01 15:28:04'),
(218, 14, 16, '1', 'Coordinating with team', '', 0, 'Process', '2017-08-01 15:28:04', '2017-08-01 15:28:04'),
(219, 14, 16, '1', 'Analysis', '', 0, 'Process', '2017-08-01 15:28:04', '2017-08-01 15:28:04'),
(220, 14, 16, '44', 'Time Estimate', '', 0, 'Process', '2017-08-02 05:41:21', '2017-08-02 05:41:21'),
(221, 2, 2, '44', 'Facade modelling', '', 0, 'Process', '2017-08-03 06:50:30', '2017-08-03 06:50:30'),
(222, 14, 17, '44', 'Site survey', '', 0, 'Process', '2017-08-03 16:04:24', '2017-08-03 16:04:24'),
(223, 14, 17, '44', 'Developing drawings', '', 0, 'Process', '2017-08-03 16:07:04', '2017-08-03 16:07:04'),
(224, 15, 18, '38', 'Working on Dpset', 'creating data sheet, sections, elevations', 0, 'Process', '2017-08-04 08:39:15', '2017-08-04 08:39:15'),
(225, 16, 25, '39', 'Developing Plans', '', 0, 'Process', '2017-08-04 10:07:32', '2017-08-04 10:07:32'),
(226, 13, 26, '39', 'Developing Sections', '', 0, 'Process', '2017-08-04 10:10:42', '2017-08-04 10:10:42'),
(227, 13, 26, '39', 'Developing Plans', '', 0, 'Process', '2017-08-04 10:10:42', '2017-08-04 10:10:42'),
(228, 13, 26, '39', 'Developing Interior Elevation', '', 0, 'Process', '2017-08-04 10:10:42', '2017-08-04 10:10:42'),
(229, 13, 26, '39', 'Developing Elevations', '', 0, 'Process', '2017-08-04 10:10:42', '2017-08-04 10:10:42'),
(230, 13, 26, '39', 'Addressing Markups', '', 0, 'Process', '2017-08-04 10:10:42', '2017-08-04 10:10:42'),
(231, 13, 27, '39', 'Developing Sections', '', 0, 'Process', '2017-08-04 10:12:13', '2017-08-04 10:12:13'),
(232, 13, 27, '39', 'Developing Plans', '', 0, 'Process', '2017-08-04 10:12:13', '2017-08-04 10:12:13'),
(233, 13, 27, '39', 'Developing Elevations', '', 0, 'Process', '2017-08-04 10:12:13', '2017-08-04 10:12:13'),
(234, 13, 27, '39', 'Addressing Markups', '', 0, 'Process', '2017-08-04 10:12:13', '2017-08-04 10:12:13'),
(235, 13, 28, '39', 'Developing Sections', '', 0, 'Process', '2017-08-04 10:13:19', '2017-08-04 10:13:19'),
(236, 13, 28, '39', 'Developing Plans', '', 0, 'Process', '2017-08-04 10:13:19', '2017-08-04 10:13:19'),
(237, 13, 28, '39', 'Developing Interior Elevation', '', 0, 'Process', '2017-08-04 10:13:19', '2017-08-04 10:13:19'),
(238, 13, 28, '39', 'Developing Elevations', '', 0, 'Process', '2017-08-04 10:13:19', '2017-08-04 10:13:19'),
(239, 13, 28, '39', 'Addressing Markups', '', 0, 'Process', '2017-08-04 10:13:19', '2017-08-04 10:13:19'),
(240, 13, 29, '39', 'Developing Sections', '', 0, 'Process', '2017-08-04 10:14:25', '2017-08-04 10:14:25'),
(241, 13, 29, '39', 'Developing Plans', '', 0, 'Process', '2017-08-04 10:14:25', '2017-08-04 10:14:25'),
(242, 13, 29, '39', 'Developing Elevations', '', 0, 'Process', '2017-08-04 10:14:25', '2017-08-04 10:14:25'),
(243, 13, 29, '39', 'Addressing Markups', '', 0, 'Process', '2017-08-04 10:14:25', '2017-08-04 10:14:25'),
(244, 17, 30, '42', 'Developing Foundation Model', 'Modelling', 0, 'Process', '2017-08-07 15:33:37', '2017-08-07 15:33:37'),
(245, 17, 30, '42', 'Developing Floor Frame Model', 'Floor Framing Model', 0, 'Process', '2017-08-07 15:38:12', '2017-08-07 15:38:12'),
(246, 17, 30, '42', 'Developing Ceiling Frame Model', 'Framing Model', 0, 'Process', '2017-08-07 15:39:03', '2017-08-07 15:39:03'),
(247, 17, 30, '42', 'Developing Roof Framing Model', 'Framing Model', 0, 'Process', '2017-08-07 15:39:38', '2017-08-07 15:39:38'),
(248, 17, 30, '42', 'Developing Foundation Plan', 'Documentation', 0, 'Process', '2017-08-07 15:40:42', '2017-08-07 15:40:42'),
(249, 17, 30, '42', 'Developing Floor Framing Plan', 'Documentation', 0, 'Process', '2017-08-07 15:41:36', '2017-08-07 15:41:36'),
(250, 17, 30, '42', 'Developing Ceiling Framing Plan', 'Documentation', 0, 'Process', '2017-08-07 15:42:11', '2017-08-07 15:42:11'),
(251, 17, 30, '42', 'Developing Roof Framing Plan', 'Documentation', 0, 'Process', '2017-08-07 15:42:43', '2017-08-07 15:42:43'),
(252, 18, 31, '40', 'Revit Architectural Modelling,', '', 0, 'Process', '2017-08-08 08:45:00', '2017-08-08 08:45:00'),
(253, 18, 31, '40', 'DD Set', '', 0, 'Process', '2017-08-08 08:58:57', '2017-08-08 08:58:57'),
(255, 18, 31, '40', 'Addressing Markups', '', 0, 'Process', '2017-08-08 08:57:54', '2017-08-08 08:57:54'),
(257, 10, 11, '43', 'Addressing Markups', '', 0, 'Process', '2017-08-08 09:38:23', '2017-08-08 09:38:23'),
(258, 15, 23, '38', 'Floor plans and elevations', '', 0, 'Process', '2017-08-08 13:14:47', '2017-08-08 13:14:47'),
(259, 19, 32, '40', 'Floor plans and elevations', '', 0, 'Process', '2017-08-09 07:18:40', '2017-08-09 07:18:40'),
(260, 19, 32, '40', 'PDF to CAD', '', 0, 'Process', '2017-08-09 07:18:40', '2017-08-09 07:18:40'),
(261, 14, 33, '40', 'Training', '', 0, 'Process', '2017-08-09 07:21:37', '2017-08-09 07:21:37'),
(262, 20, 34, '39', 'Developing drawings', '', 0, 'Process', '2017-08-09 08:55:37', '2017-08-09 08:55:37'),
(263, 20, 34, '39', 'Addressing Markups', '', 0, 'Process', '2017-08-09 08:55:37', '2017-08-09 08:55:37'),
(264, 2, 2, '44', 'Quality Check', '', 0, 'Process', '2017-08-11 05:56:29', '2017-08-11 05:56:29'),
(265, 21, 35, '43', 'Floor plans and elevations', '', 0, 'Process', '2017-08-11 06:38:18', '2017-08-11 06:38:18'),
(266, 21, 35, '43', 'Developing drawings', '', 0, 'Process', '2017-08-11 06:38:18', '2017-08-11 06:38:18'),
(267, 21, 35, '43', 'Standards', '', 0, 'Process', '2017-08-11 06:38:18', '2017-08-11 06:38:18'),
(268, 21, 35, '43', 'PDF to CAD', '', 0, 'Process', '2017-08-11 06:38:18', '2017-08-11 06:38:18'),
(269, 21, 35, '43', 'General Tasks', '', 0, 'Process', '2017-08-11 06:38:18', '2017-08-11 06:38:18'),
(270, 21, 35, '43', 'Floor Plan', '', 0, 'Process', '2017-08-11 06:38:18', '2017-08-11 06:38:18'),
(271, 21, 35, '43', 'Addressing Markups', '', 0, 'Process', '2017-08-11 06:38:18', '2017-08-11 06:38:18'),
(272, 10, 36, '43', 'PDF to CAD', '', 0, 'Process', '2017-08-11 07:01:16', '2017-08-11 07:01:16'),
(273, 10, 36, '43', 'Addressing Markups', '', 0, 'Process', '2017-08-11 07:01:16', '2017-08-11 07:01:16'),
(274, 14, 16, '44', 'Reports', '', 0, 'Process', '2017-08-17 14:29:08', '2017-08-17 14:29:08'),
(275, 2, 2, '44', 'List', 'Architectural project list', 0, 'Process', '2017-08-18 07:54:51', '2017-08-18 07:54:51'),
(276, 14, 16, '44', 'brochure', '', 0, 'Process', '2017-08-18 07:55:26', '2017-08-18 07:55:26'),
(277, 14, 16, '44', 'Celebration', '', 0, 'Process', '2017-08-18 07:56:04', '2017-08-18 07:56:04'),
(278, 9, 37, '41', 'Developing Floor Plan', '', 0, 'Process', '2017-08-21 08:48:58', '2017-08-21 08:48:58'),
(279, 9, 37, '41', 'Developing Ceiling Plan', '', 0, 'Process', '2017-08-21 08:49:39', '2017-08-21 08:49:39'),
(280, 9, 37, '41', 'Developing Exterior Elevations', '', 0, 'Process', '2017-08-21 08:50:06', '2017-08-21 08:50:06'),
(281, 9, 37, '41', 'Developing Interior Elevations', '', 0, 'Process', '2017-08-21 08:50:24', '2017-08-21 08:50:24'),
(282, 9, 37, '41', 'Developing Sections', '', 0, 'Process', '2017-08-21 08:51:04', '2017-08-21 08:51:04'),
(283, 9, 37, '41', 'Team Co-Ordination', '', 0, 'Process', '2017-08-21 08:51:45', '2017-08-21 08:51:45'),
(284, 9, 37, '41', 'Mail Corresponding', '', 0, 'Process', '2017-08-21 08:52:49', '2017-08-21 08:52:49'),
(285, 9, 37, '41', 'Addressing Markups', '', 0, 'Process', '2017-08-21 08:53:46', '2017-08-21 08:53:46'),
(286, 9, 37, '41', 'Annotating and dimensioning', '', 0, 'Process', '2017-08-21 08:55:20', '2017-08-21 08:55:20'),
(287, 9, 37, '41', 'Training', '', 0, 'Process', '2017-08-21 09:00:51', '2017-08-21 09:00:51'),
(288, 9, 37, '41', 'Team Meeting', '', 0, 'Process', '2017-08-21 09:00:51', '2017-08-21 09:00:51'),
(289, 9, 37, '41', 'Revit Modeling', '', 0, 'Process', '2017-08-21 09:00:51', '2017-08-21 09:00:51'),
(290, 9, 37, '41', 'Research and Analysis', '', 0, 'Process', '2017-08-21 09:00:51', '2017-08-21 09:00:51'),
(291, 9, 37, '41', 'Modifying Sections', '', 0, 'Process', '2017-08-21 09:00:51', '2017-08-21 09:00:51'),
(292, 9, 37, '41', 'Modifying Plans', '', 0, 'Process', '2017-08-21 09:00:51', '2017-08-21 09:00:51'),
(293, 9, 37, '41', 'Modifying Elevations', '', 0, 'Process', '2017-08-21 09:00:51', '2017-08-21 09:00:51'),
(294, 9, 37, '41', 'Modifying Details', '', 0, 'Process', '2017-08-21 09:00:51', '2017-08-21 09:00:51'),
(295, 9, 37, '41', 'Coordinating with team', '', 0, 'Process', '2017-08-21 09:00:51', '2017-08-21 09:00:51'),
(296, 9, 10, '41', 'Annotating and dimensioning', '', 0, 'Process', '2017-08-21 09:07:15', '2017-08-21 09:07:15'),
(297, 9, 10, '41', 'Mail Corresponding', '', 0, 'Process', '2017-08-21 09:07:15', '2017-08-21 09:07:15'),
(298, 9, 10, '41', 'Team Co-Ordination', '', 0, 'Process', '2017-08-21 09:07:15', '2017-08-21 09:07:15'),
(299, 9, 10, '41', 'Developing Interior Elevations', '', 0, 'Process', '2017-08-21 09:07:15', '2017-08-21 09:07:15'),
(300, 9, 10, '41', 'Developing Exterior Elevations', '', 0, 'Process', '2017-08-21 09:07:15', '2017-08-21 09:07:15'),
(301, 9, 10, '41', 'Developing Ceiling Plan', '', 0, 'Process', '2017-08-21 09:07:15', '2017-08-21 09:07:15'),
(302, 9, 10, '41', 'Developing Floor Plan', '', 0, 'Process', '2017-08-21 09:07:15', '2017-08-21 09:07:15'),
(303, 9, 10, '41', 'Training', '', 0, 'Process', '2017-08-21 09:07:15', '2017-08-21 09:07:15'),
(304, 9, 10, '41', 'Team Meeting', '', 0, 'Process', '2017-08-21 09:07:15', '2017-08-21 09:07:15'),
(305, 9, 10, '41', 'Revit Modeling', '', 0, 'Process', '2017-08-21 09:07:15', '2017-08-21 09:07:15'),
(306, 9, 10, '41', 'Performance Fine tuning', '', 0, 'Process', '2017-08-21 09:07:15', '2017-08-21 09:07:15'),
(307, 9, 10, '41', 'Modifying Sections', '', 0, 'Process', '2017-08-21 09:07:15', '2017-08-21 09:07:15'),
(308, 9, 10, '41', 'Modifying Plans', '', 0, 'Process', '2017-08-21 09:07:15', '2017-08-21 09:07:15'),
(309, 9, 10, '41', 'Modifying Elevations', '', 0, 'Process', '2017-08-21 09:07:15', '2017-08-21 09:07:15'),
(310, 9, 10, '41', 'Modifying Details', '', 0, 'Process', '2017-08-21 09:07:15', '2017-08-21 09:07:15'),
(311, 9, 10, '41', 'Electrical', '', 0, 'Process', '2017-08-21 09:07:15', '2017-08-21 09:07:15'),
(312, 9, 10, '41', 'Cad to Revit Conversion', '', 0, 'Process', '2017-08-21 09:07:15', '2017-08-21 09:07:15'),
(313, 9, 10, '41', 'Blue Line Conversion to CAD', '', 0, 'Process', '2017-08-21 09:07:15', '2017-08-21 09:07:15'),
(314, 9, 38, '41', 'Annotating and dimensioning', '', 0, 'Process', '2017-08-21 09:13:48', '2017-08-21 09:13:48'),
(315, 9, 38, '41', 'Mail Corresponding', '', 0, 'Process', '2017-08-21 09:13:48', '2017-08-21 09:13:48'),
(316, 9, 38, '41', 'Team Co-Ordination', '', 0, 'Process', '2017-08-21 09:13:48', '2017-08-21 09:13:48'),
(317, 9, 38, '41', 'Developing Interior Elevations', '', 0, 'Process', '2017-08-21 09:13:48', '2017-08-21 09:13:48'),
(318, 9, 38, '41', 'Developing Exterior Elevations', '', 0, 'Process', '2017-08-21 09:13:48', '2017-08-21 09:13:48'),
(319, 9, 38, '41', 'Developing Ceiling Plan', '', 0, 'Process', '2017-08-21 09:13:48', '2017-08-21 09:13:48'),
(320, 9, 38, '41', 'Developing Floor Plan', '', 0, 'Process', '2017-08-21 09:13:48', '2017-08-21 09:13:48'),
(321, 9, 38, '41', 'Training', '', 0, 'Process', '2017-08-21 09:13:48', '2017-08-21 09:13:48'),
(322, 9, 38, '41', 'Team Meeting', '', 0, 'Process', '2017-08-21 09:13:48', '2017-08-21 09:13:48'),
(323, 9, 38, '41', 'Revit Modeling', '', 0, 'Process', '2017-08-21 09:13:48', '2017-08-21 09:13:48'),
(324, 9, 38, '41', 'Research and Analysis', '', 0, 'Process', '2017-08-21 09:13:48', '2017-08-21 09:13:48'),
(325, 9, 38, '41', 'Modifying Sections', '', 0, 'Process', '2017-08-21 09:13:48', '2017-08-21 09:13:48'),
(326, 9, 38, '41', 'Modifying Plans', '', 0, 'Process', '2017-08-21 09:13:48', '2017-08-21 09:13:48'),
(327, 9, 38, '41', 'Modifying Elevations', '', 0, 'Process', '2017-08-21 09:13:48', '2017-08-21 09:13:48'),
(328, 9, 38, '41', 'Modifying Details', '', 0, 'Process', '2017-08-21 09:13:48', '2017-08-21 09:13:48'),
(329, 9, 38, '41', 'General Tasks', '', 0, 'Process', '2017-08-21 09:13:48', '2017-08-21 09:13:48'),
(330, 9, 38, '41', 'Email Correspondence', '', 0, 'Process', '2017-08-21 09:13:48', '2017-08-21 09:13:48'),
(331, 9, 38, '41', 'Electrical', '', 0, 'Process', '2017-08-21 09:13:48', '2017-08-21 09:13:48'),
(332, 9, 38, '41', 'Blue Line Conversion to CAD', '', 0, 'Process', '2017-08-21 09:13:48', '2017-08-21 09:13:48'),
(333, 9, 39, '41', 'Annotating and dimensioning', '', 0, 'Process', '2017-08-21 09:18:22', '2017-08-21 09:18:22'),
(334, 9, 39, '41', 'Mail Corresponding', '', 0, 'Process', '2017-08-21 09:18:22', '2017-08-21 09:18:22'),
(335, 9, 39, '41', 'Team Co-Ordination', '', 0, 'Process', '2017-08-21 09:18:22', '2017-08-21 09:18:22'),
(336, 9, 39, '41', 'Developing Interior Elevations', '', 0, 'Process', '2017-08-21 09:18:22', '2017-08-21 09:18:22'),
(337, 9, 39, '41', 'Developing Exterior Elevations', '', 0, 'Process', '2017-08-21 09:18:22', '2017-08-21 09:18:22'),
(338, 9, 39, '41', 'Developing Ceiling Plan', '', 0, 'Process', '2017-08-21 09:18:22', '2017-08-21 09:18:22'),
(339, 9, 39, '41', 'Developing Floor Plan', '', 0, 'Process', '2017-08-21 09:18:22', '2017-08-21 09:18:22'),
(340, 9, 39, '41', 'Training', '', 0, 'Process', '2017-08-21 09:18:22', '2017-08-21 09:18:22'),
(341, 9, 39, '41', 'Team Meeting', '', 0, 'Process', '2017-08-21 09:18:22', '2017-08-21 09:18:22'),
(342, 9, 39, '41', 'Modifying Sections', '', 0, 'Process', '2017-08-21 09:18:22', '2017-08-21 09:18:22'),
(343, 9, 39, '41', 'Modifying Plans', '', 0, 'Process', '2017-08-21 09:18:22', '2017-08-21 09:18:22'),
(344, 9, 39, '41', 'Modifying Elevations', '', 0, 'Process', '2017-08-21 09:18:22', '2017-08-21 09:18:22'),
(345, 9, 39, '41', 'Modifying Details', '', 0, 'Process', '2017-08-21 09:18:22', '2017-08-21 09:18:22'),
(346, 9, 39, '41', 'General Tasks', '', 0, 'Process', '2017-08-21 09:18:22', '2017-08-21 09:18:22'),
(347, 9, 39, '41', 'Electrical', '', 0, 'Process', '2017-08-21 09:18:22', '2017-08-21 09:18:22'),
(348, 9, 39, '41', 'Blue Line Conversion to CAD', '', 0, 'Process', '2017-08-21 09:18:22', '2017-08-21 09:18:22'),
(349, 9, 40, '41', 'Annotating and dimensioning', '', 0, 'Process', '2017-08-21 09:24:10', '2017-08-21 09:24:10'),
(350, 9, 40, '41', 'Team Co-Ordination', '', 0, 'Process', '2017-08-21 09:24:10', '2017-08-21 09:24:10'),
(351, 9, 40, '41', 'Developing Interior Elevations', '', 0, 'Process', '2017-08-21 09:24:10', '2017-08-21 09:24:10'),
(352, 9, 40, '41', 'Developing Exterior Elevations', '', 0, 'Process', '2017-08-21 09:24:10', '2017-08-21 09:24:10'),
(353, 9, 40, '41', 'Developing Ceiling Plan', '', 0, 'Process', '2017-08-21 09:24:10', '2017-08-21 09:24:10'),
(354, 9, 40, '41', 'Developing Floor Plan', '', 0, 'Process', '2017-08-21 09:24:10', '2017-08-21 09:24:10'),
(355, 9, 40, '41', 'Training', '', 0, 'Process', '2017-08-21 09:24:10', '2017-08-21 09:24:10'),
(356, 9, 40, '41', 'Team Meeting', '', 0, 'Process', '2017-08-21 09:24:10', '2017-08-21 09:24:10'),
(357, 9, 40, '41', 'Revit Modeling', '', 0, 'Process', '2017-08-21 09:24:10', '2017-08-21 09:24:10'),
(358, 9, 40, '41', 'Project Requirement Analysis', '', 0, 'Process', '2017-08-21 09:24:10', '2017-08-21 09:24:10'),
(359, 9, 40, '41', 'Modifying Sections', '', 0, 'Process', '2017-08-21 09:24:10', '2017-08-21 09:24:10'),
(360, 9, 40, '41', 'Modifying Plans', '', 0, 'Process', '2017-08-21 09:24:10', '2017-08-21 09:24:10'),
(361, 9, 40, '41', 'Modifying Elevations', '', 0, 'Process', '2017-08-21 09:24:10', '2017-08-21 09:24:10'),
(362, 9, 40, '41', 'Modifying Details', '', 0, 'Process', '2017-08-21 09:24:10', '2017-08-21 09:24:10'),
(363, 9, 40, '41', 'Leave', '', 0, 'Process', '2017-08-21 09:24:10', '2017-08-21 09:24:10'),
(364, 9, 40, '41', 'General Tasks', '', 0, 'Process', '2017-08-21 09:24:10', '2017-08-21 09:24:10'),
(365, 9, 40, '41', 'Email Correspondence', '', 0, 'Process', '2017-08-21 09:24:10', '2017-08-21 09:24:10'),
(366, 9, 40, '41', 'Blue Line Conversion to CAD', '', 0, 'Process', '2017-08-21 09:24:10', '2017-08-21 09:24:10'),
(367, 9, 40, '41', 'Addressing Markups', '', 0, 'Process', '2017-08-21 09:24:10', '2017-08-21 09:24:10'),
(368, 9, 41, '41', 'Annotating and dimensioning', '', 0, 'Process', '2017-08-21 09:30:16', '2017-08-21 09:30:16'),
(369, 9, 41, '41', 'Team Co-Ordination', '', 0, 'Process', '2017-08-21 09:30:16', '2017-08-21 09:30:16'),
(370, 9, 41, '41', 'Developing Interior Elevations', '', 0, 'Process', '2017-08-21 09:30:16', '2017-08-21 09:30:16'),
(371, 9, 41, '41', 'Developing Exterior Elevations', '', 0, 'Process', '2017-08-21 09:30:16', '2017-08-21 09:30:16'),
(372, 9, 41, '41', 'Developing Ceiling Plan', '', 0, 'Process', '2017-08-21 09:30:16', '2017-08-21 09:30:16'),
(373, 9, 41, '41', 'Developing Floor Plan', '', 0, 'Process', '2017-08-21 09:30:16', '2017-08-21 09:30:16'),
(374, 9, 41, '41', 'Training', '', 0, 'Process', '2017-08-21 09:30:16', '2017-08-21 09:30:16'),
(375, 9, 41, '41', 'Team Meeting', '', 0, 'Process', '2017-08-21 09:30:16', '2017-08-21 09:30:16'),
(376, 9, 41, '41', 'Revit Modeling', '', 0, 'Process', '2017-08-21 09:30:16', '2017-08-21 09:30:16'),
(377, 9, 41, '41', 'Research and Analysis', '', 0, 'Process', '2017-08-21 09:30:16', '2017-08-21 09:30:16'),
(378, 9, 41, '41', 'Modifying Sections', '', 0, 'Process', '2017-08-21 09:30:16', '2017-08-21 09:30:16'),
(379, 9, 41, '41', 'Modifying Plans', '', 0, 'Process', '2017-08-21 09:30:16', '2017-08-21 09:30:16'),
(380, 9, 41, '41', 'Modifying Elevations', '', 0, 'Process', '2017-08-21 09:30:16', '2017-08-21 09:30:16'),
(381, 9, 41, '41', 'Modifying Details', '', 0, 'Process', '2017-08-21 09:30:16', '2017-08-21 09:30:16'),
(382, 9, 41, '41', 'Email Correspondence', '', 0, 'Process', '2017-08-21 09:30:16', '2017-08-21 09:30:16'),
(383, 9, 41, '41', 'Blue Line Conversion to CAD', '', 0, 'Process', '2017-08-21 09:30:16', '2017-08-21 09:30:16'),
(384, 9, 42, '41', 'Annotating and dimensioning', '', 0, 'Process', '2017-08-21 09:35:46', '2017-08-21 09:35:46'),
(385, 9, 42, '41', 'Team Co-Ordination', '', 0, 'Process', '2017-08-21 09:35:46', '2017-08-21 09:35:46'),
(386, 9, 42, '41', 'Developing Interior Elevations', '', 0, 'Process', '2017-08-21 09:35:46', '2017-08-21 09:35:46'),
(387, 9, 42, '41', 'Developing Exterior Elevations', '', 0, 'Process', '2017-08-21 09:35:46', '2017-08-21 09:35:46'),
(388, 9, 42, '41', 'Developing Ceiling Plan', '', 0, 'Process', '2017-08-21 09:35:46', '2017-08-21 09:35:46'),
(389, 9, 42, '41', 'Developing Floor Plan', '', 0, 'Process', '2017-08-21 09:35:46', '2017-08-21 09:35:46'),
(390, 9, 42, '41', 'Training', '', 0, 'Process', '2017-08-21 09:35:46', '2017-08-21 09:35:46'),
(391, 9, 42, '41', 'Team Meeting', '', 0, 'Process', '2017-08-21 09:35:46', '2017-08-21 09:35:46'),
(392, 9, 42, '41', 'Revit Modeling', '', 0, 'Process', '2017-08-21 09:35:46', '2017-08-21 09:35:46'),
(393, 9, 42, '41', 'Modifying Sections', '', 0, 'Process', '2017-08-21 09:35:46', '2017-08-21 09:35:46'),
(394, 9, 42, '41', 'Modifying Plans', '', 0, 'Process', '2017-08-21 09:35:46', '2017-08-21 09:35:46'),
(395, 9, 42, '41', 'Modifying Elevations', '', 0, 'Process', '2017-08-21 09:35:46', '2017-08-21 09:35:46'),
(396, 9, 42, '41', 'Modifying Details', '', 0, 'Process', '2017-08-21 09:35:46', '2017-08-21 09:35:46'),
(397, 9, 42, '41', 'Electrical', '', 0, 'Process', '2017-08-21 09:35:46', '2017-08-21 09:35:46'),
(398, 9, 42, '41', 'Blue Line Conversion to CAD', '', 0, 'Process', '2017-08-21 09:35:46', '2017-08-21 09:35:46'),
(399, 9, 43, '41', 'Annotating and dimensioning', '', 0, 'Process', '2017-08-21 10:39:12', '2017-08-21 10:39:12'),
(400, 9, 43, '41', 'Team Co-Ordination', '', 0, 'Process', '2017-08-21 10:39:12', '2017-08-21 10:39:12'),
(401, 9, 43, '41', 'Developing Interior Elevations', '', 0, 'Process', '2017-08-21 10:39:12', '2017-08-21 10:39:12'),
(402, 9, 43, '41', 'Developing Exterior Elevations', '', 0, 'Process', '2017-08-21 10:39:12', '2017-08-21 10:39:12'),
(403, 9, 43, '41', 'Developing Ceiling Plan', '', 0, 'Process', '2017-08-21 10:39:12', '2017-08-21 10:39:12'),
(404, 9, 43, '41', 'Developing Floor Plan', '', 0, 'Process', '2017-08-21 10:39:12', '2017-08-21 10:39:12'),
(405, 9, 43, '41', 'Training', '', 0, 'Process', '2017-08-21 10:39:12', '2017-08-21 10:39:12'),
(406, 9, 43, '41', 'Team Meeting', '', 0, 'Process', '2017-08-21 10:39:12', '2017-08-21 10:39:12'),
(407, 9, 43, '41', 'Revit Modeling', '', 0, 'Process', '2017-08-21 10:39:12', '2017-08-21 10:39:12'),
(408, 9, 43, '41', 'Research and Analysis', '', 0, 'Process', '2017-08-21 10:39:12', '2017-08-21 10:39:12'),
(409, 9, 43, '41', 'Modifying Sections', '', 0, 'Process', '2017-08-21 10:39:12', '2017-08-21 10:39:12'),
(410, 9, 43, '41', 'Modifying Plans', '', 0, 'Process', '2017-08-21 10:39:12', '2017-08-21 10:39:12'),
(411, 9, 43, '41', 'Modifying Elevations', '', 0, 'Process', '2017-08-21 10:39:12', '2017-08-21 10:39:12'),
(412, 9, 43, '41', 'Modifying Details', '', 0, 'Process', '2017-08-21 10:39:12', '2017-08-21 10:39:12'),
(413, 9, 43, '41', 'Blue Line Conversion to CAD', '', 0, 'Process', '2017-08-21 10:39:12', '2017-08-21 10:39:12'),
(414, 9, 43, '41', 'Addressing Markups', '', 0, 'Process', '2017-08-21 10:39:12', '2017-08-21 10:39:12'),
(415, 9, 44, '41', 'Annotating and dimensioning', '', 0, 'Process', '2017-08-21 10:46:53', '2017-08-21 10:46:53'),
(416, 9, 44, '41', 'Team Co-Ordination', '', 0, 'Process', '2017-08-21 10:46:53', '2017-08-21 10:46:53'),
(417, 9, 44, '41', 'Developing Interior Elevations', '', 0, 'Process', '2017-08-21 10:46:53', '2017-08-21 10:46:53'),
(418, 9, 44, '41', 'Developing Exterior Elevations', '', 0, 'Process', '2017-08-21 10:46:53', '2017-08-21 10:46:53'),
(419, 9, 44, '41', 'Developing Ceiling Plan', '', 0, 'Process', '2017-08-21 10:46:53', '2017-08-21 10:46:53'),
(420, 9, 44, '41', 'Developing Floor Plan', '', 0, 'Process', '2017-08-21 10:46:53', '2017-08-21 10:46:53'),
(421, 9, 44, '41', 'Training', '', 0, 'Process', '2017-08-21 10:46:53', '2017-08-21 10:46:53'),
(422, 9, 44, '41', 'Team Meeting', '', 0, 'Process', '2017-08-21 10:46:53', '2017-08-21 10:46:53'),
(423, 9, 44, '41', 'Revit Modeling', '', 0, 'Process', '2017-08-21 10:46:53', '2017-08-21 10:46:53'),
(424, 9, 44, '41', 'Research and Analysis', '', 0, 'Process', '2017-08-21 10:46:53', '2017-08-21 10:46:53'),
(425, 9, 44, '41', 'Project Requirement Analysis', '', 0, 'Process', '2017-08-21 10:46:53', '2017-08-21 10:46:53'),
(426, 9, 44, '41', 'Performance Fine tuning', '', 0, 'Process', '2017-08-21 10:46:53', '2017-08-21 10:46:53'),
(427, 9, 44, '41', 'Modifying Sections', '', 0, 'Process', '2017-08-21 10:46:53', '2017-08-21 10:46:53'),
(428, 9, 44, '41', 'Modifying Plans', '', 0, 'Process', '2017-08-21 10:46:53', '2017-08-21 10:46:53'),
(429, 9, 44, '41', 'Modifying Elevations', '', 0, 'Process', '2017-08-21 10:46:53', '2017-08-21 10:46:53'),
(430, 9, 44, '41', 'Modifying Details', '', 0, 'Process', '2017-08-21 10:46:53', '2017-08-21 10:46:53'),
(431, 9, 44, '41', 'Email Correspondence', '', 0, 'Process', '2017-08-21 10:46:53', '2017-08-21 10:46:53'),
(432, 9, 44, '41', 'Electrical', '', 0, 'Process', '2017-08-21 10:46:53', '2017-08-21 10:46:53'),
(433, 9, 44, '41', 'Blue Line Conversion to CAD', '', 0, 'Process', '2017-08-21 10:46:53', '2017-08-21 10:46:53'),
(434, 9, 44, '41', 'Addressing Markups', '', 0, 'Process', '2017-08-21 10:46:53', '2017-08-21 10:46:53'),
(435, 9, 45, '41', 'Annotating and dimensioning', '', 0, 'Process', '2017-08-21 10:51:18', '2017-08-21 10:51:18'),
(436, 9, 45, '41', 'Mail Corresponding', '', 0, 'Process', '2017-08-21 10:51:18', '2017-08-21 10:51:18'),
(437, 9, 45, '41', 'Team Co-Ordination', '', 0, 'Process', '2017-08-21 10:51:18', '2017-08-21 10:51:18'),
(438, 9, 45, '41', 'Developing Interior Elevations', '', 0, 'Process', '2017-08-21 10:51:18', '2017-08-21 10:51:18'),
(439, 9, 45, '41', 'Developing Exterior Elevations', '', 0, 'Process', '2017-08-21 10:51:18', '2017-08-21 10:51:18'),
(440, 9, 45, '41', 'Developing Ceiling Plan', '', 0, 'Process', '2017-08-21 10:51:18', '2017-08-21 10:51:18'),
(441, 9, 45, '41', 'Developing Floor Plan', '', 0, 'Process', '2017-08-21 10:51:18', '2017-08-21 10:51:18'),
(442, 9, 45, '41', 'Team Meeting', '', 0, 'Process', '2017-08-21 10:51:18', '2017-08-21 10:51:18'),
(443, 9, 45, '41', 'Revit Modeling', '', 0, 'Process', '2017-08-21 10:51:18', '2017-08-21 10:51:18'),
(444, 9, 45, '41', 'Research and Analysis', '', 0, 'Process', '2017-08-21 10:51:18', '2017-08-21 10:51:18'),
(445, 9, 45, '41', 'Modifying Sections', '', 0, 'Process', '2017-08-21 10:51:18', '2017-08-21 10:51:18'),
(446, 9, 45, '41', 'Modifying Plans', '', 0, 'Process', '2017-08-21 10:51:18', '2017-08-21 10:51:18'),
(447, 9, 45, '41', 'Modifying Elevations', '', 0, 'Process', '2017-08-21 10:51:18', '2017-08-21 10:51:18'),
(448, 9, 45, '41', 'Modifying Details', '', 0, 'Process', '2017-08-21 10:51:18', '2017-08-21 10:51:18'),
(449, 9, 45, '41', 'Electrical', '', 0, 'Process', '2017-08-21 10:51:18', '2017-08-21 10:51:18'),
(450, 9, 45, '41', 'Blue Line Conversion to CAD', '', 0, 'Process', '2017-08-21 10:51:18', '2017-08-21 10:51:18'),
(451, 9, 45, '41', 'Addressing Markups', '', 0, 'Process', '2017-08-21 10:51:18', '2017-08-21 10:51:18'),
(452, 9, 46, '41', 'Annotating and dimensioning', '', 0, 'Process', '2017-08-21 10:56:59', '2017-08-21 10:56:59'),
(453, 9, 46, '41', 'Mail Corresponding', '', 0, 'Process', '2017-08-21 10:56:59', '2017-08-21 10:56:59'),
(454, 9, 46, '41', 'Team Co-Ordination', '', 0, 'Process', '2017-08-21 10:56:59', '2017-08-21 10:56:59'),
(455, 9, 46, '41', 'Developing Interior Elevations', '', 0, 'Process', '2017-08-21 10:56:59', '2017-08-21 10:56:59'),
(456, 9, 46, '41', 'Developing Exterior Elevations', '', 0, 'Process', '2017-08-21 10:56:59', '2017-08-21 10:56:59'),
(457, 9, 46, '41', 'Developing Ceiling Plan', '', 0, 'Process', '2017-08-21 10:56:59', '2017-08-21 10:56:59'),
(458, 9, 46, '41', 'Developing Floor Plan', '', 0, 'Process', '2017-08-21 10:56:59', '2017-08-21 10:56:59'),
(459, 9, 46, '41', 'Team Meeting', '', 0, 'Process', '2017-08-21 10:56:59', '2017-08-21 10:56:59'),
(460, 9, 46, '41', 'Revit Modeling', '', 0, 'Process', '2017-08-21 10:56:59', '2017-08-21 10:56:59'),
(461, 9, 46, '41', 'Research and Analysis', '', 0, 'Process', '2017-08-21 10:56:59', '2017-08-21 10:56:59'),
(462, 9, 46, '41', 'Modifying Sections', '', 0, 'Process', '2017-08-21 10:56:59', '2017-08-21 10:56:59'),
(463, 9, 46, '41', 'Modifying Plans', '', 0, 'Process', '2017-08-21 10:56:59', '2017-08-21 10:56:59'),
(464, 9, 46, '41', 'Modifying Elevations', '', 0, 'Process', '2017-08-21 10:56:59', '2017-08-21 10:56:59'),
(465, 9, 46, '41', 'Modifying Details', '', 0, 'Process', '2017-08-21 10:56:59', '2017-08-21 10:56:59'),
(466, 9, 46, '41', 'Electrical', '', 0, 'Process', '2017-08-21 10:56:59', '2017-08-21 10:56:59'),
(467, 9, 46, '41', 'Blue Line Conversion to CAD', '', 0, 'Process', '2017-08-21 10:56:59', '2017-08-21 10:56:59'),
(468, 9, 46, '41', 'Analysis', '', 0, 'Process', '2017-08-21 10:56:59', '2017-08-21 10:56:59'),
(469, 13, 48, '39', 'Developing Floor Plan', '', 0, 'Process', '2017-08-21 11:03:10', '2017-08-21 11:03:10'),
(470, 13, 48, '39', 'Addressing Markups', '', 0, 'Process', '2017-08-21 11:03:10', '2017-08-21 11:03:10'),
(471, 9, 47, '41', 'Annotating and dimensioning', '', 0, 'Process', '2017-08-21 11:04:35', '2017-08-21 11:04:35'),
(472, 9, 47, '41', 'Mail Corresponding', '', 0, 'Process', '2017-08-21 11:04:35', '2017-08-21 11:04:35'),
(473, 9, 47, '41', 'Team Co-Ordination', '', 0, 'Process', '2017-08-21 11:04:35', '2017-08-21 11:04:35'),
(474, 9, 47, '41', 'Developing Interior Elevations', '', 0, 'Process', '2017-08-21 11:04:35', '2017-08-21 11:04:35'),
(475, 9, 47, '41', 'Developing Exterior Elevations', '', 0, 'Process', '2017-08-21 11:04:35', '2017-08-21 11:04:35'),
(476, 9, 47, '41', 'Developing Ceiling Plan', '', 0, 'Process', '2017-08-21 11:04:35', '2017-08-21 11:04:35'),
(477, 9, 47, '41', 'Developing Floor Plan', '', 0, 'Process', '2017-08-21 11:04:35', '2017-08-21 11:04:35'),
(478, 9, 47, '41', 'Team Meeting', '', 0, 'Process', '2017-08-21 11:04:35', '2017-08-21 11:04:35'),
(479, 9, 47, '41', 'Revit Modeling', '', 0, 'Process', '2017-08-21 11:04:35', '2017-08-21 11:04:35'),
(480, 9, 47, '41', 'Research and Analysis', '', 0, 'Process', '2017-08-21 11:04:35', '2017-08-21 11:04:35'),
(481, 9, 47, '41', 'Modifying Plans', '', 0, 'Process', '2017-08-21 11:04:35', '2017-08-21 11:04:35'),
(482, 9, 47, '41', 'Modifying Elevations', '', 0, 'Process', '2017-08-21 11:04:35', '2017-08-21 11:04:35'),
(483, 9, 47, '41', 'Modifying Details', '', 0, 'Process', '2017-08-21 11:04:35', '2017-08-21 11:04:35'),
(484, 9, 47, '41', 'Electrical', '', 0, 'Process', '2017-08-21 11:04:35', '2017-08-21 11:04:35'),
(485, 9, 47, '41', 'Developing Details', '', 0, 'Process', '2017-08-21 11:04:35', '2017-08-21 11:04:35'),
(486, 9, 47, '41', 'Blue Line Conversion to CAD', '', 0, 'Process', '2017-08-21 11:04:35', '2017-08-21 11:04:35'),
(487, 9, 47, '41', 'Addressing Markups', '', 0, 'Process', '2017-08-21 11:04:35', '2017-08-21 11:04:35'),
(488, 9, 49, '41', 'Annotating and dimensioning', '', 0, 'Process', '2017-08-21 11:09:18', '2017-08-21 11:09:18'),
(489, 9, 49, '41', 'Mail Corresponding', '', 0, 'Process', '2017-08-21 11:09:18', '2017-08-21 11:09:18'),
(490, 9, 49, '41', 'Team Co-Ordination', '', 0, 'Process', '2017-08-21 11:09:18', '2017-08-21 11:09:18'),
(491, 9, 49, '41', 'Developing Interior Elevations', '', 0, 'Process', '2017-08-21 11:09:18', '2017-08-21 11:09:18'),
(492, 9, 49, '41', 'Developing Exterior Elevations', '', 0, 'Process', '2017-08-21 11:09:18', '2017-08-21 11:09:18'),
(493, 9, 49, '41', 'Developing Ceiling Plan', '', 0, 'Process', '2017-08-21 11:09:18', '2017-08-21 11:09:18'),
(494, 9, 49, '41', 'Developing Floor Plan', '', 0, 'Process', '2017-08-21 11:09:18', '2017-08-21 11:09:18'),
(495, 9, 49, '41', 'Team Meeting', '', 0, 'Process', '2017-08-21 11:09:18', '2017-08-21 11:09:18'),
(496, 9, 49, '41', 'Revit Modeling', '', 0, 'Process', '2017-08-21 11:09:18', '2017-08-21 11:09:18'),
(497, 9, 49, '41', 'Research and Analysis', '', 0, 'Process', '2017-08-21 11:09:18', '2017-08-21 11:09:18'),
(498, 9, 49, '41', 'Modifying Sections', '', 0, 'Process', '2017-08-21 11:09:18', '2017-08-21 11:09:18'),
(499, 9, 49, '41', 'Modifying Plans', '', 0, 'Process', '2017-08-21 11:09:18', '2017-08-21 11:09:18'),
(500, 9, 49, '41', 'Modifying Elevations', '', 0, 'Process', '2017-08-21 11:09:18', '2017-08-21 11:09:18'),
(501, 9, 49, '41', 'Modifying Details', '', 0, 'Process', '2017-08-21 11:09:18', '2017-08-21 11:09:18'),
(502, 9, 49, '41', 'Developing Details', '', 0, 'Process', '2017-08-21 11:09:18', '2017-08-21 11:09:18'),
(503, 9, 49, '41', 'Blue Line Conversion to CAD', '', 0, 'Process', '2017-08-21 11:09:18', '2017-08-21 11:09:18'),
(504, 9, 49, '41', 'Analysis', '', 0, 'Process', '2017-08-21 11:09:18', '2017-08-21 11:09:18'),
(505, 9, 49, '41', 'Addressing Markups', '', 0, 'Process', '2017-08-21 11:09:18', '2017-08-21 11:09:18'),
(506, 9, 50, '41', 'Annotating and dimensioning', '', 0, 'Process', '2017-08-21 11:14:46', '2017-08-21 11:14:46'),
(507, 9, 50, '41', 'Mail Corresponding', '', 0, 'Process', '2017-08-21 11:14:46', '2017-08-21 11:14:46'),
(508, 9, 50, '41', 'Team Co-Ordination', '', 0, 'Process', '2017-08-21 11:14:46', '2017-08-21 11:14:46'),
(509, 9, 50, '41', 'Developing Interior Elevations', '', 0, 'Process', '2017-08-21 11:14:46', '2017-08-21 11:14:46'),
(510, 9, 50, '41', 'Developing Exterior Elevations', '', 0, 'Process', '2017-08-21 11:14:46', '2017-08-21 11:14:46'),
(511, 9, 50, '41', 'Developing Ceiling Plan', '', 0, 'Process', '2017-08-21 11:14:46', '2017-08-21 11:14:46');
INSERT INTO `task_details` (`task_Id`, `client_Id`, `project_Id`, `empId`, `task_name`, `task_desc`, `task_cost`, `status`, `created_at`, `updated_at`) VALUES
(512, 9, 50, '41', 'Developing Floor Plan', '', 0, 'Process', '2017-08-21 11:14:46', '2017-08-21 11:14:46'),
(513, 9, 50, '41', 'Team Meeting', '', 0, 'Process', '2017-08-21 11:14:46', '2017-08-21 11:14:46'),
(514, 9, 50, '41', 'Revit Modeling', '', 0, 'Process', '2017-08-21 11:14:46', '2017-08-21 11:14:46'),
(515, 9, 50, '41', 'Research and Analysis', '', 0, 'Process', '2017-08-21 11:14:46', '2017-08-21 11:14:46'),
(516, 9, 50, '41', 'Modifying Sections', '', 0, 'Process', '2017-08-21 11:14:46', '2017-08-21 11:14:46'),
(517, 9, 50, '41', 'Modifying Plans', '', 0, 'Process', '2017-08-21 11:14:46', '2017-08-21 11:14:46'),
(518, 9, 50, '41', 'Modifying Elevations', '', 0, 'Process', '2017-08-21 11:14:46', '2017-08-21 11:14:46'),
(519, 9, 50, '41', 'Modifying Details', '', 0, 'Process', '2017-08-21 11:14:46', '2017-08-21 11:14:46'),
(520, 9, 50, '41', 'Electrical', '', 0, 'Process', '2017-08-21 11:14:46', '2017-08-21 11:14:46'),
(521, 9, 50, '41', 'Developing Details', '', 0, 'Process', '2017-08-21 11:14:46', '2017-08-21 11:14:46'),
(522, 9, 50, '41', 'Blue Line Conversion to CAD', '', 0, 'Process', '2017-08-21 11:14:46', '2017-08-21 11:14:46'),
(523, 9, 50, '41', 'Addressing Markups', '', 0, 'Process', '2017-08-21 11:14:46', '2017-08-21 11:14:46'),
(524, 9, 51, '41', 'Annotating and dimensioning', '', 0, 'Process', '2017-08-21 11:25:10', '2017-08-21 11:25:10'),
(525, 9, 51, '41', 'Mail Corresponding', '', 0, 'Process', '2017-08-21 11:25:10', '2017-08-21 11:25:10'),
(526, 9, 51, '41', 'Team Co-Ordination', '', 0, 'Process', '2017-08-21 11:25:10', '2017-08-21 11:25:10'),
(527, 9, 51, '41', 'Developing Interior Elevations', '', 0, 'Process', '2017-08-21 11:25:10', '2017-08-21 11:25:10'),
(528, 9, 51, '41', 'Developing Exterior Elevations', '', 0, 'Process', '2017-08-21 11:25:10', '2017-08-21 11:25:10'),
(529, 9, 51, '41', 'Developing Ceiling Plan', '', 0, 'Process', '2017-08-21 11:25:10', '2017-08-21 11:25:10'),
(530, 9, 51, '41', 'Developing Floor Plan', '', 0, 'Process', '2017-08-21 11:25:10', '2017-08-21 11:25:10'),
(531, 9, 51, '41', 'Team Meeting', '', 0, 'Process', '2017-08-21 11:25:10', '2017-08-21 11:25:10'),
(532, 9, 51, '41', 'Revit Modeling', '', 0, 'Process', '2017-08-21 11:25:10', '2017-08-21 11:25:10'),
(533, 9, 51, '41', 'Research and Analysis', '', 0, 'Process', '2017-08-21 11:25:10', '2017-08-21 11:25:10'),
(534, 9, 51, '41', 'Modifying Sections', '', 0, 'Process', '2017-08-21 11:25:10', '2017-08-21 11:25:10'),
(535, 9, 51, '41', 'Modifying Plans', '', 0, 'Process', '2017-08-21 11:25:10', '2017-08-21 11:25:10'),
(536, 9, 51, '41', 'Modifying Elevations', '', 0, 'Process', '2017-08-21 11:25:10', '2017-08-21 11:25:10'),
(537, 9, 51, '41', 'Modifying Details', '', 0, 'Process', '2017-08-21 11:25:10', '2017-08-21 11:25:10'),
(538, 9, 51, '41', 'General Tasks', '', 0, 'Process', '2017-08-21 11:25:10', '2017-08-21 11:25:10'),
(539, 9, 51, '41', 'Electrical', '', 0, 'Process', '2017-08-21 11:25:10', '2017-08-21 11:25:10'),
(540, 9, 51, '41', 'Developing Details', '', 0, 'Process', '2017-08-21 11:25:10', '2017-08-21 11:25:10'),
(541, 9, 51, '41', 'Blue Line Conversion to CAD', '', 0, 'Process', '2017-08-21 11:25:10', '2017-08-21 11:25:10'),
(542, 9, 51, '41', 'Analysis', '', 0, 'Process', '2017-08-21 11:25:10', '2017-08-21 11:25:10'),
(543, 9, 51, '41', 'Addressing Markups', '', 0, 'Process', '2017-08-21 11:25:10', '2017-08-21 11:25:10'),
(544, 9, 52, '41', 'Annotating and dimensioning', '', 0, 'Process', '2017-08-21 11:29:39', '2017-08-21 11:29:39'),
(545, 9, 52, '41', 'Mail Corresponding', '', 0, 'Process', '2017-08-21 11:29:39', '2017-08-21 11:29:39'),
(546, 9, 52, '41', 'Team Co-Ordination', '', 0, 'Process', '2017-08-21 11:29:39', '2017-08-21 11:29:39'),
(547, 9, 52, '41', 'Developing Interior Elevations', '', 0, 'Process', '2017-08-21 11:29:39', '2017-08-21 11:29:39'),
(548, 9, 52, '41', 'Developing Exterior Elevations', '', 0, 'Process', '2017-08-21 11:29:39', '2017-08-21 11:29:39'),
(549, 9, 52, '41', 'Developing Ceiling Plan', '', 0, 'Process', '2017-08-21 11:29:39', '2017-08-21 11:29:39'),
(550, 9, 52, '41', 'Developing Floor Plan', '', 0, 'Process', '2017-08-21 11:29:39', '2017-08-21 11:29:39'),
(551, 9, 52, '41', 'Team Meeting', '', 0, 'Process', '2017-08-21 11:29:39', '2017-08-21 11:29:39'),
(552, 9, 52, '41', 'Revit Modeling', '', 0, 'Process', '2017-08-21 11:29:39', '2017-08-21 11:29:39'),
(553, 9, 52, '41', 'Research and Analysis', '', 0, 'Process', '2017-08-21 11:29:39', '2017-08-21 11:29:39'),
(554, 9, 52, '41', 'Modifying Sections', '', 0, 'Process', '2017-08-21 11:29:39', '2017-08-21 11:29:39'),
(555, 9, 52, '41', 'Modifying Plans', '', 0, 'Process', '2017-08-21 11:29:39', '2017-08-21 11:29:39'),
(556, 9, 52, '41', 'Modifying Elevations', '', 0, 'Process', '2017-08-21 11:29:39', '2017-08-21 11:29:39'),
(557, 9, 52, '41', 'Modifying Details', '', 0, 'Process', '2017-08-21 11:29:39', '2017-08-21 11:29:39'),
(558, 9, 52, '41', 'Electrical', '', 0, 'Process', '2017-08-21 11:29:39', '2017-08-21 11:29:39'),
(559, 9, 52, '41', 'Developing Details', '', 0, 'Process', '2017-08-21 11:29:39', '2017-08-21 11:29:39'),
(560, 9, 52, '41', 'Blue Line Conversion to CAD', '', 0, 'Process', '2017-08-21 11:29:39', '2017-08-21 11:29:39'),
(561, 9, 52, '41', 'Analysis', '', 0, 'Process', '2017-08-21 11:29:39', '2017-08-21 11:29:39'),
(562, 9, 52, '41', 'Addressing Markups', '', 0, 'Process', '2017-08-21 11:29:39', '2017-08-21 11:29:39'),
(563, 9, 39, '41', 'Addressing Markups', '', 0, 'Process', '2017-08-21 11:41:45', '2017-08-21 11:41:45'),
(564, 9, 46, '41', 'Addressing Markups', '', 0, 'Process', '2017-08-21 11:42:09', '2017-08-21 11:42:09'),
(565, 9, 37, '41', 'Developing Details', '', 0, 'Process', '2017-08-21 11:48:14', '2017-08-21 11:48:14'),
(566, 9, 39, '41', 'Developing CAD Plan', 'Developing CAD Plan', 0, 'Process', '2017-08-21 11:48:55', '2017-08-21 11:48:55'),
(567, 9, 53, '41', 'Developing CAD Plan', '', 0, 'Process', '2017-08-21 12:01:41', '2017-08-21 12:01:41'),
(568, 9, 53, '41', 'Annotating and dimensioning', '', 0, 'Process', '2017-08-21 12:01:41', '2017-08-21 12:01:41'),
(569, 9, 53, '41', 'Mail Corresponding', '', 0, 'Process', '2017-08-21 12:01:41', '2017-08-21 12:01:41'),
(570, 9, 53, '41', 'Team Co-Ordination', '', 0, 'Process', '2017-08-21 12:01:41', '2017-08-21 12:01:41'),
(571, 9, 53, '41', 'Developing Interior Elevations', '', 0, 'Process', '2017-08-21 12:01:41', '2017-08-21 12:01:41'),
(572, 9, 53, '41', 'Developing Exterior Elevations', '', 0, 'Process', '2017-08-21 12:01:41', '2017-08-21 12:01:41'),
(573, 9, 53, '41', 'Developing Ceiling Plan', '', 0, 'Process', '2017-08-21 12:01:41', '2017-08-21 12:01:41'),
(574, 9, 53, '41', 'Developing Floor Plan', '', 0, 'Process', '2017-08-21 12:01:41', '2017-08-21 12:01:41'),
(575, 9, 53, '41', 'Team Meeting', '', 0, 'Process', '2017-08-21 12:01:41', '2017-08-21 12:01:41'),
(576, 9, 53, '41', 'Revit Modeling', '', 0, 'Process', '2017-08-21 12:01:41', '2017-08-21 12:01:41'),
(577, 9, 53, '41', 'Research and Analysis', '', 0, 'Process', '2017-08-21 12:01:41', '2017-08-21 12:01:41'),
(578, 9, 53, '41', 'Modifying Sections', '', 0, 'Process', '2017-08-21 12:01:41', '2017-08-21 12:01:41'),
(579, 9, 53, '41', 'Modifying Plans', '', 0, 'Process', '2017-08-21 12:01:41', '2017-08-21 12:01:41'),
(580, 9, 53, '41', 'Modifying Elevations', '', 0, 'Process', '2017-08-21 12:01:41', '2017-08-21 12:01:41'),
(581, 9, 53, '41', 'Modifying Details', '', 0, 'Process', '2017-08-21 12:01:41', '2017-08-21 12:01:41'),
(582, 9, 53, '41', 'Developing Details', '', 0, 'Process', '2017-08-21 12:01:41', '2017-08-21 12:01:41'),
(583, 9, 53, '41', 'Blue Line Conversion to CAD', '', 0, 'Process', '2017-08-21 12:01:41', '2017-08-21 12:01:41'),
(584, 9, 53, '41', 'Analysis', '', 0, 'Process', '2017-08-21 12:01:41', '2017-08-21 12:01:41'),
(585, 9, 53, '41', 'Addressing Markups', '', 0, 'Process', '2017-08-21 12:01:41', '2017-08-21 12:01:41'),
(586, 9, 54, '41', 'Developing CAD Plan', '', 0, 'Process', '2017-08-21 12:05:47', '2017-08-21 12:05:47'),
(587, 9, 54, '41', 'Annotating and dimensioning', '', 0, 'Process', '2017-08-21 12:05:47', '2017-08-21 12:05:47'),
(588, 9, 54, '41', 'Mail Corresponding', '', 0, 'Process', '2017-08-21 12:05:47', '2017-08-21 12:05:47'),
(589, 9, 54, '41', 'Team Co-Ordination', '', 0, 'Process', '2017-08-21 12:05:47', '2017-08-21 12:05:47'),
(590, 9, 54, '41', 'Developing Interior Elevations', '', 0, 'Process', '2017-08-21 12:05:47', '2017-08-21 12:05:47'),
(591, 9, 54, '41', 'Developing Exterior Elevations', '', 0, 'Process', '2017-08-21 12:05:47', '2017-08-21 12:05:47'),
(592, 9, 54, '41', 'Developing Ceiling Plan', '', 0, 'Process', '2017-08-21 12:05:47', '2017-08-21 12:05:47'),
(593, 9, 54, '41', 'Developing Floor Plan', '', 0, 'Process', '2017-08-21 12:05:47', '2017-08-21 12:05:47'),
(594, 9, 54, '41', 'Team Meeting', '', 0, 'Process', '2017-08-21 12:05:47', '2017-08-21 12:05:47'),
(595, 9, 54, '41', 'Revit Modeling', '', 0, 'Process', '2017-08-21 12:05:47', '2017-08-21 12:05:47'),
(596, 9, 54, '41', 'Research and Analysis', '', 0, 'Process', '2017-08-21 12:05:47', '2017-08-21 12:05:47'),
(597, 9, 54, '41', 'Modifying Sections', '', 0, 'Process', '2017-08-21 12:05:47', '2017-08-21 12:05:47'),
(598, 9, 54, '41', 'Modifying Plans', '', 0, 'Process', '2017-08-21 12:05:47', '2017-08-21 12:05:47'),
(599, 9, 54, '41', 'Modifying Elevations', '', 0, 'Process', '2017-08-21 12:05:47', '2017-08-21 12:05:47'),
(600, 9, 54, '41', 'Modifying Details', '', 0, 'Process', '2017-08-21 12:05:47', '2017-08-21 12:05:47'),
(601, 9, 54, '41', 'General Tasks', '', 0, 'Process', '2017-08-21 12:05:47', '2017-08-21 12:05:47'),
(602, 9, 54, '41', 'Electrical', '', 0, 'Process', '2017-08-21 12:05:47', '2017-08-21 12:05:47'),
(603, 9, 54, '41', 'Developing Details', '', 0, 'Process', '2017-08-21 12:05:47', '2017-08-21 12:05:47'),
(604, 9, 54, '41', 'Blue Line Conversion to CAD', '', 0, 'Process', '2017-08-21 12:05:47', '2017-08-21 12:05:47'),
(605, 9, 54, '41', 'Analysis', '', 0, 'Process', '2017-08-21 12:05:47', '2017-08-21 12:05:47'),
(606, 9, 54, '41', 'Addressing Markups', '', 0, 'Process', '2017-08-21 12:05:47', '2017-08-21 12:05:47'),
(607, 9, 55, '41', 'Developing CAD Plan', '', 0, 'Process', '2017-08-21 12:10:22', '2017-08-21 12:10:22'),
(608, 9, 55, '41', 'Annotating and dimensioning', '', 0, 'Process', '2017-08-21 12:10:22', '2017-08-21 12:10:22'),
(609, 9, 55, '41', 'Mail Corresponding', '', 0, 'Process', '2017-08-21 12:10:22', '2017-08-21 12:10:22'),
(610, 9, 55, '41', 'Team Co-Ordination', '', 0, 'Process', '2017-08-21 12:10:22', '2017-08-21 12:10:22'),
(611, 9, 55, '41', 'Developing Interior Elevations', '', 0, 'Process', '2017-08-21 12:10:22', '2017-08-21 12:10:22'),
(612, 9, 55, '41', 'Developing Exterior Elevations', '', 0, 'Process', '2017-08-21 12:10:22', '2017-08-21 12:10:22'),
(613, 9, 55, '41', 'Developing Ceiling Plan', '', 0, 'Process', '2017-08-21 12:10:22', '2017-08-21 12:10:22'),
(614, 9, 55, '41', 'Developing Floor Plan', '', 0, 'Process', '2017-08-21 12:10:22', '2017-08-21 12:10:22'),
(615, 9, 55, '41', 'Developing drawings', '', 0, 'Process', '2017-08-21 12:10:22', '2017-08-21 12:10:22'),
(616, 9, 55, '41', 'Team Meeting', '', 0, 'Process', '2017-08-21 12:10:22', '2017-08-21 12:10:22'),
(617, 9, 55, '41', 'Revit Modeling', '', 0, 'Process', '2017-08-21 12:10:22', '2017-08-21 12:10:22'),
(618, 9, 55, '41', 'Research and Analysis', '', 0, 'Process', '2017-08-21 12:10:22', '2017-08-21 12:10:22'),
(619, 9, 55, '41', 'Modifying Sections', '', 0, 'Process', '2017-08-21 12:10:22', '2017-08-21 12:10:22'),
(620, 9, 55, '41', 'Modifying Plans', '', 0, 'Process', '2017-08-21 12:10:22', '2017-08-21 12:10:22'),
(621, 9, 55, '41', 'Modifying Elevations', '', 0, 'Process', '2017-08-21 12:10:22', '2017-08-21 12:10:22'),
(622, 9, 55, '41', 'Modifying Details', '', 0, 'Process', '2017-08-21 12:10:22', '2017-08-21 12:10:22'),
(623, 9, 55, '41', 'General Tasks', '', 0, 'Process', '2017-08-21 12:10:22', '2017-08-21 12:10:22'),
(624, 9, 55, '41', 'Electrical', '', 0, 'Process', '2017-08-21 12:10:22', '2017-08-21 12:10:22'),
(625, 9, 55, '41', 'Developing Details', '', 0, 'Process', '2017-08-21 12:10:22', '2017-08-21 12:10:22'),
(626, 9, 55, '41', 'Analysis', '', 0, 'Process', '2017-08-21 12:10:22', '2017-08-21 12:10:22'),
(627, 9, 55, '41', 'Addressing Markups', '', 0, 'Process', '2017-08-21 12:10:22', '2017-08-21 12:10:22'),
(628, 9, 56, '41', 'Developing CAD Plan', '', 0, 'Process', '2017-08-21 12:14:03', '2017-08-21 12:14:03'),
(629, 9, 56, '41', 'Annotating and dimensioning', '', 0, 'Process', '2017-08-21 12:14:03', '2017-08-21 12:14:03'),
(630, 9, 56, '41', 'Mail Corresponding', '', 0, 'Process', '2017-08-21 12:14:03', '2017-08-21 12:14:03'),
(631, 9, 56, '41', 'Team Co-Ordination', '', 0, 'Process', '2017-08-21 12:14:03', '2017-08-21 12:14:03'),
(632, 9, 56, '41', 'Developing Interior Elevations', '', 0, 'Process', '2017-08-21 12:14:03', '2017-08-21 12:14:03'),
(633, 9, 56, '41', 'Developing Exterior Elevations', '', 0, 'Process', '2017-08-21 12:14:03', '2017-08-21 12:14:03'),
(634, 9, 56, '41', 'Developing Ceiling Plan', '', 0, 'Process', '2017-08-21 12:14:03', '2017-08-21 12:14:03'),
(635, 9, 56, '41', 'Developing Floor Plan', '', 0, 'Process', '2017-08-21 12:14:03', '2017-08-21 12:14:03'),
(636, 9, 56, '41', 'Celebration', '', 0, 'Process', '2017-08-21 12:14:03', '2017-08-21 12:14:03'),
(637, 9, 56, '41', 'Team Meeting', '', 0, 'Process', '2017-08-21 12:14:03', '2017-08-21 12:14:03'),
(638, 9, 56, '41', 'Revit Modeling', '', 0, 'Process', '2017-08-21 12:14:03', '2017-08-21 12:14:03'),
(639, 9, 56, '41', 'Modifying Sections', '', 0, 'Process', '2017-08-21 12:14:03', '2017-08-21 12:14:03'),
(640, 9, 56, '41', 'Modifying Plans', '', 0, 'Process', '2017-08-21 12:14:03', '2017-08-21 12:14:03'),
(641, 9, 56, '41', 'Modifying Elevations', '', 0, 'Process', '2017-08-21 12:14:03', '2017-08-21 12:14:03'),
(642, 9, 56, '41', 'Modifying Details', '', 0, 'Process', '2017-08-21 12:14:03', '2017-08-21 12:14:03'),
(643, 9, 56, '41', 'General Tasks', '', 0, 'Process', '2017-08-21 12:14:03', '2017-08-21 12:14:03'),
(644, 9, 56, '41', 'Electrical', '', 0, 'Process', '2017-08-21 12:14:03', '2017-08-21 12:14:03'),
(645, 9, 56, '41', 'Developing Details', '', 0, 'Process', '2017-08-21 12:14:03', '2017-08-21 12:14:03'),
(646, 9, 56, '41', 'Blue Line Conversion to CAD', '', 0, 'Process', '2017-08-21 12:14:03', '2017-08-21 12:14:03'),
(647, 9, 56, '41', 'Analysis', '', 0, 'Process', '2017-08-21 12:14:03', '2017-08-21 12:14:03'),
(648, 9, 56, '41', 'Addressing Markups', '', 0, 'Process', '2017-08-21 12:14:03', '2017-08-21 12:14:03'),
(649, 9, 57, '41', 'Developing CAD Plan', '', 0, 'Process', '2017-08-21 12:17:29', '2017-08-21 12:17:29'),
(650, 9, 57, '41', 'Annotating and dimensioning', '', 0, 'Process', '2017-08-21 12:17:29', '2017-08-21 12:17:29'),
(651, 9, 57, '41', 'Mail Corresponding', '', 0, 'Process', '2017-08-21 12:17:29', '2017-08-21 12:17:29'),
(652, 9, 57, '41', 'Team Co-Ordination', '', 0, 'Process', '2017-08-21 12:17:29', '2017-08-21 12:17:29'),
(653, 9, 57, '41', 'Developing Interior Elevations', '', 0, 'Process', '2017-08-21 12:17:29', '2017-08-21 12:17:29'),
(654, 9, 57, '41', 'Developing Exterior Elevations', '', 0, 'Process', '2017-08-21 12:17:29', '2017-08-21 12:17:29'),
(655, 9, 57, '41', 'Developing Ceiling Plan', '', 0, 'Process', '2017-08-21 12:17:29', '2017-08-21 12:17:29'),
(656, 9, 57, '41', 'Developing Floor Plan', '', 0, 'Process', '2017-08-21 12:17:29', '2017-08-21 12:17:29'),
(657, 9, 57, '41', 'Team Meeting', '', 0, 'Process', '2017-08-21 12:17:29', '2017-08-21 12:17:29'),
(658, 9, 57, '41', 'Revit Modeling', '', 0, 'Process', '2017-08-21 12:17:29', '2017-08-21 12:17:29'),
(659, 9, 57, '41', 'Modifying Sections', '', 0, 'Process', '2017-08-21 12:17:29', '2017-08-21 12:17:29'),
(660, 9, 57, '41', 'Modifying Plans', '', 0, 'Process', '2017-08-21 12:17:29', '2017-08-21 12:17:29'),
(661, 9, 57, '41', 'Modifying Elevations', '', 0, 'Process', '2017-08-21 12:17:29', '2017-08-21 12:17:29'),
(662, 9, 57, '41', 'Modifying Details', '', 0, 'Process', '2017-08-21 12:17:29', '2017-08-21 12:17:29'),
(663, 9, 57, '41', 'General Tasks', '', 0, 'Process', '2017-08-21 12:17:29', '2017-08-21 12:17:29'),
(664, 9, 57, '41', 'Electrical', '', 0, 'Process', '2017-08-21 12:17:29', '2017-08-21 12:17:29'),
(665, 9, 57, '41', 'Developing Details', '', 0, 'Process', '2017-08-21 12:17:29', '2017-08-21 12:17:29'),
(666, 9, 57, '41', 'Blue Line Conversion to CAD', '', 0, 'Process', '2017-08-21 12:17:29', '2017-08-21 12:17:29'),
(667, 9, 57, '41', 'Analysis', '', 0, 'Process', '2017-08-21 12:17:29', '2017-08-21 12:17:29'),
(668, 9, 57, '41', 'Addressing Markups', '', 0, 'Process', '2017-08-21 12:17:29', '2017-08-21 12:17:29'),
(669, 9, 58, '41', 'Developing CAD Plan', '', 0, 'Process', '2017-08-21 12:21:04', '2017-08-21 12:21:04'),
(670, 9, 58, '41', 'Annotating and dimensioning', '', 0, 'Process', '2017-08-21 12:21:04', '2017-08-21 12:21:04'),
(671, 9, 58, '41', 'Mail Corresponding', '', 0, 'Process', '2017-08-21 12:21:04', '2017-08-21 12:21:04'),
(672, 9, 58, '41', 'Team Co-Ordination', '', 0, 'Process', '2017-08-21 12:21:04', '2017-08-21 12:21:04'),
(673, 9, 58, '41', 'Developing Interior Elevations', '', 0, 'Process', '2017-08-21 12:21:04', '2017-08-21 12:21:04'),
(674, 9, 58, '41', 'Developing Exterior Elevations', '', 0, 'Process', '2017-08-21 12:21:04', '2017-08-21 12:21:04'),
(675, 9, 58, '41', 'Developing Ceiling Plan', '', 0, 'Process', '2017-08-21 12:21:04', '2017-08-21 12:21:04'),
(676, 9, 58, '41', 'Developing Floor Plan', '', 0, 'Process', '2017-08-21 12:21:04', '2017-08-21 12:21:04'),
(677, 9, 58, '41', 'Team Meeting', '', 0, 'Process', '2017-08-21 12:21:04', '2017-08-21 12:21:04'),
(678, 9, 58, '41', 'Revit Modeling', '', 0, 'Process', '2017-08-21 12:21:04', '2017-08-21 12:21:04'),
(679, 9, 58, '41', 'Modifying Sections', '', 0, 'Process', '2017-08-21 12:21:04', '2017-08-21 12:21:04'),
(680, 9, 58, '41', 'Modifying Plans', '', 0, 'Process', '2017-08-21 12:21:04', '2017-08-21 12:21:04'),
(681, 9, 58, '41', 'Modifying Elevations', '', 0, 'Process', '2017-08-21 12:21:04', '2017-08-21 12:21:04'),
(682, 9, 58, '41', 'Modifying Details', '', 0, 'Process', '2017-08-21 12:21:04', '2017-08-21 12:21:04'),
(683, 9, 58, '41', 'General Tasks', '', 0, 'Process', '2017-08-21 12:21:04', '2017-08-21 12:21:04'),
(684, 9, 58, '41', 'Electrical', '', 0, 'Process', '2017-08-21 12:21:04', '2017-08-21 12:21:04'),
(685, 9, 58, '41', 'Developing Details', '', 0, 'Process', '2017-08-21 12:21:04', '2017-08-21 12:21:04'),
(686, 9, 58, '41', 'Blue Line Conversion to CAD', '', 0, 'Process', '2017-08-21 12:21:04', '2017-08-21 12:21:04'),
(687, 9, 58, '41', 'Analysis', '', 0, 'Process', '2017-08-21 12:21:04', '2017-08-21 12:21:04'),
(688, 9, 58, '41', 'Addressing Markups', '', 0, 'Process', '2017-08-21 12:21:04', '2017-08-21 12:21:04'),
(689, 9, 59, '41', 'Developing CAD Plan', '', 0, 'Process', '2017-08-21 12:24:48', '2017-08-21 12:24:48'),
(690, 9, 59, '41', 'Annotating and dimensioning', '', 0, 'Process', '2017-08-21 12:24:48', '2017-08-21 12:24:48'),
(691, 9, 59, '41', 'Mail Corresponding', '', 0, 'Process', '2017-08-21 12:24:48', '2017-08-21 12:24:48'),
(692, 9, 59, '41', 'Team Co-Ordination', '', 0, 'Process', '2017-08-21 12:24:48', '2017-08-21 12:24:48'),
(693, 9, 59, '41', 'Developing Interior Elevations', '', 0, 'Process', '2017-08-21 12:24:48', '2017-08-21 12:24:48'),
(694, 9, 59, '41', 'Developing Exterior Elevations', '', 0, 'Process', '2017-08-21 12:24:48', '2017-08-21 12:24:48'),
(695, 9, 59, '41', 'Developing Ceiling Plan', '', 0, 'Process', '2017-08-21 12:24:48', '2017-08-21 12:24:48'),
(696, 9, 59, '41', 'Developing Floor Plan', '', 0, 'Process', '2017-08-21 12:24:48', '2017-08-21 12:24:48'),
(697, 9, 59, '41', 'Team Meeting', '', 0, 'Process', '2017-08-21 12:24:48', '2017-08-21 12:24:48'),
(698, 9, 59, '41', 'Revit Modeling', '', 0, 'Process', '2017-08-21 12:24:48', '2017-08-21 12:24:48'),
(699, 9, 59, '41', 'Research and Analysis', '', 0, 'Process', '2017-08-21 12:24:48', '2017-08-21 12:24:48'),
(700, 9, 59, '41', 'Modifying Sections', '', 0, 'Process', '2017-08-21 12:24:48', '2017-08-21 12:24:48'),
(701, 9, 59, '41', 'Modifying Plans', '', 0, 'Process', '2017-08-21 12:24:48', '2017-08-21 12:24:48'),
(702, 9, 59, '41', 'Modifying Elevations', '', 0, 'Process', '2017-08-21 12:24:48', '2017-08-21 12:24:48'),
(703, 9, 59, '41', 'Modifying Details', '', 0, 'Process', '2017-08-21 12:24:48', '2017-08-21 12:24:48'),
(704, 9, 59, '41', 'Electrical', '', 0, 'Process', '2017-08-21 12:24:48', '2017-08-21 12:24:48'),
(705, 9, 59, '41', 'Developing Details', '', 0, 'Process', '2017-08-21 12:24:48', '2017-08-21 12:24:48'),
(706, 9, 59, '41', 'Blue Line Conversion to CAD', '', 0, 'Process', '2017-08-21 12:24:48', '2017-08-21 12:24:48'),
(707, 9, 59, '41', 'Analysis', '', 0, 'Process', '2017-08-21 12:24:48', '2017-08-21 12:24:48'),
(708, 9, 59, '41', 'Addressing Markups', '', 0, 'Process', '2017-08-21 12:24:48', '2017-08-21 12:24:48'),
(709, 9, 60, '41', 'Developing CAD Plan', '', 0, 'Process', '2017-08-21 12:27:54', '2017-08-21 12:27:54'),
(710, 9, 60, '41', 'Annotating and dimensioning', '', 0, 'Process', '2017-08-21 12:27:54', '2017-08-21 12:27:54'),
(711, 9, 60, '41', 'Mail Corresponding', '', 0, 'Process', '2017-08-21 12:27:54', '2017-08-21 12:27:54'),
(712, 9, 60, '41', 'Team Co-Ordination', '', 0, 'Process', '2017-08-21 12:27:54', '2017-08-21 12:27:54'),
(713, 9, 60, '41', 'Developing Interior Elevations', '', 0, 'Process', '2017-08-21 12:27:54', '2017-08-21 12:27:54'),
(714, 9, 60, '41', 'Developing Exterior Elevations', '', 0, 'Process', '2017-08-21 12:27:54', '2017-08-21 12:27:54'),
(715, 9, 60, '41', 'Developing Ceiling Plan', '', 0, 'Process', '2017-08-21 12:27:54', '2017-08-21 12:27:54'),
(716, 9, 60, '41', 'Developing Floor Plan', '', 0, 'Process', '2017-08-21 12:27:54', '2017-08-21 12:27:54'),
(717, 9, 60, '41', 'Team Meeting', '', 0, 'Process', '2017-08-21 12:27:54', '2017-08-21 12:27:54'),
(718, 9, 60, '41', 'Revit Modeling', '', 0, 'Process', '2017-08-21 12:27:54', '2017-08-21 12:27:54'),
(719, 9, 60, '41', 'Modifying Sections', '', 0, 'Process', '2017-08-21 12:27:54', '2017-08-21 12:27:54'),
(720, 9, 60, '41', 'Modifying Plans', '', 0, 'Process', '2017-08-21 12:27:54', '2017-08-21 12:27:54'),
(721, 9, 60, '41', 'Modifying Elevations', '', 0, 'Process', '2017-08-21 12:27:54', '2017-08-21 12:27:54'),
(722, 9, 60, '41', 'Modifying Details', '', 0, 'Process', '2017-08-21 12:27:54', '2017-08-21 12:27:54'),
(723, 9, 60, '41', 'Electrical', '', 0, 'Process', '2017-08-21 12:27:54', '2017-08-21 12:27:54'),
(724, 9, 60, '41', 'Developing Details', '', 0, 'Process', '2017-08-21 12:27:54', '2017-08-21 12:27:54'),
(725, 9, 60, '41', 'Blue Line Conversion to CAD', '', 0, 'Process', '2017-08-21 12:27:54', '2017-08-21 12:27:54'),
(726, 9, 60, '41', 'Analysis', '', 0, 'Process', '2017-08-21 12:27:54', '2017-08-21 12:27:54'),
(727, 9, 60, '41', 'Addressing Markups', '', 0, 'Process', '2017-08-21 12:27:54', '2017-08-21 12:27:54'),
(728, 9, 61, '41', 'Developing CAD Plan', '', 0, 'Process', '2017-08-21 12:30:47', '2017-08-21 12:30:47'),
(729, 9, 61, '41', 'Annotating and dimensioning', '', 0, 'Process', '2017-08-21 12:30:47', '2017-08-21 12:30:47'),
(730, 9, 61, '41', 'Mail Corresponding', '', 0, 'Process', '2017-08-21 12:30:47', '2017-08-21 12:30:47'),
(731, 9, 61, '41', 'Team Co-Ordination', '', 0, 'Process', '2017-08-21 12:30:47', '2017-08-21 12:30:47'),
(732, 9, 61, '41', 'Developing Interior Elevations', '', 0, 'Process', '2017-08-21 12:30:47', '2017-08-21 12:30:47'),
(733, 9, 61, '41', 'Developing Exterior Elevations', '', 0, 'Process', '2017-08-21 12:30:47', '2017-08-21 12:30:47'),
(734, 9, 61, '41', 'Developing Ceiling Plan', '', 0, 'Process', '2017-08-21 12:30:47', '2017-08-21 12:30:47'),
(735, 9, 61, '41', 'Developing Floor Plan', '', 0, 'Process', '2017-08-21 12:30:47', '2017-08-21 12:30:47'),
(736, 9, 61, '41', 'Team Meeting', '', 0, 'Process', '2017-08-21 12:30:47', '2017-08-21 12:30:47'),
(737, 9, 61, '41', 'Revit Modeling', '', 0, 'Process', '2017-08-21 12:30:47', '2017-08-21 12:30:47'),
(738, 9, 61, '41', 'Research and Analysis', '', 0, 'Process', '2017-08-21 12:30:47', '2017-08-21 12:30:47'),
(739, 9, 61, '41', 'Modifying Sections', '', 0, 'Process', '2017-08-21 12:30:47', '2017-08-21 12:30:47'),
(740, 9, 61, '41', 'Modifying Plans', '', 0, 'Process', '2017-08-21 12:30:47', '2017-08-21 12:30:47'),
(741, 9, 61, '41', 'Modifying Elevations', '', 0, 'Process', '2017-08-21 12:30:47', '2017-08-21 12:30:47'),
(742, 9, 61, '41', 'Modifying Details', '', 0, 'Process', '2017-08-21 12:30:47', '2017-08-21 12:30:47'),
(743, 9, 61, '41', 'Electrical', '', 0, 'Process', '2017-08-21 12:30:47', '2017-08-21 12:30:47'),
(744, 9, 61, '41', 'Developing Details', '', 0, 'Process', '2017-08-21 12:30:47', '2017-08-21 12:30:47'),
(745, 9, 61, '41', 'Blue Line Conversion to CAD', '', 0, 'Process', '2017-08-21 12:30:47', '2017-08-21 12:30:47'),
(746, 9, 61, '41', 'Analysis', '', 0, 'Process', '2017-08-21 12:30:47', '2017-08-21 12:30:47'),
(747, 9, 61, '41', 'Addressing Markups', '', 0, 'Process', '2017-08-21 12:30:47', '2017-08-21 12:30:47'),
(748, 9, 62, '41', 'Developing CAD Plan', '', 0, 'Process', '2017-08-21 12:33:55', '2017-08-21 12:33:55'),
(749, 9, 62, '41', 'Annotating and dimensioning', '', 0, 'Process', '2017-08-21 12:33:55', '2017-08-21 12:33:55'),
(750, 9, 62, '41', 'Mail Corresponding', '', 0, 'Process', '2017-08-21 12:33:55', '2017-08-21 12:33:55'),
(751, 9, 62, '41', 'Team Co-Ordination', '', 0, 'Process', '2017-08-21 12:33:55', '2017-08-21 12:33:55'),
(752, 9, 62, '41', 'Developing Interior Elevations', '', 0, 'Process', '2017-08-21 12:33:55', '2017-08-21 12:33:55'),
(753, 9, 62, '41', 'Developing Exterior Elevations', '', 0, 'Process', '2017-08-21 12:33:55', '2017-08-21 12:33:55'),
(754, 9, 62, '41', 'Developing Ceiling Plan', '', 0, 'Process', '2017-08-21 12:33:55', '2017-08-21 12:33:55'),
(755, 9, 62, '41', 'Developing Floor Plan', '', 0, 'Process', '2017-08-21 12:33:55', '2017-08-21 12:33:55'),
(756, 9, 62, '41', 'Team Meeting', '', 0, 'Process', '2017-08-21 12:33:55', '2017-08-21 12:33:55'),
(757, 9, 62, '41', 'Revit Modeling', '', 0, 'Process', '2017-08-21 12:33:55', '2017-08-21 12:33:55'),
(758, 9, 62, '41', 'Modifying Sections', '', 0, 'Process', '2017-08-21 12:33:55', '2017-08-21 12:33:55'),
(759, 9, 62, '41', 'Modifying Plans', '', 0, 'Process', '2017-08-21 12:33:55', '2017-08-21 12:33:55'),
(760, 9, 62, '41', 'Modifying Elevations', '', 0, 'Process', '2017-08-21 12:33:55', '2017-08-21 12:33:55'),
(761, 9, 62, '41', 'Modifying Details', '', 0, 'Process', '2017-08-21 12:33:55', '2017-08-21 12:33:55'),
(762, 9, 62, '41', 'General Tasks', '', 0, 'Process', '2017-08-21 12:33:55', '2017-08-21 12:33:55'),
(763, 9, 62, '41', 'Electrical', '', 0, 'Process', '2017-08-21 12:33:55', '2017-08-21 12:33:55'),
(764, 9, 62, '41', 'Developing Details', '', 0, 'Process', '2017-08-21 12:33:55', '2017-08-21 12:33:55'),
(765, 9, 62, '41', 'Blue Line Conversion to CAD', '', 0, 'Process', '2017-08-21 12:33:55', '2017-08-21 12:33:55'),
(766, 9, 62, '41', 'Analysis', '', 0, 'Process', '2017-08-21 12:33:55', '2017-08-21 12:33:55'),
(767, 9, 62, '41', 'Addressing Markups', '', 0, 'Process', '2017-08-21 12:33:55', '2017-08-21 12:33:55'),
(768, 9, 63, '41', 'Developing CAD Plan', '', 0, 'Process', '2017-08-21 12:38:29', '2017-08-21 12:38:29'),
(769, 9, 63, '41', 'Annotating and dimensioning', '', 0, 'Process', '2017-08-21 12:38:29', '2017-08-21 12:38:29'),
(770, 9, 63, '41', 'Mail Corresponding', '', 0, 'Process', '2017-08-21 12:38:29', '2017-08-21 12:38:29'),
(771, 9, 63, '41', 'Team Co-Ordination', '', 0, 'Process', '2017-08-21 12:38:29', '2017-08-21 12:38:29'),
(772, 9, 63, '41', 'Developing Interior Elevations', '', 0, 'Process', '2017-08-21 12:38:29', '2017-08-21 12:38:29'),
(773, 9, 63, '41', 'Developing Exterior Elevations', '', 0, 'Process', '2017-08-21 12:38:29', '2017-08-21 12:38:29'),
(774, 9, 63, '41', 'Developing Ceiling Plan', '', 0, 'Process', '2017-08-21 12:38:29', '2017-08-21 12:38:29'),
(775, 9, 63, '41', 'Developing Floor Plan', '', 0, 'Process', '2017-08-21 12:38:29', '2017-08-21 12:38:29'),
(776, 9, 63, '41', 'Team Meeting', '', 0, 'Process', '2017-08-21 12:38:29', '2017-08-21 12:38:29'),
(777, 9, 63, '41', 'Revit Modeling', '', 0, 'Process', '2017-08-21 12:38:29', '2017-08-21 12:38:29'),
(778, 9, 63, '41', 'Modifying Sections', '', 0, 'Process', '2017-08-21 12:38:29', '2017-08-21 12:38:29'),
(779, 9, 63, '41', 'Modifying Plans', '', 0, 'Process', '2017-08-21 12:38:29', '2017-08-21 12:38:29'),
(780, 9, 63, '41', 'Modifying Elevations', '', 0, 'Process', '2017-08-21 12:38:29', '2017-08-21 12:38:29'),
(781, 9, 63, '41', 'Modifying Details', '', 0, 'Process', '2017-08-21 12:38:29', '2017-08-21 12:38:29'),
(782, 9, 63, '41', 'Electrical', '', 0, 'Process', '2017-08-21 12:38:29', '2017-08-21 12:38:29'),
(783, 9, 63, '41', 'Developing Details', '', 0, 'Process', '2017-08-21 12:38:29', '2017-08-21 12:38:29'),
(784, 9, 63, '41', 'Blue Line Conversion to CAD', '', 0, 'Process', '2017-08-21 12:38:29', '2017-08-21 12:38:29'),
(785, 9, 63, '41', 'Analysis', '', 0, 'Process', '2017-08-21 12:38:29', '2017-08-21 12:38:29'),
(786, 9, 63, '41', 'Addressing Markups', '', 0, 'Process', '2017-08-21 12:38:29', '2017-08-21 12:38:29'),
(787, 9, 64, '41', 'Developing CAD Plan', '', 0, 'Process', '2017-08-21 12:43:04', '2017-08-21 12:43:04'),
(788, 9, 64, '41', 'Annotating and dimensioning', '', 0, 'Process', '2017-08-21 12:43:04', '2017-08-21 12:43:04'),
(789, 9, 64, '41', 'Mail Corresponding', '', 0, 'Process', '2017-08-21 12:43:04', '2017-08-21 12:43:04'),
(790, 9, 64, '41', 'Team Co-Ordination', '', 0, 'Process', '2017-08-21 12:43:04', '2017-08-21 12:43:04'),
(791, 9, 64, '41', 'Developing Interior Elevations', '', 0, 'Process', '2017-08-21 12:43:04', '2017-08-21 12:43:04'),
(792, 9, 64, '41', 'Developing Exterior Elevations', '', 0, 'Process', '2017-08-21 12:43:04', '2017-08-21 12:43:04'),
(793, 9, 64, '41', 'Developing Ceiling Plan', '', 0, 'Process', '2017-08-21 12:43:04', '2017-08-21 12:43:04'),
(794, 9, 64, '41', 'Developing Floor Plan', '', 0, 'Process', '2017-08-21 12:43:04', '2017-08-21 12:43:04'),
(795, 9, 64, '41', 'Team Meeting', '', 0, 'Process', '2017-08-21 12:43:04', '2017-08-21 12:43:04'),
(796, 9, 64, '41', 'Revit Modeling', '', 0, 'Process', '2017-08-21 12:43:04', '2017-08-21 12:43:04'),
(797, 9, 64, '41', 'Modifying Sections', '', 0, 'Process', '2017-08-21 12:43:04', '2017-08-21 12:43:04'),
(798, 9, 64, '41', 'Modifying Plans', '', 0, 'Process', '2017-08-21 12:43:04', '2017-08-21 12:43:04'),
(799, 9, 64, '41', 'Modifying Elevations', '', 0, 'Process', '2017-08-21 12:43:04', '2017-08-21 12:43:04'),
(800, 9, 64, '41', 'Modifying Details', '', 0, 'Process', '2017-08-21 12:43:04', '2017-08-21 12:43:04'),
(801, 9, 64, '41', 'General Tasks', '', 0, 'Process', '2017-08-21 12:43:04', '2017-08-21 12:43:04'),
(802, 9, 64, '41', 'Electrical', '', 0, 'Process', '2017-08-21 12:43:04', '2017-08-21 12:43:04'),
(803, 9, 64, '41', 'Developing Details', '', 0, 'Process', '2017-08-21 12:43:04', '2017-08-21 12:43:04'),
(804, 9, 64, '41', 'Blue Line Conversion to CAD', '', 0, 'Process', '2017-08-21 12:43:04', '2017-08-21 12:43:04'),
(805, 9, 64, '41', 'Analysis', '', 0, 'Process', '2017-08-21 12:43:04', '2017-08-21 12:43:04'),
(806, 9, 64, '41', 'Addressing Markups', '', 0, 'Process', '2017-08-21 12:43:04', '2017-08-21 12:43:04'),
(807, 9, 65, '41', 'Developing CAD Plan', '', 0, 'Process', '2017-08-21 12:46:02', '2017-08-21 12:46:02'),
(808, 9, 65, '41', 'Annotating and dimensioning', '', 0, 'Process', '2017-08-21 12:46:02', '2017-08-21 12:46:02'),
(809, 9, 65, '41', 'Mail Corresponding', '', 0, 'Process', '2017-08-21 12:46:02', '2017-08-21 12:46:02'),
(810, 9, 65, '41', 'Team Co-Ordination', '', 0, 'Process', '2017-08-21 12:46:02', '2017-08-21 12:46:02'),
(811, 9, 65, '41', 'Developing Interior Elevations', '', 0, 'Process', '2017-08-21 12:46:02', '2017-08-21 12:46:02'),
(812, 9, 65, '41', 'Developing Exterior Elevations', '', 0, 'Process', '2017-08-21 12:46:02', '2017-08-21 12:46:02'),
(813, 9, 65, '41', 'Developing Ceiling Plan', '', 0, 'Process', '2017-08-21 12:46:02', '2017-08-21 12:46:02'),
(814, 9, 65, '41', 'Developing Floor Plan', '', 0, 'Process', '2017-08-21 12:46:02', '2017-08-21 12:46:02'),
(815, 9, 65, '41', 'Revit Modeling', '', 0, 'Process', '2017-08-21 12:46:02', '2017-08-21 12:46:02'),
(816, 9, 65, '41', 'Blue Line Conversion to CAD', '', 0, 'Process', '2017-08-21 12:46:02', '2017-08-21 12:46:02'),
(817, 9, 65, '41', 'Analysis', '', 0, 'Process', '2017-08-21 12:46:02', '2017-08-21 12:46:02'),
(818, 9, 65, '41', 'Addressing Markups', '', 0, 'Process', '2017-08-21 12:46:02', '2017-08-21 12:46:02'),
(819, 9, 66, '41', 'Developing CAD Plan', '', 0, 'Process', '2017-08-21 12:49:50', '2017-08-21 12:49:50'),
(820, 9, 66, '41', 'Annotating and dimensioning', '', 0, 'Process', '2017-08-21 12:49:50', '2017-08-21 12:49:50'),
(821, 9, 66, '41', 'Mail Corresponding', '', 0, 'Process', '2017-08-21 12:49:50', '2017-08-21 12:49:50'),
(822, 9, 66, '41', 'Team Co-Ordination', '', 0, 'Process', '2017-08-21 12:49:50', '2017-08-21 12:49:50'),
(823, 9, 66, '41', 'Developing Interior Elevations', '', 0, 'Process', '2017-08-21 12:49:50', '2017-08-21 12:49:50'),
(824, 9, 66, '41', 'Developing Exterior Elevations', '', 0, 'Process', '2017-08-21 12:49:50', '2017-08-21 12:49:50'),
(825, 9, 66, '41', 'Developing Ceiling Plan', '', 0, 'Process', '2017-08-21 12:49:50', '2017-08-21 12:49:50'),
(826, 9, 66, '41', 'Developing Floor Plan', '', 0, 'Process', '2017-08-21 12:49:50', '2017-08-21 12:49:50'),
(827, 9, 66, '41', 'Revit Modeling', '', 0, 'Process', '2017-08-21 12:49:50', '2017-08-21 12:49:50'),
(828, 9, 66, '41', 'General Tasks', '', 0, 'Process', '2017-08-21 12:49:50', '2017-08-21 12:49:50'),
(829, 9, 66, '41', 'Electrical', '', 0, 'Process', '2017-08-21 12:49:50', '2017-08-21 12:49:50'),
(830, 9, 66, '41', 'Developing Details', '', 0, 'Process', '2017-08-21 12:49:50', '2017-08-21 12:49:50'),
(831, 9, 66, '41', 'Blue Line Conversion to CAD', '', 0, 'Process', '2017-08-21 12:49:50', '2017-08-21 12:49:50'),
(832, 9, 66, '41', 'Analysis', '', 0, 'Process', '2017-08-21 12:49:50', '2017-08-21 12:49:50'),
(833, 9, 66, '41', 'Addressing Markups', '', 0, 'Process', '2017-08-21 12:49:50', '2017-08-21 12:49:50'),
(834, 9, 67, '41', 'Developing CAD Plan', '', 0, 'Process', '2017-08-21 12:52:40', '2017-08-21 12:52:40'),
(835, 9, 67, '41', 'Annotating and dimensioning', '', 0, 'Process', '2017-08-21 12:52:40', '2017-08-21 12:52:40'),
(836, 9, 67, '41', 'Mail Corresponding', '', 0, 'Process', '2017-08-21 12:52:40', '2017-08-21 12:52:40'),
(837, 9, 67, '41', 'Team Co-Ordination', '', 0, 'Process', '2017-08-21 12:52:40', '2017-08-21 12:52:40'),
(838, 9, 67, '41', 'Developing Interior Elevations', '', 0, 'Process', '2017-08-21 12:52:40', '2017-08-21 12:52:40'),
(839, 9, 67, '41', 'Developing Exterior Elevations', '', 0, 'Process', '2017-08-21 12:52:40', '2017-08-21 12:52:40'),
(840, 9, 67, '41', 'Developing Ceiling Plan', '', 0, 'Process', '2017-08-21 12:52:40', '2017-08-21 12:52:40'),
(841, 9, 67, '41', 'Developing Floor Plan', '', 0, 'Process', '2017-08-21 12:52:40', '2017-08-21 12:52:40'),
(842, 9, 67, '41', 'Revit Modeling', '', 0, 'Process', '2017-08-21 12:52:40', '2017-08-21 12:52:40'),
(843, 9, 67, '41', 'Modifying Sections', '', 0, 'Process', '2017-08-21 12:52:40', '2017-08-21 12:52:40'),
(844, 9, 67, '41', 'Modifying Plans', '', 0, 'Process', '2017-08-21 12:52:40', '2017-08-21 12:52:40'),
(845, 9, 67, '41', 'Modifying Elevations', '', 0, 'Process', '2017-08-21 12:52:40', '2017-08-21 12:52:40'),
(846, 9, 67, '41', 'Modifying Details', '', 0, 'Process', '2017-08-21 12:52:40', '2017-08-21 12:52:40'),
(847, 9, 67, '41', 'General Tasks', '', 0, 'Process', '2017-08-21 12:52:40', '2017-08-21 12:52:40'),
(848, 9, 67, '41', 'Developing Details', '', 0, 'Process', '2017-08-21 12:52:40', '2017-08-21 12:52:40'),
(849, 9, 67, '41', 'Blue Line Conversion to CAD', '', 0, 'Process', '2017-08-21 12:52:40', '2017-08-21 12:52:40'),
(850, 9, 67, '41', 'Analysis', '', 0, 'Process', '2017-08-21 12:52:40', '2017-08-21 12:52:40'),
(851, 9, 67, '41', 'Addressing Markups', '', 0, 'Process', '2017-08-21 12:52:40', '2017-08-21 12:52:40'),
(852, 6, 68, '39', 'Revit Architectural Modelling,', '', 0, 'Process', '2017-08-22 08:33:33', '2017-08-22 08:33:33'),
(853, 9, 39, '41', 'Developing Details', '', 0, 'Process', '2017-08-23 07:04:29', '2017-08-23 07:04:29'),
(854, 1, 72, '44', 'Annotating and dimensioning', '', 0, 'Process', '2017-08-23 10:27:04', '2017-08-23 10:27:04'),
(855, 1, 72, '44', 'Team Co-Ordination', '', 0, 'Process', '2017-08-23 10:27:04', '2017-08-23 10:27:04'),
(856, 1, 72, '44', 'Developing Interior Elevations', '', 0, 'Process', '2017-08-23 10:27:04', '2017-08-23 10:27:04'),
(857, 1, 72, '44', 'Developing Exterior Elevations', '', 0, 'Process', '2017-08-23 10:27:04', '2017-08-23 10:27:04'),
(858, 1, 72, '44', 'Developing Ceiling Plan', '', 0, 'Process', '2017-08-23 10:27:04', '2017-08-23 10:27:04'),
(859, 1, 72, '44', 'Developing Floor Plan', '', 0, 'Process', '2017-08-23 10:27:04', '2017-08-23 10:27:04'),
(860, 1, 72, '44', 'Floor plans and elevations', '', 0, 'Process', '2017-08-23 10:27:04', '2017-08-23 10:27:04'),
(861, 1, 72, '44', 'Developing Roof Framing Plan', '', 0, 'Process', '2017-08-23 10:27:04', '2017-08-23 10:27:04'),
(862, 1, 72, '44', 'Developing Foundation Plan', '', 0, 'Process', '2017-08-23 10:27:04', '2017-08-23 10:27:04'),
(863, 1, 72, '44', 'Developing Roof Framing Model', '', 0, 'Process', '2017-08-23 10:27:04', '2017-08-23 10:27:04'),
(864, 1, 72, '44', 'Revit Architectural Modelling,', '', 0, 'Process', '2017-08-23 10:27:04', '2017-08-23 10:27:04'),
(865, 1, 72, '44', 'Revit Structural Modeling', '', 0, 'Process', '2017-08-23 10:27:04', '2017-08-23 10:27:04'),
(866, 1, 72, '44', 'Revit MEP Modeling', '', 0, 'Process', '2017-08-23 10:27:04', '2017-08-23 10:27:04'),
(867, 1, 72, '44', 'Revit Documentation', '', 0, 'Process', '2017-08-23 10:27:04', '2017-08-23 10:27:04'),
(868, 1, 72, '44', 'Quality Check', '', 0, 'Process', '2017-08-23 10:27:04', '2017-08-23 10:27:04'),
(869, 1, 72, '44', 'Addressing Markups', '', 0, 'Process', '2017-08-23 10:27:04', '2017-08-23 10:27:04'),
(870, 1, 73, '44', 'Annotating and dimensioning', '', 0, 'Process', '2017-08-23 10:29:56', '2017-08-23 10:29:56'),
(871, 1, 73, '44', 'Mail Corresponding', '', 0, 'Process', '2017-08-23 10:29:56', '2017-08-23 10:29:56'),
(872, 1, 73, '44', 'Team Co-Ordination', '', 0, 'Process', '2017-08-23 10:29:56', '2017-08-23 10:29:56'),
(873, 1, 73, '44', 'Developing Ceiling Plan', '', 0, 'Process', '2017-08-23 10:29:56', '2017-08-23 10:29:56'),
(874, 1, 73, '44', 'Developing Floor Plan', '', 0, 'Process', '2017-08-23 10:29:56', '2017-08-23 10:29:56'),
(875, 1, 73, '44', 'Developing Roof Framing Plan', '', 0, 'Process', '2017-08-23 10:29:56', '2017-08-23 10:29:56'),
(876, 1, 73, '44', 'Developing Ceiling Framing Plan', '', 0, 'Process', '2017-08-23 10:29:56', '2017-08-23 10:29:56'),
(877, 1, 73, '44', 'Developing Foundation Plan', '', 0, 'Process', '2017-08-23 10:29:56', '2017-08-23 10:29:56'),
(878, 1, 73, '44', 'Developing Roof Framing Model', '', 0, 'Process', '2017-08-23 10:29:56', '2017-08-23 10:29:56'),
(879, 1, 73, '44', 'Developing Foundation Model', '', 0, 'Process', '2017-08-23 10:29:56', '2017-08-23 10:29:56'),
(880, 1, 73, '44', 'Revit Architectural Modelling,', '', 0, 'Process', '2017-08-23 10:29:56', '2017-08-23 10:29:56'),
(881, 1, 73, '44', 'Team Meeting', '', 0, 'Process', '2017-08-23 10:29:56', '2017-08-23 10:29:56'),
(882, 1, 73, '44', 'Standards', '', 0, 'Process', '2017-08-23 10:29:56', '2017-08-23 10:29:56'),
(883, 1, 73, '44', 'Revit Structural Modeling', '', 0, 'Process', '2017-08-23 10:29:56', '2017-08-23 10:29:56'),
(884, 1, 73, '44', 'Revit Documentation', '', 0, 'Process', '2017-08-23 10:29:56', '2017-08-23 10:29:56'),
(885, 1, 73, '44', 'Addressing Markups', '', 0, 'Process', '2017-08-23 10:29:56', '2017-08-23 10:29:56'),
(886, 17, 74, '42', 'Developing Base Module - Floor', 'Wood Frame', 0, 'Process', '2017-08-24 17:03:14', '2017-08-24 17:03:14'),
(887, 17, 74, '42', 'Developing Base Module - Roof', 'Wood Frame', 0, 'Process', '2017-08-24 17:04:14', '2017-08-24 17:04:14'),
(888, 17, 74, '42', 'Developing Overall Building Setup', 'Wood Frame - Linking Modules', 0, 'Process', '2017-08-24 17:05:04', '2017-08-24 17:05:04'),
(889, 17, 74, '42', 'Developing Floor Frame Plan', 'Wood Floor Framing', 0, 'Process', '2017-08-24 17:06:11', '2017-08-24 17:06:11'),
(890, 17, 74, '42', 'Developing Ceiling Framing Plan', 'Wood Frame ', 0, 'Process', '2017-08-24 17:06:46', '2017-08-24 17:06:46'),
(891, 17, 74, '42', 'Developing Roof Framing Plan', 'Wood Framing Plan', 0, 'Process', '2017-08-24 17:07:38', '2017-08-24 17:07:38'),
(892, 2, 9, '45', 'Shop drawings Preparation in CAD', 'CAD Work', 0, 'Process', '2017-08-28 16:48:57', '2017-08-28 16:48:57'),
(893, 22, 69, '39', 'Developing drawings', '', 0, 'Process', '2017-08-29 06:55:52', '2017-08-29 06:55:52'),
(894, 22, 69, '39', 'Addressing Markups', '', 0, 'Process', '2017-08-29 06:55:52', '2017-08-29 06:55:52'),
(895, 22, 70, '39', 'Developing drawings', '', 0, 'Process', '2017-08-29 06:56:15', '2017-08-29 06:56:15'),
(896, 22, 70, '39', 'Addressing Markups', '', 0, 'Process', '2017-08-29 06:56:15', '2017-08-29 06:56:15'),
(897, 22, 71, '39', 'Developing drawings', '', 0, 'Process', '2017-08-29 06:56:34', '2017-08-29 06:56:34'),
(898, 22, 71, '39', 'Addressing Markups', '', 0, 'Process', '2017-08-29 06:56:34', '2017-08-29 06:56:34'),
(899, 22, 75, '39', 'Developing drawings', '', 0, 'Process', '2017-08-29 07:03:32', '2017-08-29 07:03:32'),
(900, 22, 75, '39', 'Addressing Markups', '', 0, 'Process', '2017-08-29 07:03:32', '2017-08-29 07:03:32'),
(901, 22, 76, '39', 'Developing drawings', '', 0, 'Process', '2017-08-29 07:03:48', '2017-08-29 07:03:48'),
(902, 22, 76, '39', 'Addressing Markups', '', 0, 'Process', '2017-08-29 07:03:48', '2017-08-29 07:03:48'),
(903, 22, 77, '39', 'Developing drawings', '', 0, 'Process', '2017-08-29 07:04:05', '2017-08-29 07:04:05'),
(904, 22, 77, '39', 'Addressing Markups', '', 0, 'Process', '2017-08-29 07:04:05', '2017-08-29 07:04:05'),
(905, 22, 78, '39', 'Developing drawings', '', 0, 'Process', '2017-08-29 07:04:22', '2017-08-29 07:04:22'),
(906, 22, 78, '39', 'Addressing Markups', '', 0, 'Process', '2017-08-29 07:04:22', '2017-08-29 07:04:22'),
(907, 22, 79, '39', 'Developing drawings', '', 0, 'Process', '2017-08-29 07:04:46', '2017-08-29 07:04:46'),
(908, 22, 79, '39', 'Addressing Markups', '', 0, 'Process', '2017-08-29 07:04:46', '2017-08-29 07:04:46'),
(909, 22, 80, '39', 'Developing drawings', '', 0, 'Process', '2017-08-29 07:05:03', '2017-08-29 07:05:03'),
(910, 22, 80, '39', 'Addressing Markups', '', 0, 'Process', '2017-08-29 07:05:03', '2017-08-29 07:05:03'),
(911, 22, 81, '39', 'Developing drawings', '', 0, 'Process', '2017-08-29 07:05:20', '2017-08-29 07:05:20'),
(912, 22, 81, '39', 'Addressing Markups', '', 0, 'Process', '2017-08-29 07:05:20', '2017-08-29 07:05:20'),
(913, 22, 82, '39', 'Developing drawings', '', 0, 'Process', '2017-08-29 07:05:42', '2017-08-29 07:05:42'),
(914, 22, 82, '39', 'Addressing Markups', '', 0, 'Process', '2017-08-29 07:05:42', '2017-08-29 07:05:42'),
(915, 22, 83, '39', 'Developing drawings', '', 0, 'Process', '2017-08-29 07:05:58', '2017-08-29 07:05:58'),
(916, 22, 83, '39', 'Addressing Markups', '', 0, 'Process', '2017-08-29 07:05:58', '2017-08-29 07:05:58'),
(917, 22, 84, '39', 'Developing drawings', '', 0, 'Process', '2017-08-29 07:06:15', '2017-08-29 07:06:15'),
(918, 22, 84, '39', 'Addressing Markups', '', 0, 'Process', '2017-08-29 07:06:15', '2017-08-29 07:06:15'),
(919, 1, 73, '44', 'Analysis', '', 0, 'Process', '2017-08-29 07:57:15', '2017-08-29 07:57:15'),
(920, 23, 85, '43', 'Developing CAD Plan', '', 0, 'Process', '2017-08-30 07:03:00', '2017-08-30 07:03:00'),
(921, 24, 86, '40', '3d Modeling/ Rendering &Photoshop', '', 0, 'Process', '2017-08-31 11:03:00', '2017-08-31 11:03:00'),
(922, 25, 87, '40', '3d Modeling/ Rendering &Photoshop', '', 0, 'Process', '2017-08-31 11:09:55', '2017-08-31 11:09:55'),
(923, 23, 85, '40', '3d Modeling/ Rendering &Photoshop', '', 0, 'Process', '2017-08-31 11:18:27', '2017-08-31 11:18:27'),
(924, 23, 88, '40', '3d Modeling/ Rendering &Photoshop', '', 0, 'Process', '2017-08-31 11:24:19', '2017-08-31 11:24:19'),
(925, 26, 89, '39', 'Revit Architectural Modelling,', '', 0, 'Process', '2017-09-01 08:40:48', '2017-09-01 08:40:48'),
(926, 26, 89, '39', 'Addressing Markups', '', 0, 'Process', '2017-09-01 08:40:48', '2017-09-01 08:40:48'),
(927, 20, 90, '39', 'Developing Interior Elevations', '', 0, 'Process', '2017-09-01 08:48:54', '2017-09-01 08:48:54'),
(928, 20, 90, '39', 'Developing Base Drawings', '', 0, 'Process', '2017-09-01 08:49:03', '2017-09-01 08:49:03'),
(929, 20, 91, '39', 'Developing drawings', '', 0, 'Process', '2017-09-01 08:51:29', '2017-09-01 08:51:29'),
(930, 20, 91, '39', 'Addressing Markups', '', 0, 'Process', '2017-09-01 08:51:29', '2017-09-01 08:51:29'),
(931, 22, 92, '39', 'Developing drawings', '', 0, 'Process', '2017-09-01 15:09:08', '2017-09-01 15:09:08'),
(932, 22, 92, '39', 'Addressing Markups', '', 0, 'Process', '2017-09-01 15:09:08', '2017-09-01 15:09:08'),
(933, 22, 93, '39', 'Developing drawings', '', 0, 'Process', '2017-09-01 15:09:44', '2017-09-01 15:09:44'),
(934, 22, 93, '39', 'Addressing Markups', '', 0, 'Process', '2017-09-01 15:09:44', '2017-09-01 15:09:44'),
(935, 22, 94, '39', 'Developing drawings', '', 0, 'Process', '2017-09-01 15:10:25', '2017-09-01 15:10:25'),
(936, 22, 94, '39', 'Addressing Markups', '', 0, 'Process', '2017-09-01 15:10:25', '2017-09-01 15:10:25'),
(937, 22, 95, '39', 'Developing drawings', '', 0, 'Process', '2017-09-01 15:10:46', '2017-09-01 15:10:46'),
(938, 22, 95, '39', 'Addressing Markups', '', 0, 'Process', '2017-09-01 15:10:46', '2017-09-01 15:10:46'),
(939, 22, 97, '39', 'Developing drawings', '', 0, 'Process', '2017-09-01 15:12:12', '2017-09-01 15:12:12'),
(940, 22, 97, '39', 'Addressing Markups', '', 0, 'Process', '2017-09-01 15:12:12', '2017-09-01 15:12:12'),
(941, 22, 98, '39', 'Developing drawings', '', 0, 'Process', '2017-09-01 15:12:38', '2017-09-01 15:12:38'),
(942, 22, 98, '39', 'Addressing Markups', '', 0, 'Process', '2017-09-01 15:12:38', '2017-09-01 15:12:38'),
(943, 22, 99, '39', 'Developing drawings', '', 0, 'Process', '2017-09-01 15:13:00', '2017-09-01 15:13:00'),
(944, 22, 99, '39', 'Addressing Markups', '', 0, 'Process', '2017-09-01 15:13:00', '2017-09-01 15:13:00'),
(945, 22, 100, '39', 'Developing drawings', '', 0, 'Process', '2017-09-01 15:13:27', '2017-09-01 15:13:27'),
(946, 22, 100, '39', 'Addressing Markups', '', 0, 'Process', '2017-09-01 15:13:27', '2017-09-01 15:13:27'),
(947, 22, 101, '39', 'Developing drawings', '', 0, 'Process', '2017-09-01 15:13:49', '2017-09-01 15:13:49'),
(948, 22, 101, '39', 'Addressing Markups', '', 0, 'Process', '2017-09-01 15:13:49', '2017-09-01 15:13:49'),
(949, 22, 102, '39', 'Developing drawings', '', 0, 'Process', '2017-09-01 15:14:06', '2017-09-01 15:14:06'),
(950, 22, 102, '39', 'Addressing Markups', '', 0, 'Process', '2017-09-01 15:14:06', '2017-09-01 15:14:06'),
(951, 22, 103, '39', 'Developing drawings', '', 0, 'Process', '2017-09-01 15:14:24', '2017-09-01 15:14:24'),
(952, 22, 103, '39', 'Addressing Markups', '', 0, 'Process', '2017-09-01 15:14:24', '2017-09-01 15:14:24'),
(953, 22, 104, '39', 'Developing drawings', '', 0, 'Process', '2017-09-01 15:14:42', '2017-09-01 15:14:42'),
(954, 22, 104, '39', 'Addressing Markups', '', 0, 'Process', '2017-09-01 15:14:42', '2017-09-01 15:14:42'),
(955, 22, 105, '39', 'Developing drawings', '', 0, 'Process', '2017-09-01 15:15:02', '2017-09-01 15:15:02'),
(956, 22, 105, '39', 'Addressing Markups', '', 0, 'Process', '2017-09-01 15:15:02', '2017-09-01 15:15:02'),
(957, 22, 106, '39', 'Developing drawings', '', 0, 'Process', '2017-09-01 15:15:18', '2017-09-01 15:15:18'),
(958, 22, 106, '39', 'Addressing Markups', '', 0, 'Process', '2017-09-01 15:15:18', '2017-09-01 15:15:18'),
(959, 1, 72, '45', 'Shop drawings Preparation in CAD', '', 0, 'Process', '2017-09-04 14:34:27', '2017-09-04 14:34:27'),
(960, 1, 72, '45', 'MEP Service Coordination', '', 0, 'Process', '2017-09-04 14:34:27', '2017-09-04 14:34:27'),
(961, 1, 72, '45', 'Fire Fighting Service Modeling', '', 0, 'Process', '2017-09-04 14:34:27', '2017-09-04 14:34:27'),
(962, 1, 72, '45', 'Sanitary & Domestic Water Services Modeling  ', '', 0, 'Process', '2017-09-04 14:34:27', '2017-09-04 14:34:27'),
(963, 1, 72, '45', 'Electrical & ELV Service Modeling ', '', 0, 'Process', '2017-09-04 14:34:27', '2017-09-04 14:34:27'),
(964, 1, 72, '45', 'HVAC , Heating & Cooling Services Modeling ', '', 0, 'Process', '2017-09-04 14:34:27', '2017-09-04 14:34:27'),
(965, 1, 72, '45', 'Coordinating with team', '', 0, 'Process', '2017-09-04 14:34:27', '2017-09-04 14:34:27'),
(966, 15, 107, '38', 'DPset', '', 0, 'Process', '2017-09-08 12:55:57', '2017-09-08 12:55:57'),
(967, 27, 108, '45', 'Client Interaction', '', 0, 'Process', '2017-09-09 06:38:43', '2017-09-09 06:38:43'),
(968, 27, 108, '45', 'Electrical  Service Modeling & Annotation ', 'Electrical  Service Modeling & Annotation ', 0, 'Process', '2017-09-09 06:41:16', '2017-09-09 06:41:16'),
(969, 27, 108, '45', 'Plumbing Service Modeling & Annotation', 'Plumbing Service Modeling & Annotation ', 0, 'Process', '2017-09-09 06:41:01', '2017-09-09 06:41:01'),
(970, 28, 109, '41', 'layer standardization', 'layerstandardization', 0, 'Process', '2017-09-12 07:54:07', '2017-09-12 07:54:07'),
(971, 28, 109, '41', 'CAD Standards', '', 0, 'Process', '2017-09-12 08:07:14', '2017-09-12 08:07:14'),
(972, 28, 109, '41', 'Blue Line Conversion to CAD', '', 0, 'Process', '2017-09-12 08:07:14', '2017-09-12 08:07:14'),
(973, 28, 110, '41', 'layer standardization', '', 0, 'Process', '2017-09-12 08:07:36', '2017-09-12 08:07:36'),
(974, 28, 110, '41', 'CAD Standards', '', 0, 'Process', '2017-09-12 08:07:36', '2017-09-12 08:07:36'),
(975, 28, 110, '41', 'Blue Line Conversion to CAD', '', 0, 'Process', '2017-09-12 08:07:36', '2017-09-12 08:07:36'),
(976, 28, 111, '41', 'layer standardization', '', 0, 'Process', '2017-09-12 08:07:56', '2017-09-12 08:07:56'),
(977, 28, 111, '41', 'CAD Standards', '', 0, 'Process', '2017-09-12 08:07:56', '2017-09-12 08:07:56'),
(978, 28, 111, '41', 'Blue Line Conversion to CAD', '', 0, 'Process', '2017-09-12 08:07:56', '2017-09-12 08:07:56');
INSERT INTO `task_details` (`task_Id`, `client_Id`, `project_Id`, `empId`, `task_name`, `task_desc`, `task_cost`, `status`, `created_at`, `updated_at`) VALUES
(979, 15, 21, '38', 'BPset', '', 0, 'Process', '2017-09-12 08:08:40', '2017-09-12 08:08:40'),
(980, 28, 112, '41', 'layer standardization', '', 0, 'Process', '2017-09-12 08:08:53', '2017-09-12 08:08:53'),
(981, 28, 112, '41', 'CAD Standards', '', 0, 'Process', '2017-09-12 08:08:53', '2017-09-12 08:08:53'),
(982, 28, 112, '41', 'Blue Line Conversion to CAD', '', 0, 'Process', '2017-09-12 08:08:53', '2017-09-12 08:08:53'),
(983, 15, 24, '38', 'BPset', '', 0, 'Process', '2017-09-12 08:09:14', '2017-09-12 08:09:14'),
(984, 28, 113, '41', 'layer standardization', '', 0, 'Process', '2017-09-12 08:09:29', '2017-09-12 08:09:29'),
(985, 28, 113, '41', 'CAD Standards', '', 0, 'Process', '2017-09-12 08:09:29', '2017-09-12 08:09:29'),
(986, 28, 113, '41', 'Blue Line Conversion to CAD', '', 0, 'Process', '2017-09-12 08:09:29', '2017-09-12 08:09:29'),
(987, 28, 114, '41', 'layer standardization', '', 0, 'Process', '2017-09-12 08:09:47', '2017-09-12 08:09:47'),
(988, 28, 114, '41', 'CAD Standards', '', 0, 'Process', '2017-09-12 08:09:47', '2017-09-12 08:09:47'),
(989, 28, 114, '41', 'Blue Line Conversion to CAD', '', 0, 'Process', '2017-09-12 08:09:47', '2017-09-12 08:09:47'),
(990, 15, 22, '38', 'BPSEt', '', 0, 'Process', '2017-09-12 08:10:01', '2017-09-12 08:10:01'),
(991, 28, 115, '41', 'layer standardization', '', 0, 'Process', '2017-09-12 08:10:06', '2017-09-12 08:10:06'),
(992, 28, 115, '41', 'CAD Standards', '', 0, 'Process', '2017-09-12 08:10:06', '2017-09-12 08:10:06'),
(993, 28, 115, '41', 'Blue Line Conversion to CAD', '', 0, 'Process', '2017-09-12 08:10:06', '2017-09-12 08:10:06'),
(994, 28, 116, '41', 'layer standardization', '', 0, 'Process', '2017-09-12 08:10:24', '2017-09-12 08:10:24'),
(995, 28, 116, '41', 'CAD Standards', '', 0, 'Process', '2017-09-12 08:10:24', '2017-09-12 08:10:24'),
(996, 28, 116, '41', 'Blue Line Conversion to CAD', '', 0, 'Process', '2017-09-12 08:10:24', '2017-09-12 08:10:24'),
(997, 28, 117, '41', 'layer standardization', '', 0, 'Process', '2017-09-12 08:10:44', '2017-09-12 08:10:44'),
(998, 28, 117, '41', 'CAD Standards', '', 0, 'Process', '2017-09-12 08:10:44', '2017-09-12 08:10:44'),
(999, 28, 117, '41', 'Blue Line Conversion to CAD', '', 0, 'Process', '2017-09-12 08:10:44', '2017-09-12 08:10:44'),
(1000, 28, 118, '41', 'layer standardization', '', 0, 'Process', '2017-09-12 08:11:07', '2017-09-12 08:11:07'),
(1001, 28, 118, '41', 'CAD Standards', '', 0, 'Process', '2017-09-12 08:11:07', '2017-09-12 08:11:07'),
(1002, 28, 118, '41', 'Blue Line Conversion to CAD', '', 0, 'Process', '2017-09-12 08:11:07', '2017-09-12 08:11:07'),
(1003, 28, 119, '41', 'layer standardization', '', 0, 'Process', '2017-09-12 08:11:24', '2017-09-12 08:11:24'),
(1004, 28, 119, '41', 'CAD Standards', '', 0, 'Process', '2017-09-12 08:11:24', '2017-09-12 08:11:24'),
(1005, 28, 119, '41', 'Blue Line Conversion to CAD', '', 0, 'Process', '2017-09-12 08:11:24', '2017-09-12 08:11:24'),
(1006, 28, 120, '41', 'layer standardization', '', 0, 'Process', '2017-09-12 08:11:42', '2017-09-12 08:11:42'),
(1007, 28, 120, '41', 'CAD Standards', '', 0, 'Process', '2017-09-12 08:11:42', '2017-09-12 08:11:42'),
(1008, 28, 120, '41', 'Blue Line Conversion to CAD', '', 0, 'Process', '2017-09-12 08:11:42', '2017-09-12 08:11:42'),
(1009, 28, 121, '41', 'layer standardization', '', 0, 'Process', '2017-09-12 08:12:02', '2017-09-12 08:12:02'),
(1010, 28, 121, '41', 'CAD Standards', '', 0, 'Process', '2017-09-12 08:12:02', '2017-09-12 08:12:02'),
(1011, 28, 121, '41', 'Blue Line Conversion to CAD', '', 0, 'Process', '2017-09-12 08:12:02', '2017-09-12 08:12:02'),
(1012, 28, 122, '41', 'layer standardization', '', 0, 'Process', '2017-09-12 08:12:24', '2017-09-12 08:12:24'),
(1013, 28, 122, '41', 'CAD Standards', '', 0, 'Process', '2017-09-12 08:12:24', '2017-09-12 08:12:24'),
(1014, 28, 122, '41', 'Blue Line Conversion to CAD', '', 0, 'Process', '2017-09-12 08:12:24', '2017-09-12 08:12:24'),
(1015, 28, 123, '41', 'layer standardization', '', 0, 'Process', '2017-09-12 08:12:53', '2017-09-12 08:12:53'),
(1016, 28, 123, '41', 'CAD Standards', '', 0, 'Process', '2017-09-12 08:12:53', '2017-09-12 08:12:53'),
(1017, 28, 123, '41', 'Blue Line Conversion to CAD', '', 0, 'Process', '2017-09-12 08:12:53', '2017-09-12 08:12:53'),
(1018, 28, 124, '41', 'layer standardization', '', 0, 'Process', '2017-09-12 08:13:10', '2017-09-12 08:13:10'),
(1019, 28, 124, '41', 'CAD Standards', '', 0, 'Process', '2017-09-12 08:13:10', '2017-09-12 08:13:10'),
(1020, 28, 124, '41', 'Blue Line Conversion to CAD', '', 0, 'Process', '2017-09-12 08:13:10', '2017-09-12 08:13:10'),
(1021, 28, 125, '41', 'layer standardization', '', 0, 'Process', '2017-09-12 08:13:34', '2017-09-12 08:13:34'),
(1022, 28, 125, '41', 'CAD Standards', '', 0, 'Process', '2017-09-12 08:13:34', '2017-09-12 08:13:34'),
(1023, 28, 125, '41', 'Blue Line Conversion to CAD', '', 0, 'Process', '2017-09-12 08:13:34', '2017-09-12 08:13:34'),
(1024, 28, 126, '41', 'layer standardization', '', 0, 'Process', '2017-09-12 08:13:54', '2017-09-12 08:13:54'),
(1025, 28, 126, '41', 'CAD Standards', '', 0, 'Process', '2017-09-12 08:13:54', '2017-09-12 08:13:54'),
(1026, 28, 126, '41', 'Blue Line Conversion to CAD', '', 0, 'Process', '2017-09-12 08:13:54', '2017-09-12 08:13:54'),
(1027, 28, 127, '41', 'layer standardization', '', 0, 'Process', '2017-09-12 08:14:16', '2017-09-12 08:14:16'),
(1028, 28, 127, '41', 'CAD Standards', '', 0, 'Process', '2017-09-12 08:14:16', '2017-09-12 08:14:16'),
(1029, 28, 127, '41', 'Blue Line Conversion to CAD', '', 0, 'Process', '2017-09-12 08:14:16', '2017-09-12 08:14:16'),
(1030, 28, 128, '41', 'layer standardization', '', 0, 'Process', '2017-09-12 08:14:34', '2017-09-12 08:14:34'),
(1031, 28, 128, '41', 'CAD Standards', '', 0, 'Process', '2017-09-12 08:14:34', '2017-09-12 08:14:34'),
(1032, 28, 128, '41', 'Blue Line Conversion to CAD', '', 0, 'Process', '2017-09-12 08:14:34', '2017-09-12 08:14:34'),
(1033, 28, 129, '41', 'layer standardization', '', 0, 'Process', '2017-09-12 08:14:55', '2017-09-12 08:14:55'),
(1034, 28, 129, '41', 'CAD Standards', '', 0, 'Process', '2017-09-12 08:14:55', '2017-09-12 08:14:55'),
(1035, 28, 129, '41', 'Blue Line Conversion to CAD', '', 0, 'Process', '2017-09-12 08:14:55', '2017-09-12 08:14:55'),
(1036, 28, 130, '41', 'layer standardization', '', 0, 'Process', '2017-09-12 08:15:12', '2017-09-12 08:15:12'),
(1037, 28, 130, '41', 'CAD Standards', '', 0, 'Process', '2017-09-12 08:15:12', '2017-09-12 08:15:12'),
(1038, 28, 130, '41', 'Blue Line Conversion to CAD', '', 0, 'Process', '2017-09-12 08:15:12', '2017-09-12 08:15:12'),
(1039, 28, 131, '41', 'layer standardization', '', 0, 'Process', '2017-09-12 08:15:34', '2017-09-12 08:15:34'),
(1040, 28, 131, '41', 'CAD Standards', '', 0, 'Process', '2017-09-12 08:15:34', '2017-09-12 08:15:34'),
(1041, 28, 131, '41', 'Blue Line Conversion to CAD', '', 0, 'Process', '2017-09-12 08:15:34', '2017-09-12 08:15:34'),
(1042, 28, 132, '41', 'layer standardization', '', 0, 'Process', '2017-09-12 08:15:54', '2017-09-12 08:15:54'),
(1043, 28, 132, '41', 'CAD Standards', '', 0, 'Process', '2017-09-12 08:15:54', '2017-09-12 08:15:54'),
(1044, 28, 132, '41', 'Blue Line Conversion to CAD', '', 0, 'Process', '2017-09-12 08:15:54', '2017-09-12 08:15:54'),
(1045, 28, 133, '41', 'layer standardization', '', 0, 'Process', '2017-09-12 08:16:11', '2017-09-12 08:16:11'),
(1046, 28, 133, '41', 'CAD Standards', '', 0, 'Process', '2017-09-12 08:16:11', '2017-09-12 08:16:11'),
(1047, 28, 133, '41', 'Blue Line Conversion to CAD', '', 0, 'Process', '2017-09-12 08:16:11', '2017-09-12 08:16:11'),
(1048, 28, 134, '41', 'layer standardization', '', 0, 'Process', '2017-09-12 08:16:29', '2017-09-12 08:16:29'),
(1049, 28, 134, '41', 'CAD Standards', '', 0, 'Process', '2017-09-12 08:16:29', '2017-09-12 08:16:29'),
(1050, 28, 134, '41', 'Blue Line Conversion to CAD', '', 0, 'Process', '2017-09-12 08:16:29', '2017-09-12 08:16:29'),
(1051, 28, 135, '41', 'layer standardization', '', 0, 'Process', '2017-09-12 08:17:11', '2017-09-12 08:17:11'),
(1052, 28, 135, '41', 'CAD Standards', '', 0, 'Process', '2017-09-12 08:17:11', '2017-09-12 08:17:11'),
(1053, 28, 135, '41', 'Blue Line Conversion to CAD', '', 0, 'Process', '2017-09-12 08:17:11', '2017-09-12 08:17:11'),
(1054, 28, 109, '41', 'My Excel File Update', 'My Excel File Update', 0, 'Process', '2017-09-12 08:47:39', '2017-09-12 08:47:39'),
(1055, 28, 109, '41', 'PDF Prints', 'PDF Prints', 0, 'Process', '2017-09-12 08:47:55', '2017-09-12 08:47:55'),
(1056, 28, 110, '41', 'PDF Prints', '', 0, 'Process', '2017-09-12 08:48:13', '2017-09-12 08:48:13'),
(1057, 28, 110, '41', 'My Excel File Update', '', 0, 'Process', '2017-09-12 08:48:13', '2017-09-12 08:48:13'),
(1058, 28, 111, '41', 'PDF Prints', '', 0, 'Process', '2017-09-12 08:48:39', '2017-09-12 08:48:39'),
(1059, 28, 111, '41', 'My Excel File Update', '', 0, 'Process', '2017-09-12 08:48:39', '2017-09-12 08:48:39'),
(1060, 28, 112, '41', 'PDF Prints', '', 0, 'Process', '2017-09-12 08:49:10', '2017-09-12 08:49:10'),
(1061, 28, 112, '41', 'My Excel File Update', '', 0, 'Process', '2017-09-12 08:49:10', '2017-09-12 08:49:10'),
(1062, 28, 113, '41', 'PDF Prints', '', 0, 'Process', '2017-09-12 08:49:22', '2017-09-12 08:49:22'),
(1063, 28, 113, '41', 'My Excel File Update', '', 0, 'Process', '2017-09-12 08:49:22', '2017-09-12 08:49:22'),
(1064, 28, 114, '41', 'PDF Prints', '', 0, 'Process', '2017-09-12 08:49:36', '2017-09-12 08:49:36'),
(1065, 28, 114, '41', 'My Excel File Update', '', 0, 'Process', '2017-09-12 08:49:36', '2017-09-12 08:49:36'),
(1066, 28, 115, '41', 'PDF Prints', '', 0, 'Process', '2017-09-12 08:49:53', '2017-09-12 08:49:53'),
(1067, 28, 115, '41', 'My Excel File Update', '', 0, 'Process', '2017-09-12 08:49:53', '2017-09-12 08:49:53'),
(1068, 28, 116, '41', 'PDF Prints', '', 0, 'Process', '2017-09-12 08:50:08', '2017-09-12 08:50:08'),
(1069, 28, 116, '41', 'My Excel File Update', '', 0, 'Process', '2017-09-12 08:50:08', '2017-09-12 08:50:08'),
(1070, 28, 117, '41', 'PDF Prints', '', 0, 'Process', '2017-09-12 08:50:29', '2017-09-12 08:50:29'),
(1071, 28, 117, '41', 'My Excel File Update', '', 0, 'Process', '2017-09-12 08:50:29', '2017-09-12 08:50:29'),
(1072, 28, 118, '41', 'PDF Prints', '', 0, 'Process', '2017-09-12 08:50:58', '2017-09-12 08:50:58'),
(1073, 28, 118, '41', 'My Excel File Update', '', 0, 'Process', '2017-09-12 08:50:58', '2017-09-12 08:50:58'),
(1074, 28, 119, '41', 'PDF Prints', '', 0, 'Process', '2017-09-12 08:51:17', '2017-09-12 08:51:17'),
(1075, 28, 119, '41', 'My Excel File Update', '', 0, 'Process', '2017-09-12 08:51:17', '2017-09-12 08:51:17'),
(1076, 28, 120, '41', 'PDF Prints', '', 0, 'Process', '2017-09-12 08:51:34', '2017-09-12 08:51:34'),
(1077, 28, 120, '41', 'My Excel File Update', '', 0, 'Process', '2017-09-12 08:51:34', '2017-09-12 08:51:34'),
(1078, 28, 121, '41', 'PDF Prints', '', 0, 'Process', '2017-09-12 08:51:52', '2017-09-12 08:51:52'),
(1079, 28, 121, '41', 'My Excel File Update', '', 0, 'Process', '2017-09-12 08:51:52', '2017-09-12 08:51:52'),
(1080, 28, 122, '41', 'PDF Prints', '', 0, 'Process', '2017-09-12 08:52:08', '2017-09-12 08:52:08'),
(1081, 28, 122, '41', 'My Excel File Update', '', 0, 'Process', '2017-09-12 08:52:08', '2017-09-12 08:52:08'),
(1082, 28, 123, '41', 'PDF Prints', '', 0, 'Process', '2017-09-12 08:52:22', '2017-09-12 08:52:22'),
(1083, 28, 123, '41', 'My Excel File Update', '', 0, 'Process', '2017-09-12 08:52:22', '2017-09-12 08:52:22'),
(1084, 28, 124, '41', 'PDF Prints', '', 0, 'Process', '2017-09-12 08:52:43', '2017-09-12 08:52:43'),
(1085, 28, 124, '41', 'My Excel File Update', '', 0, 'Process', '2017-09-12 08:52:43', '2017-09-12 08:52:43'),
(1086, 28, 125, '41', 'PDF Prints', '', 0, 'Process', '2017-09-12 08:52:58', '2017-09-12 08:52:58'),
(1087, 28, 125, '41', 'My Excel File Update', '', 0, 'Process', '2017-09-12 08:52:58', '2017-09-12 08:52:58'),
(1088, 28, 126, '41', 'PDF Prints', '', 0, 'Process', '2017-09-12 08:53:20', '2017-09-12 08:53:20'),
(1089, 28, 126, '41', 'My Excel File Update', '', 0, 'Process', '2017-09-12 08:53:20', '2017-09-12 08:53:20'),
(1090, 28, 127, '41', 'PDF Prints', '', 0, 'Process', '2017-09-12 08:53:33', '2017-09-12 08:53:33'),
(1091, 28, 127, '41', 'My Excel File Update', '', 0, 'Process', '2017-09-12 08:53:33', '2017-09-12 08:53:33'),
(1092, 28, 128, '41', 'PDF Prints', '', 0, 'Process', '2017-09-12 08:53:50', '2017-09-12 08:53:50'),
(1093, 28, 128, '41', 'My Excel File Update', '', 0, 'Process', '2017-09-12 08:53:50', '2017-09-12 08:53:50'),
(1094, 28, 129, '41', 'PDF Prints', '', 0, 'Process', '2017-09-12 08:54:06', '2017-09-12 08:54:06'),
(1095, 28, 129, '41', 'My Excel File Update', '', 0, 'Process', '2017-09-12 08:54:06', '2017-09-12 08:54:06'),
(1096, 28, 130, '41', 'PDF Prints', '', 0, 'Process', '2017-09-12 08:54:45', '2017-09-12 08:54:45'),
(1097, 28, 130, '41', 'My Excel File Update', '', 0, 'Process', '2017-09-12 08:54:45', '2017-09-12 08:54:45'),
(1098, 28, 131, '41', 'PDF Prints', '', 0, 'Process', '2017-09-12 08:55:04', '2017-09-12 08:55:04'),
(1099, 28, 131, '41', 'My Excel File Update', '', 0, 'Process', '2017-09-12 08:55:04', '2017-09-12 08:55:04'),
(1100, 28, 132, '41', 'PDF Prints', '', 0, 'Process', '2017-09-12 08:55:18', '2017-09-12 08:55:18'),
(1101, 28, 132, '41', 'My Excel File Update', '', 0, 'Process', '2017-09-12 08:55:18', '2017-09-12 08:55:18'),
(1102, 28, 133, '41', 'PDF Prints', '', 0, 'Process', '2017-09-12 08:55:36', '2017-09-12 08:55:36'),
(1103, 28, 133, '41', 'My Excel File Update', '', 0, 'Process', '2017-09-12 08:55:36', '2017-09-12 08:55:36'),
(1104, 28, 134, '41', 'PDF Prints', '', 0, 'Process', '2017-09-12 08:55:52', '2017-09-12 08:55:52'),
(1105, 28, 134, '41', 'My Excel File Update', '', 0, 'Process', '2017-09-12 08:55:52', '2017-09-12 08:55:52'),
(1106, 28, 135, '41', 'PDF Prints', '', 0, 'Process', '2017-09-12 08:56:08', '2017-09-12 08:56:08'),
(1107, 28, 135, '41', 'My Excel File Update', '', 0, 'Process', '2017-09-12 08:56:08', '2017-09-12 08:56:08'),
(1108, 29, 136, '1', 'To Develop Design', 'To Develop Design', 0, 'Process', '2017-09-12 12:55:59', '2017-09-12 12:55:59'),
(1109, 31, 137, '1', 'Design a new website', '', 0, 'Process', '2017-09-12 12:57:11', '2017-09-12 12:57:11'),
(1110, 30, 138, '104', 'test', 'test', 0, 'Process', '2017-09-12 12:57:32', '2017-09-12 12:57:32'),
(1111, 30, 138, '104', 'Design a new website', '', 0, 'Process', '2017-09-12 12:57:47', '2017-09-12 12:57:47'),
(1112, 30, 138, '104', 'PDF Prints', '', 0, 'Process', '2017-09-12 12:57:47', '2017-09-12 12:57:47'),
(1113, 32, 139, '102', 'Add Images', 'Add Images', 0, 'Process', '2017-09-12 16:46:40', '2017-09-12 16:46:40');

-- --------------------------------------------------------

--
-- Table structure for table `task_mapping`
--

CREATE TABLE IF NOT EXISTS `task_mapping` (
  `task_mapping_id` int(11) NOT NULL,
  `client_Id` int(11) NOT NULL,
  `project_Id` int(11) NOT NULL,
  `task_Id` varchar(100) NOT NULL,
  `empId` varchar(100) NOT NULL,
  `status` enum('Active','Inactive','','') NOT NULL DEFAULT 'Active',
  `created_at` date NOT NULL,
  `updated_at` date NOT NULL
) ENGINE=InnoDB DEFAULT CHARSET=latin1;

--
-- Indexes for dumped tables
--

--
-- Indexes for table `client_details`
--
ALTER TABLE `client_details`
  ADD PRIMARY KEY (`client_Id`),
  ADD UNIQUE KEY `client_name` (`client_name`);

--
-- Indexes for table `employee_details`
--
ALTER TABLE `employee_details`
  ADD PRIMARY KEY (`empId`),
  ADD UNIQUE KEY `username` (`username`);

--
-- Indexes for table `emp_record_details`
--
ALTER TABLE `emp_record_details`
  ADD PRIMARY KEY (`emp_record_id`);

--
-- Indexes for table `project_details`
--
ALTER TABLE `project_details`
  ADD PRIMARY KEY (`project_Id`);

--
-- Indexes for table `task_details`
--
ALTER TABLE `task_details`
  ADD PRIMARY KEY (`task_Id`);

--
-- AUTO_INCREMENT for dumped tables
--

--
-- AUTO_INCREMENT for table `client_details`
--
ALTER TABLE `client_details`
  MODIFY `client_Id` int(11) NOT NULL AUTO_INCREMENT,AUTO_INCREMENT=33;
--
-- AUTO_INCREMENT for table `employee_details`
--
ALTER TABLE `employee_details`
  MODIFY `empId` int(11) NOT NULL AUTO_INCREMENT,AUTO_INCREMENT=108;
--
-- AUTO_INCREMENT for table `emp_record_details`
--
ALTER TABLE `emp_record_details`
  MODIFY `emp_record_id` int(11) NOT NULL AUTO_INCREMENT,AUTO_INCREMENT=947;
--
-- AUTO_INCREMENT for table `project_details`
--
ALTER TABLE `project_details`
  MODIFY `project_Id` int(11) NOT NULL AUTO_INCREMENT,AUTO_INCREMENT=140;
--
-- AUTO_INCREMENT for table `task_details`
--
ALTER TABLE `task_details`
  MODIFY `task_Id` int(11) NOT NULL AUTO_INCREMENT,AUTO_INCREMENT=1114;
/*!40101 SET CHARACTER_SET_CLIENT=@OLD_CHARACTER_SET_CLIENT */;
/*!40101 SET CHARACTER_SET_RESULTS=@OLD_CHARACTER_SET_RESULTS */;
/*!40101 SET COLLATION_CONNECTION=@OLD_COLLATION_CONNECTION */;
