-- phpMyAdmin SQL Dump
-- version 4.4.14
-- http://www.phpmyadmin.net
--
-- Host: 127.0.0.1
-- Generation Time: Aug 21, 2017 at 11:01 AM
-- Server version: 5.7.12-log
-- PHP Version: 5.6.12

SET SQL_MODE = "NO_AUTO_VALUE_ON_ZERO";
SET time_zone = "+00:00";


/*!40101 SET @OLD_CHARACTER_SET_CLIENT=@@CHARACTER_SET_CLIENT */;
/*!40101 SET @OLD_CHARACTER_SET_RESULTS=@@CHARACTER_SET_RESULTS */;
/*!40101 SET @OLD_COLLATION_CONNECTION=@@COLLATION_CONNECTION */;
/*!40101 SET NAMES utf8mb4 */;

--
-- Database: `elogic_cad_timesheet`
--

-- --------------------------------------------------------

--
-- Table structure for table `client_details`
--

CREATE TABLE IF NOT EXISTS `client_details` (
  `client_Id` int(11) NOT NULL,
  `client_name` varchar(255) NOT NULL,
  `client_email` varchar(255) NOT NULL,
  `client_desc` longtext NOT NULL,
  `empId` int(11) NOT NULL,
  `client_contact_num` varchar(25) NOT NULL,
  `status` enum('Active','Inactive') NOT NULL DEFAULT 'Active',
  `created_at` datetime NOT NULL,
  `updated_at` datetime NOT NULL
) ENGINE=InnoDB AUTO_INCREMENT=22 DEFAULT CHARSET=latin1;

--
-- Dumping data for table `client_details`
--

INSERT INTO `client_details` (`client_Id`, `client_name`, `client_email`, `client_desc`, `empId`, `client_contact_num`, `status`, `created_at`, `updated_at`) VALUES
(1, 'Eurythmic Design Group', 'vincent@edg-architects.com', 'Eurythmic Design Group or EDG contact person is Architect Vincent Jarrard.', 1, '', 'Active', '2017-07-25 09:53:40', '2017-07-27 07:52:32'),
(2, 'Ronesans Medikal Insaat', 'alev.yalcinkaya@ronesans.com', 'Ronesans Medical Construction company. Majorly uses Allplan & Revit MEP application for BIM', 45, '', 'Active', '2017-07-25 10:03:38', '2017-07-27 14:40:15'),
(4, 'IT Team', 'itteam@elogictech.com', 'IT', 1, '(877) 609-2233', 'Active', '2017-07-26 11:41:40', '2017-07-27 07:51:04'),
(6, 'KATZ Architecture', 'paul@katzarchitects.com', 'Project: 42-44 Garden Street\r\nScope - Revit Modelling', 40, '(613) 9982 1855', 'Active', '2017-07-27 10:56:06', '2017-07-27 10:56:06'),
(7, 'SFCS Inc', 'jmissell@SFCS.com', 'Project - Cedarfield-Independent Living Addition', 40, '540.682.8078', 'Active', '2017-07-27 11:03:16', '2017-07-27 11:15:04'),
(8, 'Inform Design', 'kana@ifdesigninc.com', '3D Visualisation Services', 40, '808 687 6269', 'Active', '2017-07-27 11:18:50', '2017-07-27 11:18:50'),
(9, 'MAA', '', 'test', 41, '040-27892176', 'Active', '2017-07-27 11:48:12', '2017-07-27 11:48:12'),
(10, 'FWA', 'franklin.wong@hawaiiantel.net', 'FWA', 43, '(808) 521-0958', 'Active', '2017-07-29 13:52:09', '2017-07-29 13:52:09'),
(11, 'Jason Pizzicarola', 'jpizzicarola@jpdesign.ca', 'Canada client', 1, '', 'Active', '2017-07-31 13:20:53', '2017-07-31 13:20:53'),
(12, 'KURZMAN ARCHITECTURE, LLC', 'rkurzman@KurzmanArchitecture.com', 'AIA, NCARB ', 39, '(312) 286-0901', 'Active', '2017-08-01 11:24:06', '2017-08-01 11:24:06'),
(13, 'HAYASHIDA ARCHITECTS', 'sadysh@hayashida-architects.com', 'This firms commitment to personal direction by the Principals insures the operational integrity and quality of every project.', 39, '(510) 428-2491', 'Active', '2017-08-01 11:52:16', '2017-08-01 11:52:16'),
(14, 'Elogic Solutions', '', 'Elogic Solutions', 1, '', 'Active', '2017-08-01 15:26:28', '2017-08-01 15:26:28'),
(15, 'Doug', 'drjarch@shaw.ca', 'Canada client', 38, '604-922-1226', 'Active', '2017-08-04 08:31:49', '2017-08-04 08:31:49'),
(16, 'TMA Affinity Architects', 'sk@thetmagroup.com', 'They''re seasoned professionals. they work as a team.', 39, '(847) 630-8295', 'Active', '2017-08-04 10:05:46', '2017-08-04 10:05:46'),
(17, 'Murray Engineering', 'mlynch@murray-engineering.com', 'Structural Engineering Frim', 42, '212-741-1102 x334', 'Active', '2017-08-07 15:27:45', '2017-08-07 15:27:45'),
(18, 'De Atlier Architects', 'briony@deatelier.com.au', 'Town House Project - Developing Revit Model', 40, '0409 411 028', 'Active', '2017-08-08 08:43:10', '2017-08-08 08:43:10'),
(19, 'BKF & Associates, LLC', 'brian808@hawaii.rr.com', 'This client usually works with us for Developing AutoCAS & 3D Projects', 40, '808-391-7270', 'Active', '2017-08-09 07:16:45', '2017-08-09 07:16:45'),
(20, 'MARSCULTURE', 'wingo@marsculture.com', 'an architectural design studio', 39, '1.713.750.9812', 'Active', '2017-08-09 08:54:39', '2017-08-09 08:54:39'),
(21, 'Mussachio', 'Marc@mussachioarchitects.com', 'Mussachio', 43, '7166319949', 'Active', '2017-08-11 06:33:45', '2017-08-11 06:33:45');

-- --------------------------------------------------------

--
-- Table structure for table `employee_details`
--

CREATE TABLE IF NOT EXISTS `employee_details` (
  `empId` int(11) NOT NULL,
  `name` varchar(50) NOT NULL,
  `email` varchar(100) NOT NULL,
  `username` varchar(25) NOT NULL,
  `password` varchar(255) NOT NULL,
  `designation` varchar(100) NOT NULL,
  `user_type` varchar(20) NOT NULL,
  `mobile_num` varchar(15) NOT NULL,
  `avatar` varchar(255) NOT NULL,
  `status` enum('Active','InActive') NOT NULL DEFAULT 'Active',
  `created_at` datetime NOT NULL,
  `updated_at` datetime NOT NULL
) ENGINE=InnoDB AUTO_INCREMENT=101 DEFAULT CHARSET=latin1;

--
-- Dumping data for table `employee_details`
--

INSERT INTO `employee_details` (`empId`, `name`, `email`, `username`, `password`, `designation`, `user_type`, `mobile_num`, `avatar`, `status`, `created_at`, `updated_at`) VALUES
(1, 'eLogic Timesheet', 'admin@elogictechsolutions.com', 'tsadmin', '1f063a4b2b31dd2ef8455403130440e1', 'Admin', 'admin', '', '', 'Active', '2017-06-20 00:00:00', '2017-06-20 00:00:00'),
(38, 'Reddiboina Lakshmi Narayana', 'narayana@elogictech.com', 'narayana', '53cf5f247df8e09a003a3160aaa3f2b5', 'Manager', 'manager', '', 'default.jpg', 'Active', '2017-07-24 09:35:18', '2017-07-24 12:14:54'),
(39, 'Vaishalini P', 'vaishalini@elogictech.com', 'vaishalini', 'bbab5cfcbb30c65d9d1458425e07ef79', 'Manager', 'manager', '', 'default.jpg', 'Active', '2017-07-24 09:35:49', '2017-07-24 09:35:49'),
(40, 'Vuyyuri  Surya Sri Lakshmi', 'srilakshmi@elogictech.com', 'srilakshmi', '7ed1923f3a4377b4ad7ec8a36ca3df67', 'Manager', 'manager', '', 'default.jpg', 'Active', '2017-07-24 09:36:42', '2017-07-24 09:36:42'),
(41, 'Sandeep Anupati', 'sandeep@elogictech.com', 'sandeep', '00dcf16d903e5890aaba465b0b1ba51f', 'Manager', 'manager', '', 'default.jpg', 'Active', '2017-07-24 09:37:21', '2017-07-24 09:37:21'),
(42, 'Prabhakaran VP', 'prabhakaran@elogictech.com', 'prabhakaran', '37ec37eff3ede5b8ab1343f3442e4835', 'Manager', 'manager', '', 'default.jpg', 'Active', '2017-07-24 09:37:57', '2017-07-24 09:37:57'),
(43, 'Chaitanya Lakshmi', 'chaitanya@elogictech.com', 'chaitanyalakshmi', 'd728443178a22ba8e12e0145b6dd8150', 'Manager', 'manager', '', 'default.jpg', 'Active', '2017-07-24 09:39:13', '2017-07-24 10:40:43'),
(44, 'Resmi Menon', 'resmi@elogictech.com', 'resmi', 'bfc9a9216cc277146adcc91582458b33', 'Manager', 'manager', '', 'default.jpg', 'Active', '2017-07-24 09:39:41', '2017-07-24 09:39:41'),
(45, 'Burra Rajesh', 'rajesh@elogictech.com', 'rajesh', 'e360bc13bcba071f4746adbb334cd78e', 'Manager', 'manager', '9599390670', 'default.jpg', 'Active', '2017-07-24 09:40:11', '2017-07-24 09:40:11'),
(46, 'Suman Kumar', 'suman@elogictech.com', 'suman', '1533c67e5e70ae7439a9aa993d6a3393', 'Admin', 'admin', '', 'default.jpg', 'Active', '2017-07-24 09:42:36', '2017-08-02 09:10:54'),
(47, 'Pradip Chauhan', 'pradip@elogictech.com', 'pradip', 'dac1c5e85e5c3130af9fbdeafe998161', 'Manager', 'manager', '', 'default.jpg', 'Active', '2017-07-24 10:06:56', '2017-07-24 10:06:56'),
(48, 'Riyaseth  Ali Ather', 'ather@elogictech.com', 'ather', '60cbeaf81901ba2dfc86a04f6dcabcc9', 'Sr.Architect', 'developer', '', 'default.jpg', 'Active', '2017-07-24 10:08:31', '2017-07-24 10:08:31'),
(51, 'Vijaya Lakshmi B', 'vijaya@elogictech.com', 'vijaya', 'db8834197077287186e8c7524ca43d6f', 'Sr.Architect', 'developer', '', 'default.jpg', 'Active', '2017-07-24 10:09:50', '2017-07-24 10:09:50'),
(53, 'Rajanikant Basuthkar', '', 'rajanikanth', 'c23b67dbe4e7d66b6f7fd104a4d67c0a', 'Sr.Architect', 'developer', '', 'default.jpg', 'Active', '2017-07-24 10:12:55', '2017-07-24 10:29:24'),
(54, 'Vishal Kumar', 'vishal@elogictech.com', 'vishal', '8b64d2451b7a8f3fd17390f88ea35917', 'Sr.Architect', 'developer', '', 'default.jpg', 'Active', '2017-07-24 10:14:54', '2017-07-24 12:18:59'),
(55, 'Karunya  Codavali', 'karunya@elogictech.com', 'karunya', '23e7bfaa9630a1ab9f6e5515d626d229', 'Sr.Architect', 'developer', '', 'default.jpg', 'Active', '2017-07-24 10:15:41', '2017-07-24 10:15:41'),
(57, 'Bhavani G', '', 'bhavani', '18f3d1ca1132b3c1957602761b533132', 'Sr.Architect', 'developer', '', 'default.jpg', 'Active', '2017-07-24 10:31:39', '2017-07-24 10:31:39'),
(58, 'Rajasekhar Vadde', '', 'rajasekhar', '5b1c3da62a3ed0c885c8ac86e6c29f1b', 'jr.Architect', 'developer', '', 'default.jpg', 'Active', '2017-07-24 10:33:36', '2017-07-24 10:33:36'),
(59, 'Chaithanya Badiginjala ', '', 'chaithanya', '60b4257348d7356aa45add9651aa1d00', 'jr.Architect', 'developer', '', 'default.jpg', 'Active', '2017-07-24 10:34:37', '2017-07-24 10:34:37'),
(60, 'Vijay Krishna  Sharma ', '', 'sharma', '3dc1e4c3bc5b2ae63520627ea44df7fd', 'jr.Architect', 'developer', '', 'default.jpg', 'Active', '2017-07-24 10:41:55', '2017-07-24 10:41:55'),
(61, 'Vinod Banoth', '', 'bvinod', 'b8506eefee9ed8424c4426a8138c7aa4', 'jr.Architect', 'developer', '9133477997', 'default.jpg', 'Active', '2017-07-24 10:42:20', '2017-07-24 10:42:20'),
(62, 'Priyatham Kumar J', '', 'priyatham', '4f7c4c333352ac84704d61d683315365', 'Sr.Architect', 'developer', '', 'default.jpg', 'Active', '2017-07-24 10:42:55', '2017-07-24 10:42:55'),
(63, 'Sivapriya Peddakotla ', '', 'sivapriya', '6984f8ed0afbca0693239ebf283afec7', 'Sr.Architect', 'developer', '', 'default.jpg', 'Active', '2017-07-24 10:43:18', '2017-07-24 10:43:18'),
(64, 'Razzak Abdul ', '', 'razzak', 'fd0fcb303e43b245d50c2608b5fcab0e', 'Sr.Architect', 'developer', '', 'default.jpg', 'Active', '2017-07-24 10:43:51', '2017-07-24 10:43:51'),
(65, 'Shiva Krishna Kothapally', 'kshiva@elogictech.com', 'shivakrishna', 'c99c49b102b243ed5b760be1d0c4806e', 'Sr.Architect', 'developer', '', 'default.jpg', 'Active', '2017-07-24 10:44:39', '2017-07-24 10:44:39'),
(66, 'Mohammed Ibrahim Shaik ', '', 'ibrahim', 'f1c083e61b32d3a9be76bc21266b0648', 'jr.Architect', 'developer', '', 'default.jpg', 'Active', '2017-07-24 10:45:06', '2017-07-24 10:45:06'),
(67, 'kacharla Seshagiri Rao', '', 'kacharla', '7b2e761d5c9c9c1d9d674bb2a75378f3', 'Sr.Architect', 'developer', '', 'default.jpg', 'Active', '2017-07-24 10:46:26', '2017-07-24 12:18:01'),
(68, 'Vinodkumar Jatoth', '', 'vinod', 'd2c51c9cde1f15b718296c99ae362fb1', 'jr.Architect', 'developer', '', 'default.jpg', 'Active', '2017-07-24 10:46:57', '2017-07-27 10:57:39'),
(69, 'Sandeep Gosike ', '', 'gosike', 'a1596867027605d7d83fea11576f5d84', 'Sr.Architect', 'developer', '', 'default.jpg', 'Active', '2017-07-24 10:47:23', '2017-07-24 10:47:23'),
(70, 'Prashanth Kumar Kali ', '', 'prashanth', 'c2da11b73b17d7e4e310d8a8d744a49c', 'Sr.Architect', 'developer', '', 'default.jpg', 'Active', '2017-07-24 10:47:59', '2017-07-24 10:47:59'),
(71, 'Siva Krishna', '', 'gudipati', '41565ca667ae49c0713a1c181483690a', 'Sr.Architect', 'developer', '', 'default.jpg', 'Active', '2017-07-24 10:48:34', '2017-07-27 10:38:11'),
(72, 'Roy Aparna ', '', 'aparna', '46aab74d298e13f19d28aa38dda7277f', 'jr.Architect', 'developer', '', 'default.jpg', 'Active', '2017-07-24 10:48:56', '2017-07-24 10:48:56'),
(73, 'Rahul Sharma', '', 'rahul', '439ed537979d8e831561964dbbbd7413', 'jr.Architect', 'developer', '123456789', '73_Tulips1.jpg', 'Active', '2017-07-24 10:49:17', '2017-08-07 07:38:25'),
(74, 'Mohammed Hussian  Shabbir', '', 'shabbir', 'd5c3c1470e597d0690b4fafeb7124858', 'Sr.Architect', 'developer', '', 'default.jpg', 'Active', '2017-07-24 10:49:47', '2017-07-24 10:49:47'),
(75, 'Suram  Pranesh', '', 'pranesh', '8ac91ec7aa80495b618677d9b6c792ac', 'jr.Architect', 'developer', '', 'default.jpg', 'Active', '2017-07-24 10:50:07', '2017-07-24 10:50:07'),
(76, 'Gopishetty sampreethi', '', 'sampreethi', 'e7cba63de6f890282bc781e2c38da4cb', 'jr.Architect', 'developer', '', 'default.jpg', 'Active', '2017-07-24 10:50:33', '2017-07-27 10:44:23'),
(77, 'Keerthy  Chandana', '', 'chandana', '4ecf42d106bc61ec0164e2bb9ecb2977', 'jr.Architect', 'developer', '', 'default.jpg', 'Active', '2017-07-24 10:51:06', '2017-07-24 10:51:06'),
(78, 'M. Rajkumar', '', 'rajkumar', 'c223199626bf0875cbc4e5859c93040c', 'Sr.Architect', 'developer', '', 'default.jpg', 'Active', '2017-07-24 10:51:32', '2017-07-24 10:51:32'),
(79, 'Jangampally Vishal', '', 'vishalj', '854cdedbe8784d5ac7445273176ea086', 'jr.Architect', 'developer', '', 'default.jpg', 'Active', '2017-07-24 10:52:23', '2017-07-24 12:17:02'),
(80, 'Gattla sandeep', '', 'sandeepg', '21cfe59d34c6617302ce072e26f11a97', 'jr.Architect', 'developer', '9701253632', '80_sandeep.jpg', 'Active', '2017-07-24 10:53:16', '2017-08-09 10:40:04'),
(81, 'Hymavathi Balugmi', '', 'hymavathi', '00e979dfcc50af594dd07d8b8e85f078', 'jr.Architect', 'developer', '', 'default.jpg', 'Active', '2017-07-24 10:54:01', '2017-07-24 10:54:01'),
(82, 'Somadri  Rekha', '', 'rekha', '056062863ed19a32787a3ae9e1117d5e', 'jr.Architect', 'developer', '', 'default.jpg', 'Active', '2017-07-24 10:54:43', '2017-07-24 10:54:43'),
(83, 'Karra J V N.  Nandeswara Rao', '', 'karra', 'f165da20d8e4f33fcb7c90970c121b0d', 'jr.Architect', 'developer', '', 'default.jpg', 'Active', '2017-07-24 10:55:45', '2017-07-24 10:55:45'),
(84, 'Mukesh Kumar', '', 'mukesh', 'a883bde368145d717b99c70594fd6069', 'jr.Architect', 'developer', '', 'default.jpg', 'Active', '2017-07-24 10:57:23', '2017-07-24 10:57:23'),
(85, 'Alimi  Sathish Kumar', '', 'sathish', '078dc595e3663750846941f646f06a2d', 'jr.Architect', 'developer', '', 'default.jpg', 'Active', '2017-07-24 10:57:50', '2017-07-24 10:57:50'),
(86, 'Mandadi  Venkateswara Rao', '', 'venkateswara', '8d7f0a66b708c61e15e26cfe2cdc6508', 'jr.Architect', 'developer', '', 'default.jpg', 'Active', '2017-07-24 10:58:24', '2017-07-24 10:58:24'),
(87, 'Mohd  Rashed Akram', '', 'rashed', 'b60c306f62fbc07820dd607b17968aa2', 'Sr.Architect', 'developer', '', 'default.jpg', 'Active', '2017-07-24 10:58:49', '2017-07-24 10:58:49'),
(88, 'Kurra  Anil Kumar', '', 'anilkurra', '1c6eb5bc7731846e86fa1530f836e7c9', 'Sr.Architect', 'developer', '', 'default.jpg', 'Active', '2017-07-24 10:59:23', '2017-07-24 10:59:23'),
(89, 'Naga Mahesh', '', 'nagamahesh', 'dd3f0f4496746d82a308b99954222b18', 'Co-Ordinator', 'developer', '', 'default.jpg', 'Active', '2017-07-24 11:07:31', '2017-07-27 09:45:32'),
(90, 'Avanigadda  Rama Seshu', '', 'seshu', '95ad8e443ee7c4a8fc27164702d01b50', 'Sr.Architect', 'developer', '', 'default.jpg', 'Active', '2017-07-24 11:08:09', '2017-07-24 11:08:09'),
(92, 'Rupali Modi', 'rupali@elogictech.com', 'rupali', '96a7810cc225f9043d6066c947fa09e0', 'CEO', 'admin', '', '92_CEO.jpg', 'Active', '2017-07-26 13:23:16', '2017-08-07 07:39:30'),
(93, 'Tarak Ramu', 'tarak@elogictech.com', 'tarak', 'ce7884816f27030240e411935e11a93b', 'Admin', 'admin', '', '93_Chrysanthemum.jpg', 'Active', '2017-07-27 09:13:44', '2017-08-08 10:21:06'),
(94, 'Soumya Poovakkatil', '', 'soumya', 'd7812b94b1962436cd28c7b5004e059e', 'jr.Architect', 'developer', '', 'default.jpg', 'Active', '2017-07-28 16:34:37', '2017-07-29 11:36:05'),
(95, 'Sesikiran Miriyala', '', 'sesikiran', 'af9629bb460b108686d0b2e6be8147b2', 'jr.Architect', 'developer', '', 'default.jpg', 'Active', '2017-08-02 14:01:09', '2017-08-02 14:01:09'),
(96, 'Mahammed Javeed', '', 'javeed', '859a09aae7d8e2d728fdd66814447815', 'jr.Architect', 'developer', '', 'default.jpg', 'Active', '2017-08-03 16:02:22', '2017-08-03 16:02:22'),
(97, 'Harshada Sanjay', '', 'harshada', 'd52849f00bfd429f22e40451e3bc3e92', 'jr.Architect', 'developer', '', 'default.jpg', 'Active', '2017-08-10 10:41:56', '2017-08-10 10:43:08'),
(98, 'Tanooja Pasumarthy', '', 'tanooja', 'f18338d88a31455abe568e8130dfa4bd', 'jr.Architect', 'developer', '', 'default.jpg', 'Active', '2017-08-10 10:42:32', '2017-08-10 10:42:32'),
(99, 'Chavan ganesh', '', 'ganesh', 'fa1d87bc7f85769ea9dee2e4957321ae', 'jr.Architect', 'developer', '', 'default.jpg', 'Active', '2017-08-21 10:28:02', '2017-08-21 10:28:02'),
(100, 'Qaiyam Uddin Ansari', '', 'ansari', 'd861e207ca85f7e171d3225d4a4536cd', 'jr.Architect', 'developer', '', 'default.jpg', 'Active', '2017-08-21 10:32:37', '2017-08-21 10:32:37');

-- --------------------------------------------------------

--
-- Table structure for table `emp_record_details`
--

CREATE TABLE IF NOT EXISTS `emp_record_details` (
  `emp_record_id` int(11) NOT NULL,
  `empId` varchar(100) NOT NULL,
  `client_Id` int(11) NOT NULL,
  `project_Id` int(11) NOT NULL,
  `task_Id` varchar(255) NOT NULL,
  `team_member_type` enum('Regular','Substitute','Back Up') NOT NULL DEFAULT 'Regular',
  `emp_time_hours` float NOT NULL,
  `comments` longtext NOT NULL,
  `emp_report_dates` date NOT NULL,
  `status` enum('Active','Inactive') NOT NULL DEFAULT 'Active',
  `created_at` date NOT NULL,
  `updated_at` date NOT NULL
) ENGINE=InnoDB AUTO_INCREMENT=306 DEFAULT CHARSET=latin1;

--
-- Dumping data for table `emp_record_details`
--

INSERT INTO `emp_record_details` (`emp_record_id`, `empId`, `client_Id`, `project_Id`, `task_Id`, `team_member_type`, `emp_time_hours`, `comments`, `emp_report_dates`, `status`, `created_at`, `updated_at`) VALUES
(1, '44', 2, 2, '1', 'Regular', 8, 'Completed adding doors to YGAP, First floor level, Block B interiors model.\r\nQuality checked the same block .\r\nStarted QC of Blok D, Ground floor.', '2017-07-24', 'Active', '2017-07-25', '2017-07-25'),
(2, '44', 2, 2, '1', 'Regular', 8.5, 'Completed interior modelling of Blok B, First floor, YGAP.', '2017-07-22', 'Active', '2017-07-25', '2017-07-25'),
(3, '44', 2, 2, '1', 'Regular', 4.5, 'Worked on interior modelling of Blok B, First floor, YGAP.', '2017-07-21', 'Active', '2017-07-25', '2017-07-25'),
(4, '44', 2, 2, '1', 'Regular', 8.5, 'Started interior modelling of Blok B, First floor, YGAP.', '2017-07-20', 'Active', '2017-07-25', '2017-07-25'),
(5, '44', 2, 2, '1', 'Regular', 8.5, 'Q.C of  interior model of Blok B, Ground floor, YGAP.', '2017-07-18', 'Active', '2017-07-25', '2017-07-25'),
(6, '44', 2, 2, '1', 'Regular', 8.5, 'Q.C of interior model of Blok A, Ground floor, YGAP.', '2017-07-17', 'Active', '2017-07-25', '2017-07-25'),
(7, '44', 2, 2, '1', 'Regular', 7, 'Interior modelling of Blok C, Ground floor, YGAP.', '2017-07-14', 'Active', '2017-07-25', '2017-07-25'),
(8, '44', 2, 2, '1', 'Regular', 6, 'Checked block D , Ground floor, YGAP', '2017-07-25', 'Active', '2017-07-27', '2017-07-27'),
(9, '44', 2, 2, '1', 'Regular', 2.5, 'Modelled interiors of Block A, C of First floor and started Block D, First floor.', '2017-07-25', 'Active', '2017-07-27', '2017-07-27'),
(10, '44', 2, 2, '175', 'Regular', 2, 'Discussed mark ups received and the plan of action', '2017-07-26', 'Active', '2017-07-27', '2017-07-27'),
(12, '48', 11, 13, '200', 'Regular', 8.5, 'Developed wall section & updated the upper floor ceiling plans.', '2017-07-31', 'Active', '2017-08-01', '2017-08-01'),
(13, '48', 11, 13, '201', 'Regular', 10.5, 'Worked on reflected ceiling plan and added ceiling tags. Created wall section-2 and checked all wall tags in enlarged unit plans. Uploaded the complete set in pdf on dropbox.', '2017-07-29', 'Active', '2017-08-01', '2017-08-01'),
(14, '48', 11, 13, '201', 'Regular', 8.5, 'Created new wall types and added on the sheet. Started adding wall tags on floor plans.', '2017-07-24', 'Active', '2017-08-01', '2017-08-01'),
(15, '48', 11, 13, '201', 'Regular', 8.5, 'Added wall tags on 1st,2nd,3rd,4th & 5th floor plans.', '2017-07-25', 'Active', '2017-08-01', '2017-08-01'),
(16, '48', 11, 13, '201', 'Regular', 8.5, 'Created wall tags on floor plans as per the wall types.', '2017-07-26', 'Active', '2017-08-01', '2017-08-01'),
(17, '48', 11, 13, '200', 'Regular', 8.5, 'Developed wall section-1 as per the wall types & current model and sent progress section to the client.', '2017-07-27', 'Active', '2017-08-01', '2017-08-01'),
(18, '48', 11, 13, '200', 'Regular', 8.5, 'Developed wall section-2 and updated building sections. ', '2017-07-28', 'Active', '2017-08-01', '2017-08-01'),
(20, '94', 13, 15, '210,211', 'Regular', 4, 'Floor plan, Roof plan & 4 exterior elevations', '2017-08-01', 'Active', '2017-08-01', '2017-08-01'),
(21, '94', 14, 16, '212,214,216,218', 'Regular', 2, 'Checking mails/Archive - 0.5hr.\r\n\r\nPlot settings/QC/mail - 1.0hr.\r\n\r\nUpdated time sheet - 0.5hr.', '2017-08-01', 'Active', '2017-08-01', '2017-08-01'),
(22, '94', 14, 16, '217', 'Regular', 2, 'SFCS-Kitchen Island-Analysis & Developing in Revit', '2017-08-01', 'Active', '2017-08-01', '2017-08-07'),
(23, '44', 14, 16, '220', 'Regular', 3, 'Prepared Architectural time estimate for two projects, EDG- 1703 Carwash AND 1706 Carwash.\r\nCollated Time estimate prepared by other PMs and sent them to the client.', '2017-08-27', 'Active', '2017-08-02', '2017-08-02'),
(24, '44', 2, 2, '1', 'Regular', 6.5, 'Modelled D block, First floor, YGAP', '2017-07-26', 'Active', '2017-08-02', '2017-08-02'),
(25, '44', 2, 2, '1', 'Regular', 5.5, 'Modelled, D Block, First floor, YGAP', '2017-07-27', 'Active', '2017-08-02', '2017-08-02'),
(26, '44', 2, 2, '1', 'Regular', 1, 'Modified all suspended ceilings before exporting IFC model', '2017-07-28', 'Active', '2017-08-02', '2017-08-02'),
(27, '44', 2, 2, '1', 'Regular', 9, 'Modelled Block D, First floor, YGAP', '2017-07-28', 'Active', '2017-08-02', '2017-08-02'),
(28, '44', 2, 2, '1', 'Regular', 1, 'Modified all suspended ceilings before exporting IFC model, as per MEP team''s requirement.', '2017-07-29', 'Active', '2017-08-02', '2017-08-02'),
(29, '44', 2, 2, '1', 'Regular', 9, 'Modelled D Block, First floor, YGAP.', '2017-07-29', 'Active', '2017-08-02', '2017-08-02'),
(30, '44', 2, 2, '1', 'Regular', 7, 'Modelled, A block, First floor, TAPH', '2017-07-31', 'Active', '2017-08-02', '2017-08-02'),
(31, '44', 14, 16, '217', 'Regular', 1.5, 'Took measurements and developed seating options for first floor dining area.', '2017-07-31', 'Active', '2017-08-02', '2017-08-02'),
(32, '44', 2, 2, '1', 'Regular', 3.5, 'Started modelling A block, First floor, TAPH. Worked from home.', '2017-07-31', 'Active', '2017-08-02', '2017-08-02'),
(33, '44', 2, 2, '175', 'Regular', 1, 'Meeting with Rupali and Sastry sir for Dining seating options, Assigned work to CAD team for drafting.', '2017-08-01', 'Active', '2017-08-02', '2017-08-02'),
(34, '44', 2, 2, '1', 'Regular', 7.5, 'Modelled, B block, First floor, TAPH', '2017-08-01', 'Active', '2017-08-02', '2017-08-02'),
(35, '44', 14, 16, '212', 'Regular', 1, 'Updated time sheet', '2017-08-02', 'Active', '2017-08-02', '2017-08-02'),
(37, '45', 14, 16, '220', 'Regular', 6, 'MEP Services time estimate for U. S. Embassy, Kampala, Uganda Project', '2017-08-02', 'Active', '2017-08-02', '2017-08-02'),
(38, '45', 2, 9, '204,206', 'Regular', 2.5, 'QC checking for MEP Services and coordination with Team', '2017-08-02', 'Active', '2017-08-02', '2017-08-02'),
(39, '44', 2, 2, '221', 'Regular', 7.5, 'Studied sample projects, watched skype recorded video on window reveals and arranged all the window reveals in YGAP building.', '2017-08-02', 'Active', '2017-08-03', '2017-08-03'),
(40, '62', 7, 7, '180', 'Regular', 8.5, 'Model  QC and DD set updates', '2017-08-01', 'Active', '2017-08-03', '2017-08-03'),
(41, '96', 14, 17, '223', 'Regular', 8, 'first floor plan drafted\r\ndining room furniture layout proposal\r\nwork station detailing \r\n', '2017-08-03', 'Active', '2017-08-03', '2017-08-03'),
(42, '44', 2, 2, '221', 'Regular', 8.5, 'Completed faade modelling of A Blok of YGAP, Ground floor', '2017-08-03', 'Active', '2017-08-04', '2017-08-04'),
(43, '44', 2, 2, '221', 'Regular', 8.5, 'Completed faade modelling of B,C, D block of YGAP on Ground floor', '2017-08-04', 'Active', '2017-08-04', '2017-08-04'),
(44, '96', 14, 17, '223', 'Regular', 8.5, '1.First floor discussion table proposal\r\n2.discussion table detail\r\n3.dining room furniture layout option 2 & 3\r\n4.dining table detail \r\n', '2017-08-04', 'Active', '2017-08-04', '2017-08-04'),
(45, '83', 2, 9, '184', 'Regular', 8.5, 'shop drawings for hvac', '2017-08-01', 'Active', '2017-08-07', '2017-08-07'),
(46, '83', 2, 9, '184', 'Regular', 8.5, 'shop drawings for plumbing', '2017-08-02', 'Active', '2017-08-07', '2017-08-07'),
(47, '83', 2, 9, '184', 'Regular', 8.5, 'shop drawings for plumbing', '2017-08-03', 'Active', '2017-08-07', '2017-08-07'),
(48, '83', 2, 9, '184', 'Regular', 6.5, 'electrical  shop drawing', '2017-08-04', 'Active', '2017-08-07', '2017-08-07'),
(49, '83', 2, 9, '184', 'Regular', 8.5, 'electrical  shop drawing', '2017-08-05', 'Active', '2017-08-07', '2017-08-07'),
(50, '94', 14, 16, '216,217,219', 'Regular', 6, 'Checking mails/Archive - 0.5hr.\r\n\r\nSFCS-Kitchen Islands (Revit family) - 5hrs.\r\n\r\nSFCS-Kitchen Islands (Family) - 0.5hr.', '2017-08-02', 'Active', '2017-08-07', '2017-08-07'),
(51, '94', 13, 26, '226,230', 'Regular', 2, 'Floor plan, Interior Elevations - 1.5hrs\r\n\r\nSection - 0.5hr.', '2017-08-02', 'Active', '2017-08-07', '2017-08-07'),
(52, '94', 14, 16, '214,216,218', 'Regular', 1.5, 'Checking mails/Archive - 0.5hr.\r\n\r\nHayashida - Dominguez Residence - mails/QC/prints - 1.0hr.', '2017-08-03', 'Active', '2017-08-07', '2017-08-07'),
(53, '94', 13, 26, '226,229', 'Regular', 6.5, 'Developed Exterior elevations - 5.5hrs.\r\n\r\nContinued sections - 1.0hr', '2017-08-03', 'Active', '2017-08-07', '2017-08-07'),
(54, '94', 14, 16, '216', 'Regular', 0.5, 'Checking mails/Archive', '2017-08-04', 'Active', '2017-08-07', '2017-08-07'),
(55, '94', 14, 16, '218', 'Regular', 1.5, 'Ronesans - MEP - CAD outputs', '2017-08-04', 'Active', '2017-08-07', '2017-08-07'),
(56, '94', 2, 9, '188', 'Regular', 6, 'Fine tuning of CAD output files for Mechanical & Electrical drawings', '2017-08-04', 'Active', '2017-08-07', '2017-08-07'),
(57, '94', 14, 16, '214,216,219', 'Regular', 2, 'Checking mails/Archive - 0.5hr.\r\n\r\nTECTA - Suite 103 - project study - 1.0hr.\r\n\r\nTECTA - Suite 103 - QC - 0.5hr.', '2017-08-07', 'Active', '2017-08-07', '2017-08-07'),
(58, '94', 14, 16, '220', 'Regular', 0.5, 'Updated Time sheet', '2017-08-07', 'Active', '2017-08-07', '2017-08-07'),
(59, '94', 14, 16, '217', 'Regular', 1.5, 'TECTA - Majid''s Office - Elevations', '2017-08-07', 'Active', '2017-08-07', '2017-08-07'),
(60, '94', 14, 16, '217', 'Regular', 4, 'TECTA - Suite 103 - Addressed markups', '2017-08-07', 'Active', '2017-08-07', '2017-08-07'),
(61, '83', 2, 9, '188', 'Regular', 8.5, 'shop drawings\r\n', '2017-08-07', 'Active', '2017-08-07', '2017-08-07'),
(62, '96', 14, 17, '223', 'Regular', 8.5, '1.PROPOSED DINING FURNITURE LAYOUT OPTION-4\r\n2.DINING ROOM SECTION @AA & @BB\r\n3.WORK STATION DETAILS', '2017-08-07', 'Active', '2017-08-07', '2017-08-07'),
(63, '44', 2, 2, '221', 'Regular', 8.5, 'Completed faade modelling of E block, ground floor and B block, first floor of YGAP building.', '2017-08-07', 'Active', '2017-08-07', '2017-08-07'),
(64, '62', 7, 7, '179', 'Regular', 8, 'Model updates  Indicated Demolition and Proposed additions in existing building', '2017-08-03', 'Active', '2017-08-08', '2017-08-08'),
(65, '62', 18, 31, '252', 'Regular', 8, 'Started Developing the Revit model as per the received files and information.', '2017-08-04', 'Active', '2017-08-08', '2017-08-08'),
(66, '62', 18, 31, '252', 'Regular', 8, 'Developing the Revit Model', '2017-08-07', 'Active', '2017-08-08', '2017-08-08'),
(67, '62', 18, 31, '252', 'Regular', 8, 'Developing the Revit model', '2017-08-08', 'Active', '2017-08-08', '2017-08-08'),
(68, '43', 10, 11, '189', 'Regular', 5.5, 'Worked on Loggia elevations', '2017-08-07', 'Active', '2017-08-08', '2017-08-08'),
(69, '43', 14, 16, '213', 'Regular', 2, 'Attended PM''s meeting', '2017-08-07', 'Active', '2017-08-08', '2017-08-08'),
(70, '43', 14, 16, '216', 'Regular', 1, 'Resource schedule', '2017-08-07', 'Active', '2017-08-08', '2017-08-08'),
(71, '43', 14, 16, '216', 'Regular', 1, 'Resource schedule', '2017-08-08', 'Active', '2017-08-08', '2017-08-08'),
(72, '43', 10, 11, '189', 'Regular', 7, 'Worked on Loggia elevations', '2017-08-08', 'Active', '2017-08-08', '2017-08-08'),
(73, '43', 14, 16, '216', 'Regular', 0.5, 'mail to client', '2017-08-08', 'Active', '2017-08-08', '2017-08-08'),
(74, '43', 14, 16, '216', 'Regular', 0.5, 'Mail to client', '2017-08-07', 'Active', '2017-08-08', '2017-08-08'),
(75, '43', 14, 16, '216', 'Regular', 1, 'Client correspondence', '2017-08-01', 'Active', '2017-08-08', '2017-08-08'),
(76, '43', 14, 16, '216', 'Regular', 1, 'Resource schedule', '2017-08-01', 'Active', '2017-08-08', '2017-08-08'),
(77, '43', 14, 16, '216', 'Regular', 1, 'Resource schedule', '2017-08-02', 'Active', '2017-08-08', '2017-08-08'),
(78, '43', 14, 16, '216', 'Regular', 1, 'Resource schedule', '2017-08-03', 'Active', '2017-08-08', '2017-08-08'),
(79, '43', 14, 16, '216', 'Regular', 1, 'Resource schedule', '2017-08-04', 'Active', '2017-08-08', '2017-08-08'),
(80, '43', 14, 16, '216', 'Regular', 0.5, 'Mail to client', '2017-08-03', 'Active', '2017-08-08', '2017-08-08'),
(81, '43', 14, 16, '216', 'Regular', 0.5, 'Mail to client', '2017-08-04', 'Active', '2017-08-08', '2017-08-08'),
(82, '43', 10, 11, '257', 'Regular', 4, 'Addressing markups', '2017-08-01', 'Active', '2017-08-08', '2017-08-08'),
(83, '43', 14, 16, '218', 'Regular', 3, 'Coordination and QC for FWA projects', '2017-08-01', 'Active', '2017-08-08', '2017-08-08'),
(84, '43', 14, 16, '216', 'Regular', 0.5, 'Mail to client', '2017-08-02', 'Active', '2017-08-08', '2017-08-08'),
(85, '43', 14, 16, '218', 'Regular', 7, 'QC and Coordination with updates for FWA projects', '2017-08-02', 'Active', '2017-08-08', '2017-08-08'),
(86, '43', 10, 11, '189', 'Regular', 7, 'Worked on Loggia elevations', '2017-08-03', 'Active', '2017-08-08', '2017-08-08'),
(87, '43', 10, 11, '189', 'Regular', 6, 'Worked on Loggia elevations', '2017-08-04', 'Active', '2017-08-08', '2017-08-08'),
(88, '51', 12, 14, '207', 'Regular', 8.5, 'Updated floor transition from the previous model. Also updated the floor heights as per the markups received. Please review and confirm.\r\nUpdated levels at Recessed Entry.\r\nUpdated windows to the exterior side of the wall. Should edit family to move 8  inside from the exterior side.\r\nUpdated Trellis heights as per the changes in levels they are getting intersected.\r\nUpdated wall tags as per the markups.\r\n2017 07 31_Mark-ups_0001: Received Markups on Wall Sections- Updated wall sections for foundations, changed TJI joists.\r\nUpdated Pent house sweeps and wall joints.\r\n2017 07 31_Plan Review 2nd Floor (002): Updated A2.11 sheet as per the markups.\r\n2017 07 31_Plan Review 2nd Floor: updated A2.1 sheet as per the markups received.\r\n2017 07 31_Plan Review:  Updated as per the markups received.\r\n', '2017-08-01', 'Active', '2017-08-08', '2017-08-08'),
(89, '51', 12, 14, '207', 'Regular', 8.5, 'Completed addressing markups expect for the wall sections.\r\nUpdated A6.2 sheet with 2d window component. (We have updated head and sill detail in wall sections itself, did not call out the detail as mentioned in call)\r\nWe are working on A-6.3.\r\n\r\n', '2017-08-02', 'Active', '2017-08-08', '2017-08-08'),
(90, '51', 12, 14, '207', 'Regular', 9.5, 'We have moved column detail from A5.1 to A7.1 sheet.\r\n', '2017-08-03', 'Active', '2017-08-08', '2017-08-08'),
(91, '51', 12, 14, '207', 'Regular', 8, 'We have updated model as per the received markups and Mail instructions.\r\nWe have also updated call updates.\r\n', '2017-08-04', 'Active', '2017-08-08', '2017-08-08'),
(92, '51', 12, 14, '207', 'Regular', 3.5, 'We have linked and adjusted the view settings to show MEP model in Magenta color  for better co-ordination.\r\n', '2017-08-07', 'Active', '2017-08-08', '2017-08-08'),
(93, '58', 15, 23, '258', 'Regular', 8, 'Developing Building-A Floor Plans.', '2017-08-01', 'Active', '2017-08-08', '2017-08-08'),
(94, '61', 2, 9, '206', 'Regular', 10, 'Layout Composing for Mechanical and Electrical drawings, Annotation Work etc..', '2017-08-07', 'Active', '2017-08-08', '2017-08-08'),
(95, '61', 2, 9, '206', 'Regular', 2, 'Layout Composing for Mechanical and Electrical drawings, Annotation Work etc..', '2017-08-07', 'Active', '2017-08-08', '2017-08-08'),
(96, '61', 2, 9, '206', 'Regular', 8.5, 'Layout Composing for Mechanical and Electrical drawings, Annotation Work etc..', '2017-08-03', 'Active', '2017-08-08', '2017-08-08'),
(97, '61', 10, 11, '189,257', 'Regular', 8, 'Addressing Markups as per Received Pdf and Instructions, Door Schedule sheet no A-7.0', '2017-08-01', 'Active', '2017-08-08', '2017-08-08'),
(98, '61', 10, 11, '189', 'Regular', 3.5, 'Developing Fourth floor Loggia Elevations', '2017-08-08', 'Active', '2017-08-08', '2017-08-08'),
(99, '61', 2, 9, '206', 'Regular', 4, 'Sheet Settings As per Cad Standards..\r\nGround And First Floor plans', '2017-08-08', 'Active', '2017-08-08', '2017-08-08'),
(100, '94', 14, 16, '214,216,218,219', 'Regular', 2.5, 'Checking mails/Archive - 0.5hr.\r\n\r\nAnalysis - MaRS - Tracey & Fox - Markups - 0.5hr.\r\n\r\nTracey & Fox - Sheet settings/Print settings - 1.0hr.\r\n\r\nTracey & Fox - QC/mail - 0.5hr', '2017-08-08', 'Active', '2017-08-08', '2017-08-08'),
(101, '96', 13, 29, '241', 'Regular', 8.5, 'DEVELOPING PLANS AS PER PDF', '2017-08-08', 'Active', '2017-08-08', '2017-08-08'),
(102, '44', 2, 2, '221', 'Regular', 9.5, 'Modelled parapet finishes of all blocks, all levels of YGAP building', '2017-08-08', 'Active', '2017-08-08', '2017-08-08'),
(103, '45', 2, 9, '206,187', 'Regular', 8.5, 'Navis report generation ', '2017-08-03', 'Active', '2017-08-09', '2017-08-09'),
(104, '45', 2, 9, '187,204,206', 'Regular', 8.5, 'Navis report generation ', '2017-08-04', 'Active', '2017-08-09', '2017-08-09'),
(105, '45', 2, 9, '187,204,206', 'Regular', 8.5, 'First Floor, Navis report generation , ', '2017-08-07', 'Active', '2017-08-09', '2017-08-09'),
(106, '45', 2, 9, '206,204,203', 'Regular', 8.5, 'Basement floor model setup ', '2017-08-08', 'Active', '2017-08-09', '2017-08-09'),
(107, '80', 16, 25, '225', 'Regular', 6, '(B.L.C) Convertion on floor plan on interior layout', '2017-08-02', 'Active', '2017-08-09', '2017-08-09'),
(108, '80', 2, 9, '188', 'Regular', 6, 'Worked on Standardising Mechanical & Electrical files', '2017-08-03', 'Active', '2017-08-09', '2017-08-09'),
(109, '94', 20, 34, '263', 'Regular', 5.5, 'Updated Title block, Schedules & Interior elevations.', '2017-08-08', 'Active', '2017-08-09', '2017-08-09'),
(110, '80', 2, 9, '188', 'Regular', 8, 'Worked on Standardising files on HVS, Water supply & Domestic water.', '2017-08-04', 'Active', '2017-08-09', '2017-08-09'),
(111, '80', 2, 9, '188', 'Regular', 8.5, 'Worked on Standardising files on Heating& Ventilating, Smoke & HVS', '2017-08-07', 'Active', '2017-08-09', '2017-08-09'),
(112, '80', 20, 34, '263', 'Regular', 6, 'Adressed markups as per received mail & instructions on title block & general sheets.', '2017-08-08', 'Active', '2017-08-09', '2017-08-09'),
(113, '80', 19, 32, '260', 'Regular', 3, 'Worked on (B.L.C) for standardising layers & developing floor plan ', '2017-08-08', 'Active', '2017-08-09', '2017-08-09'),
(114, '95', 13, 28, '236', 'Regular', 1, 'Developed  building out line as per received pdf ', '2017-08-08', 'Active', '2017-08-09', '2017-08-09'),
(115, '61', 10, 11, '189', 'Regular', 6.5, 'Developing Loggia Elevations', '2017-08-09', 'Active', '2017-08-09', '2017-08-09'),
(116, '61', 10, 12, '190', 'Regular', 1, 'Sheet Composing etc.', '2017-08-09', 'Active', '2017-08-09', '2017-08-09'),
(117, '96', 13, 29, '241', 'Regular', 8.5, 'DEVELOPING PLAN AS PER PDF.', '2017-08-09', 'Active', '2017-08-09', '2017-08-09'),
(118, '94', 14, 16, '214,216,218', 'Regular', 2, 'Checking mails/Archive - 0.5hr.\r\nHayashida - Dominguez - QC/mail/prints - 1.5hrs.', '2017-08-09', 'Active', '2017-08-09', '2017-08-09'),
(119, '94', 13, 26, '226,230', 'Regular', 6, 'Section - 1.5hrs.\r\n\r\nMarkups - 4.5hrs.', '2017-08-09', 'Active', '2017-08-09', '2017-08-09'),
(120, '94', 14, 16, '214,216,218', 'Regular', 2, 'Checking mails/Archive - 0.5hr.\r\n\r\nMaRS-Tracey & Fox - QC/Prints/mail - 1.5hrs.', '2017-08-10', 'Active', '2017-08-10', '2017-08-10'),
(121, '94', 20, 34, '263', 'Regular', 5, 'Replacing and updating Title sheet', '2017-08-10', 'Active', '2017-08-10', '2017-08-10'),
(122, '94', 14, 16, '217', 'Regular', 1, 'Practiced Revit', '2017-08-10', 'Active', '2017-08-10', '2017-08-10'),
(123, '83', 2, 9, '184', 'Regular', 8.5, 'Electrical files reviewing and file setup for it', '2017-08-08', 'Active', '2017-08-10', '2017-08-10'),
(124, '83', 2, 9, '184', 'Regular', 8.5, 'cable tray modeling for basement\r\n\r\n', '2017-08-09', 'Active', '2017-08-10', '2017-08-10'),
(125, '83', 2, 9, '184', 'Regular', 8.5, 'lightning modeling for basement\r\n', '2017-08-10', 'Active', '2017-08-10', '2017-08-10'),
(126, '44', 2, 2, '221', 'Regular', 11, 'Started terrace modelling of YGAP building', '2017-08-09', 'Active', '2017-08-11', '2017-08-11'),
(127, '44', 2, 2, '221', 'Regular', 2, 'Completed terrace building of all blocks, YGAP building', '2017-08-09', 'Active', '2017-08-11', '2017-08-11'),
(128, '44', 2, 2, '264', 'Regular', 8, 'Updated all CAD links in models. Checked and corrected Block A, first floor, YGAP building.', '2017-08-10', 'Active', '2017-08-11', '2017-08-11'),
(129, '96', 13, 28, '236', 'Regular', 3.5, 'developnig plan as per pdf', '2017-08-10', 'Active', '2017-08-11', '2017-08-11'),
(130, '43', 21, 35, '270', 'Regular', 3, 'Worked on Grid and floor plan', '2017-08-10', 'Active', '2017-08-11', '2017-08-11'),
(131, '61', 21, 35, '270', 'Regular', 6, 'Developing Lobby level floor plan', '2017-08-10', 'Active', '2017-08-11', '2017-08-11'),
(132, '43', 14, 16, '216', 'Regular', 1, 'Updating resource schedule', '2017-08-11', 'Active', '2017-08-11', '2017-08-11'),
(133, '61', 10, 11, '257', 'Regular', 3, 'Adressing Markups As per Received Instructions and Pdf file..', '2017-08-10', 'Active', '2017-08-11', '2017-08-11'),
(134, '43', 21, 35, '266', 'Regular', 3, 'Worked on floor plan', '2017-08-11', 'Active', '2017-08-11', '2017-08-11'),
(135, '43', 14, 16, '218', 'Regular', 2, 'Coordination with team', '2017-08-11', 'Active', '2017-08-11', '2017-08-11'),
(136, '43', 14, 16, '218', 'Regular', 2, 'Coordination with team', '2017-08-10', 'Active', '2017-08-11', '2017-08-11'),
(137, '96', 21, 35, '266', 'Substitute', 5, 'developing drawing as per pdf', '2017-08-10', 'Active', '2017-08-11', '2017-08-11'),
(138, '43', 10, 11, '257', 'Regular', 2, 'Worked on markups', '2017-08-10', 'Active', '2017-08-11', '2017-08-11'),
(139, '43', 14, 16, '216', 'Regular', 1, 'Resource schedule', '2017-08-10', 'Active', '2017-08-11', '2017-08-11'),
(140, '43', 14, 16, '216', 'Regular', 1, 'Resource schedule', '2017-08-09', 'Active', '2017-08-11', '2017-08-11'),
(141, '43', 10, 11, '257', 'Regular', 4, 'Worked on Loggia elevations and markups', '2017-08-09', 'Active', '2017-08-11', '2017-08-11'),
(142, '95', 21, 35, '268', 'Regular', 5.5, 'Working on Contour lines and room names and numbers ', '2017-08-10', 'Active', '2017-08-11', '2017-08-11'),
(143, '43', 10, 36, '273', 'Regular', 4, 'Addressing markups', '2017-08-09', 'Active', '2017-08-11', '2017-08-11'),
(144, '51', 13, 26, '227', 'Substitute', 4, 'Worked on Revit for modeling Roof Plan.', '2017-08-08', 'Active', '2017-08-11', '2017-08-11'),
(145, '51', 7, 7, '179', 'Regular', 9.5, 'Updated Railings and the walls beneath them, Rcps, Updating existing and New-wall, Doors, Windows, Furniture,  also updated A2 unit as per the Instructions received.', '2017-08-10', 'Active', '2017-08-11', '2017-08-11'),
(146, '51', 14, 16, '215', 'Regular', 0, 'Sick  Leave.', '2017-08-10', 'Active', '2017-08-11', '2017-08-11'),
(147, '62', 18, 31, '252', 'Regular', 8.5, 'Developing the First level model ', '2017-08-09', 'Active', '2017-08-11', '2017-08-11'),
(148, '62', 18, 31, '252', 'Regular', 8.5, 'Site contour development and site location as per plan', '2017-08-10', 'Active', '2017-08-11', '2017-08-11'),
(149, '62', 18, 31, '252', 'Regular', 5, 'Developing and fine tuning the model', '2017-08-11', 'Active', '2017-08-11', '2017-08-11'),
(150, '43', 14, 16, '213', 'Regular', 1.5, 'Attended PM''s meeting', '2017-08-11', 'Active', '2017-08-11', '2017-08-11'),
(151, '43', 14, 16, '216', 'Regular', 1, 'Worked on reports (Execution plans and Project status)', '2017-08-11', 'Active', '2017-08-11', '2017-08-11'),
(152, '78', 17, 30, '248', 'Regular', 5, 'Updated building model by adding grids and levels.', '2017-07-11', 'Active', '2017-08-11', '2017-08-11'),
(153, '78', 17, 30, '244', 'Regular', 3.5, 'Continued developing foundation as per received sketches.', '2017-07-12', 'Active', '2017-08-11', '2017-08-11'),
(154, '78', 17, 30, '245', 'Regular', 5, 'Continued developing lower module as per received sketches.', '2017-07-13', 'Active', '2017-08-11', '2017-08-11'),
(155, '78', 17, 30, '245', 'Regular', 4, 'Updated building as per received feedback.', '2017-07-14', 'Active', '2017-08-11', '2017-08-11'),
(156, '78', 17, 30, '245', 'Regular', 5.5, 'Completed developing foundation and basement model as per received sketch.', '2017-07-17', 'Active', '2017-08-11', '2017-08-11'),
(157, '78', 17, 30, '245', 'Regular', 5, 'Completed developing Second level floor framing & Roof framing model as per received sketch.', '2017-07-18', 'Active', '2017-08-11', '2017-08-11'),
(158, '78', 17, 30, '246', 'Regular', 5, 'Updated sheet plans and sections accordingly to match with model update.', '2017-07-19', 'Active', '2017-08-11', '2017-08-11'),
(159, '42', 17, 30, '244', 'Regular', 5, 'Stared developing foundation and lower module as per received sketches.', '2017-07-11', 'Active', '2017-08-11', '2017-08-11'),
(160, '42', 17, 30, '245', 'Regular', 5, 'Started working on first floor plan as per received structural plan', '2017-07-12', 'Active', '2017-08-11', '2017-08-11'),
(161, '42', 17, 30, '245', 'Regular', 5, 'completed developing 1st floor framing and column plan', '2017-07-13', 'Active', '2017-08-11', '2017-08-11'),
(162, '42', 17, 30, '246', 'Regular', 5, 'Started developing 2nd floor framing plan', '2017-07-14', 'Active', '2017-08-11', '2017-08-11'),
(163, '42', 17, 30, '246', 'Regular', 8, 'Completed developing 2nd floor column and floor framing plan.', '2017-07-15', 'Active', '2017-08-11', '2017-08-11'),
(164, '42', 17, 30, '245', 'Regular', 6, 'started developing canopy plan', '2017-07-17', 'Active', '2017-08-11', '2017-08-11'),
(165, '42', 17, 30, '247', 'Regular', 5, 'started developing roof plan with adding skylight', '2017-07-18', 'Active', '2017-08-11', '2017-08-11'),
(166, '42', 17, 30, '249', 'Regular', 5, 'completed developing plan by adding roof framing as per received structural plan', '2017-07-19', 'Active', '2017-08-11', '2017-08-11'),
(167, '61', 21, 35, '266', 'Regular', 8, 'Developing Lobby level floor plan', '2017-08-11', 'Active', '2017-08-11', '2017-08-11'),
(168, '96', 14, 16, '217', 'Regular', 3, 'DEVELOPING PLAN AS PER PDF', '2017-08-11', 'Active', '2017-08-11', '2017-08-11'),
(169, '45', 2, 9, '204,206', 'Regular', 8.5, 'Basement model setup ', '2017-08-09', 'Active', '2017-08-11', '2017-08-11'),
(170, '45', 2, 9, '203,204,206', 'Regular', 8.5, 'basement ', '2017-08-10', 'Active', '2017-08-11', '2017-08-11'),
(171, '96', 14, 33, '261', 'Regular', 5.5, 'WATCHNG ILX TRAINING VEDIOS FROM (10303XX TO 20202XX).\r\nDISCUSSION WITH PROJECT MANAGER ABOUT HAYASHIDA PROJECT', '2017-08-11', 'Active', '2017-08-11', '2017-08-11'),
(172, '45', 2, 9, '204,206', 'Regular', 8.5, 'basement ', '2017-08-11', 'Active', '2017-08-11', '2017-08-11'),
(173, '83', 2, 9, '184', 'Regular', 8.5, 'firealaram modeling for basement\r\n', '2017-08-11', 'Active', '2017-08-11', '2017-08-11'),
(174, '51', 7, 7, '179', 'Regular', 7, 'Worked on A6.2 Wall Section and Roof Plan.', '2017-08-11', 'Active', '2017-08-11', '2017-08-11'),
(175, '51', 14, 16, '213,216', 'Regular', 1.5, 'Team Meeting.', '2017-08-11', 'Active', '2017-08-11', '2017-08-11'),
(176, '44', 14, 16, '219,213,212', 'Regular', 7, 'Prepared time sheet for Ronesans.\r\nCoordinated with team for elogic interiors.\r\nTeam meeting and call with clients.\r\nResearch on Revit custom hatch patterns.\r\n', '2017-08-11', 'Active', '2017-08-12', '2017-08-18'),
(177, '84', 2, 9, '186', 'Regular', 8.5, 'BLOCK C  IS CIMPLITED , IN THIS 3 PLACES ARE LEFT TO CONECT WITH FAMILES.\r\nBLOCK D ALMOST DONE WITH OUT PUMP ROOM.', '2017-08-12', 'Active', '2017-08-12', '2017-08-16'),
(178, '43', 14, 16, '216', 'Regular', 1, 'Resource schedule', '2017-08-12', 'Active', '2017-08-12', '2017-08-12'),
(179, '43', 21, 35, '268', 'Regular', 7, 'QC and update of the drawing', '2017-08-12', 'Active', '2017-08-12', '2017-08-12'),
(180, '95', 14, 33, '261', 'Regular', 8, 'Watching ILX videos  (CD-1A), worked on BKF Floor plan', '2017-08-01', 'Active', '2017-08-12', '2017-08-12'),
(181, '95', 14, 33, '261', 'Regular', 9, 'Watching ILX videos  (CD-2A), worked on BKF Floor plan', '2017-08-02', 'Active', '2017-08-12', '2017-08-12'),
(182, '95', 19, 32, '260', 'Regular', 6, 'Developing Ground floor RCP plan', '2017-08-03', 'Active', '2017-08-12', '2017-08-12'),
(183, '95', 14, 33, '261', 'Regular', 4.5, 'Watching ILX videos (CD-2B), Training on CAD standards', '2017-08-04', 'Active', '2017-08-12', '2017-08-12'),
(184, '95', 19, 32, '260', 'Regular', 4, 'Developing floor plan and Exterior elevations', '2017-08-04', 'Active', '2017-08-12', '2017-08-12'),
(185, '95', 19, 32, '260', 'Regular', 5, 'Developing plan and exterior elevations', '2017-08-07', 'Active', '2017-08-12', '2017-08-12'),
(186, '95', 14, 33, '261', 'Regular', 4, 'Training on CAD standards', '2017-08-07', 'Active', '2017-08-12', '2017-08-12'),
(187, '95', 14, 33, '261', 'Regular', 2, 'Watching ILX videos (CD-3A). Training on CAD Standards', '2017-08-08', 'Active', '2017-08-12', '2017-08-12'),
(188, '95', 19, 32, '260', 'Regular', 5, 'Developing plan and exterior elevations', '2017-08-08', 'Active', '2017-08-12', '2017-08-12'),
(189, '95', 14, 33, '261', 'Regular', 9, 'Training on CAD standards, Worked on BKF RCP and Floor plan Layers', '2017-08-09', 'Active', '2017-08-12', '2017-08-12'),
(190, '95', 14, 33, '261', 'Regular', 3, 'Watching ILX videos (CD-3B), Worked on Hayashida Jackson residence elevations', '2017-08-10', 'Active', '2017-08-12', '2017-08-12'),
(191, '95', 14, 33, '261', 'Regular', 8, 'Watching ILX videos (CD-4A), AutoCAD Class and trial project', '2017-08-11', 'Active', '2017-08-12', '2017-08-12'),
(192, '96', 14, 33, '261', 'Regular', 8.5, 'WATCHING TRAINING ILX VEDIO FROM( 20203XX - 20205XX)\r\nTRAINING UNDER RONESANS GROUP (PRACTICE ALLPLAN SOFTWARE)', '2017-08-12', 'Active', '2017-08-12', '2017-08-12'),
(193, '61', 21, 35, '266', 'Regular', 1, 'Wall Alignments..', '2017-08-12', 'Active', '2017-08-12', '2017-08-12'),
(194, '61', 10, 11, '257', 'Regular', 7, 'Adressing Markups..', '2017-08-12', 'Active', '2017-08-12', '2017-08-12'),
(195, '94', 14, 16, '216,217,218,219', 'Regular', 8, 'Checking mails/Archive - 0.5hrs\r\n\r\nAnalysis - TMA - MW Barrington - Plan - 2.0hr.\r\n\r\nCo-ordination - TMA - MW Barrington - Plan - 0.5hr.\r\n\r\nTMA - MW Barrington - Developed Plan - 5.0hrs.', '2017-08-11', 'Active', '2017-08-12', '2017-08-12'),
(196, '94', 14, 16, '214,216', 'Regular', 1.5, 'Checking mails/Archive - 0.5hr.\r\n\r\nHayashida - Dominguez Residence - QC/Prints/Mail - 1.0hr.', '2017-08-12', 'Active', '2017-08-12', '2017-08-12'),
(197, '94', 13, 26, '230', 'Regular', 2, 'Addressed markups', '2017-08-12', 'Active', '2017-08-12', '2017-08-12'),
(198, '94', 14, 16, '219', 'Regular', 0.5, 'Hayashida - Dominguez Residence - Elevations', '2017-08-12', 'Active', '2017-08-12', '2017-08-12'),
(199, '94', 13, 26, '229', 'Regular', 3, 'Elevations as per 2017, Aug 09 received.', '2017-08-12', 'Active', '2017-08-12', '2017-08-14'),
(200, '83', 2, 9, '184', 'Regular', 8.5, 'basement electrical power modeling', '2017-08-12', 'Active', '2017-08-12', '2017-08-12'),
(201, '45', 2, 9, '204,206', 'Regular', 8.5, 'Basement  ', '2017-08-12', 'Active', '2017-08-14', '2017-08-14'),
(202, '45', 2, 9, '204,206', 'Regular', 8.5, 'Basement- Cable tray , Lighting & Fire Protection QC', '2017-08-14', 'Active', '2017-08-14', '2017-08-14'),
(203, '82', 2, 9, '183', 'Regular', 8.5, 'working on Ground Floor Modelling.', '2017-08-02', 'Active', '2017-08-14', '2017-08-14'),
(204, '82', 2, 9, '183', 'Regular', 8.5, 'working on Ground Floor Modelling.', '2017-08-03', 'Active', '2017-08-14', '2017-08-14'),
(205, '82', 2, 9, '183', 'Regular', 8.5, 'working on First Floor Modelling revision.', '2017-08-04', 'Active', '2017-08-14', '2017-08-14'),
(206, '82', 2, 9, '183', 'Regular', 8.5, 'working on First Floor Modelling revision.', '2017-08-07', 'Active', '2017-08-14', '2017-08-14'),
(207, '82', 2, 9, '183', 'Regular', 8.5, 'Started reviewing of cad links for Basement.', '2017-08-08', 'Active', '2017-08-14', '2017-08-14'),
(208, '82', 2, 9, '183', 'Regular', 8.5, 'Started Modeling for Basement.', '2017-08-10', 'Active', '2017-08-14', '2017-08-14'),
(209, '84', 2, 9, '185', 'Regular', 8.5, 'Continuing C  block Modeling', '2017-08-14', 'Active', '2017-08-14', '2017-08-14'),
(210, '95', 14, 33, '261', 'Regular', 8, 'Watching ILX videos (CD-4B) Hayashida Jackson residence elevations', '2017-08-12', 'Active', '2017-08-14', '2017-08-14'),
(211, '96', 13, 28, '236', 'Regular', 3, 'developing plan as per pdf', '2017-08-14', 'Active', '2017-08-14', '2017-08-14'),
(212, '61', 10, 11, '257,189', 'Regular', 6, 'Developing Door Details and Adressing Markups..', '2017-08-14', 'Active', '2017-08-14', '2017-08-14'),
(213, '96', 14, 33, '261', 'Regular', 2.5, 'WATCHING TRAINING VEDIOS FROM(2026XX-20303)\r\nPRACTICE ALLPLAN SOFTWARE', '2017-08-14', 'Active', '2017-08-14', '2017-08-14'),
(214, '96', 14, 16, '213', 'Regular', 3, 'INDEPENDENCE DAY CELEBRATIONS', '2017-08-14', 'Active', '2017-08-14', '2017-08-14'),
(215, '94', 14, 16, '213', 'Regular', 1, 'Meeting regarding Pre-Independence day celebration', '2017-08-12', 'Active', '2017-08-14', '2017-08-14'),
(216, '94', 14, 16, '216,219', 'Regular', 1, 'Checking mails/Archive - 0.5hr.\r\n\r\nHayashida - Jackson Residence - Elevation - Analysis - 0.5hr.', '2017-08-14', 'Active', '2017-08-14', '2017-08-14'),
(217, '94', 13, 27, '233', 'Regular', 3, 'Rear & Side Elevations', '2017-08-14', 'Active', '2017-08-14', '2017-08-14'),
(218, '94', 14, 16, '213', 'Regular', 4, 'Pre-Independence day celebration', '2017-08-14', 'Active', '2017-08-14', '2017-08-14'),
(219, '96', 14, 16, '213', 'Regular', 1.5, 'independence day celebrations', '2017-08-14', 'Active', '2017-08-16', '2017-08-16'),
(220, '84', 2, 9, '185,186', 'Regular', 8.5, 'COMPLETE MODELING TODAY\r\nFIRE FIGHTING MODELING ', '2017-08-16', 'Active', '2017-08-16', '2017-08-16'),
(221, '95', 14, 33, '261', 'Regular', 8, 'Watching ILX videos (CD-5A), JNA-Park developing guide lines', '2017-08-14', 'Active', '2017-08-16', '2017-08-16'),
(222, '45', 2, 9, '204,206', 'Regular', 8.5, 'Basement', '2017-08-16', 'Active', '2017-08-16', '2017-08-16'),
(223, '88', 2, 9, '187,204,206', 'Regular', 8.5, 'worked on YGAP Ground floor MEP coordination and Quality checking the models , interacting with team for clarifications ', '2017-08-02', 'Active', '2017-08-16', '2017-08-16'),
(224, '88', 2, 9, '204,206', 'Regular', 8.5, 'worked on YGAP Ground floor  Quality checking the models , interacting with team for clarifications , Preparing CAD Layouts for Submission ', '2017-08-03', 'Active', '2017-08-16', '2017-08-16'),
(225, '88', 2, 9, '188,204', 'Regular', 8.5, 'worked on YGAP Ground floor Quality checking the models , interacting with team for clarifications , Preparing CAD Layouts for Submission of shop drawings', '2017-08-04', 'Active', '2017-08-16', '2017-08-16'),
(226, '88', 2, 9, '183,206', 'Regular', 8.5, 'Worked on YGAP  Basement  floor HVAC  family''s and modelling   , interacting with team for clarifications.', '2017-08-09', 'Active', '2017-08-16', '2017-08-16'),
(227, '88', 2, 9, '183,206', 'Regular', 8.5, 'Worked on YGAP Basement MEP coordination on corridors of Block - C , interacting with team for clarifications.', '2017-08-10', 'Active', '2017-08-16', '2017-08-16'),
(228, '88', 2, 9, '183', 'Regular', 8.5, 'Worked on HVAC Chilled water Pipes plant area Modelling  and Created a family''s , customized on requirement  for CHWP Plant ', '2017-08-11', 'Active', '2017-08-16', '2017-08-16'),
(229, '88', 2, 9, '183', 'Regular', 8.5, 'Worked on HVAC Chilled water Pipes plant area Modelling  and Created a family''s , customized on requirement  for CHWP Plant ', '2017-08-12', 'Active', '2017-08-16', '2017-08-16'),
(230, '88', 2, 9, '183', 'Regular', 8.5, 'Worked on HVAC Chilled water Pipes plant area Modelling  and Created a family''s , customized on requirement  for CHWP Plant ', '2017-08-14', 'Active', '2017-08-16', '2017-08-16'),
(231, '88', 2, 9, '185', 'Regular', 8.5, 'Worked on Domestic  water Pipes plant area Modelling  and Created a family''s , customized on requirement  Domestic water Plant ', '2017-08-15', 'Active', '2017-08-16', '2017-08-16'),
(232, '88', 2, 9, '185', 'Regular', 8.5, 'Worked on Domestic  water Pipes plant area Modelling  and Created a family''s , customized on requirement  Domestic water Plant ', '2017-08-16', 'Active', '2017-08-16', '2017-08-16'),
(233, '84', 2, 9, '186', 'Regular', 8.5, 'basement Modeling', '2017-08-11', 'Active', '2017-08-16', '2017-08-16'),
(234, '51', 7, 7, '179', 'Regular', 8, 'Worked on updating Elevations as per the markups received and annotations, Building sections with annotations, Updated all templates for the phases and tone settings. Cross checked all the sheets for the phases scale and view depths.', '2017-08-16', 'Active', '2017-08-16', '2017-08-16'),
(235, '96', 14, 33, '261', 'Regular', 1, 'WATCHING ILX VEDIOS FROM (20304XX TO 20306)', '2017-08-16', 'Active', '2017-08-16', '2017-08-16'),
(236, '95', 14, 33, '261', 'Regular', 8, 'Watching ILX videos (CD-5B), AutoCAD trial project, and JNA -park -unit plan Developing ', '2017-08-16', 'Active', '2017-08-16', '2017-08-16'),
(237, '82', 2, 9, '183', 'Regular', 8.5, 'working on Ground Floor Modelling ', '2017-08-14', 'Active', '2017-08-16', '2017-08-16'),
(238, '82', 2, 9, '183', 'Regular', 8.5, 'working on Ground Floor Modelling D Block.', '2017-08-16', 'Active', '2017-08-16', '2017-08-16'),
(239, '83', 2, 2, '1', 'Regular', 8.5, 'earthing modeling for basement\r\n', '2017-08-16', 'Active', '2017-08-16', '2017-08-16'),
(240, '96', 14, 16, '217', 'Regular', 7.5, 'PRACTICE ALLPLAN SOFTWARE\r\nDEVELOPING FOOTINGS, BLOCK WALL & SLABS ', '2017-08-16', 'Active', '2017-08-16', '2017-08-16'),
(241, '61', 10, 11, '189', 'Regular', 8.5, 'Developing Door Details..', '2017-08-16', 'Active', '2017-08-16', '2017-08-16'),
(242, '84', 2, 9, '188', 'Regular', 8.5, 'Started  FireFighting taging', '2017-08-17', 'Active', '2017-08-17', '2017-08-17'),
(243, '43', 14, 16, '215', 'Regular', 0, 'On planned leave', '2017-08-16', 'Active', '2017-08-17', '2017-08-17'),
(244, '43', 21, 35, '268', 'Regular', 6, 'QC and updating the project', '2017-08-14', 'Active', '2017-08-17', '2017-08-17'),
(245, '43', 14, 16, '216', 'Regular', 1, 'Resource schedule', '2017-08-14', 'Active', '2017-08-17', '2017-08-17'),
(246, '43', 14, 16, '214', 'Regular', 2, 'QC and updating markups for FWA Wailuku project', '2017-08-14', 'Active', '2017-08-17', '2017-08-17'),
(247, '43', 14, 16, '216', 'Regular', 1, 'Resource schedule', '2017-08-17', 'Active', '2017-08-17', '2017-08-17'),
(248, '43', 14, 16, '216', 'Regular', 3, 'Updating Project info and mail correspondences', '2017-08-17', 'Active', '2017-08-17', '2017-08-17'),
(249, '43', 14, 16, '214', 'Regular', 4.5, 'QC and update of FWA Wailuku door details', '2017-08-17', 'Active', '2017-08-17', '2017-08-17'),
(251, '51', 7, 7, '179', 'Regular', 4, 'Worked on Interior sheets and floor plans for annotations.', '2017-08-16', 'Active', '2017-08-17', '2017-08-17'),
(252, '51', 7, 7, '179', 'Regular', 7, 'Fine tuning the model @ RCP, Floor plans, sweeps, stair sheets, Interior elevation sheets, wall joints in existing link model and addition new building model.', '2017-08-17', 'Active', '2017-08-17', '2017-08-17'),
(253, '83', 2, 9, '184', 'Regular', 8.5, 'cable tray shop drawing\r\n', '2017-08-17', 'Active', '2017-08-17', '2017-08-17'),
(254, '82', 2, 9, '183', 'Regular', 8.5, 'working on Ground Floor Modelling D Block.', '2017-08-17', 'Active', '2017-08-17', '2017-08-17'),
(255, '61', 10, 12, '190', 'Regular', 8, 'Worked on building D floor plan And Exterior Elevations..', '2017-08-17', 'Active', '2017-08-17', '2017-08-17'),
(256, '84', 2, 9, '206', 'Regular', 8.5, 'STARTED COORDINATE IN C BLOCK', '2017-08-18', 'Active', '2017-08-18', '2017-08-18'),
(257, '96', 14, 33, '261', 'Regular', 3.5, 'WATCHING ILX VEDIOS FROM (30101XX TO 30103)\r\nPRACTICE ALLPLAN SOFTWARE ', '2017-08-17', 'Active', '2017-08-18', '2017-08-18'),
(258, '44', 14, 16, '213', 'Regular', 1.5, 'PM Meeting to discuss project status and other relevant issues.', '2017-08-11', 'Active', '2017-08-18', '2017-08-18'),
(259, '44', 14, 16, '212,218', 'Regular', 8.5, 'Ronesans time sheet, Ronesans team lunch, Ronesans training for Javeed, Revit tutorial.', '2017-08-12', 'Active', '2017-08-18', '2017-08-18'),
(260, '44', 14, 16, '276,277', 'Regular', 4.5, 'Team meeting with vendor for brochure. Independence day celebration.', '2017-08-14', 'Active', '2017-08-18', '2017-08-18'),
(261, '44', 14, 33, '261', 'Regular', 2, 'Ronesans training given to Javeed ', '2017-08-14', 'Active', '2017-08-18', '2017-08-18'),
(262, '44', 2, 2, '275', 'Regular', 2, 'Created Architectural project list for YGAP', '2017-08-14', 'Active', '2017-08-18', '2017-08-18'),
(263, '44', 14, 16, '274,276', 'Regular', 6.5, 'Resource schedule filled and emailed. brochure meeting with Rupali, Project info filled for one client.', '2017-08-16', 'Active', '2017-08-18', '2017-08-18'),
(264, '44', 2, 2, '275', 'Regular', 2, 'Architectural project list filled for TAPH', '2017-08-16', 'Active', '2017-08-18', '2017-08-18'),
(265, '44', 14, 16, '274,276', 'Regular', 8.5, 'Project info for remaining clients. Team meeting with vendor for brochure.Training', '2017-08-17', 'Active', '2017-08-18', '2017-08-18'),
(266, '94', 14, 16, '218,216', 'Regular', 1, 'Checking mails/Archive - 0.5hr.\r\n\r\nHayashida - Dominguez Residence - Mails/Prints - 0.5hr.', '2017-08-16', 'Active', '2017-08-18', '2017-08-18'),
(267, '94', 13, 26, '230', 'Regular', 5, 'Plan/Elevations/T1', '2017-08-16', 'Active', '2017-08-18', '2017-08-18'),
(268, '94', 13, 27, '233', 'Regular', 1, 'Elevation', '2017-08-16', 'Active', '2017-08-18', '2017-08-18'),
(269, '94', 14, 16, '214,216,218,219', 'Regular', 2, 'Checking mails/Archive - 0.5hr.\r\n\r\nHayashida - Konishi Residence - Elevation - Analysis/QC- 1.5hrs.\r\n\r\n', '2017-08-17', 'Active', '2017-08-18', '2017-08-18'),
(270, '94', 13, 28, '236', 'Regular', 6, 'Developed Floor plan', '2017-08-17', 'Active', '2017-08-18', '2017-08-18'),
(271, '94', 14, 16, '219,216,214,212', 'Regular', 2, 'Checking mails/Archive - 0.5hr.\r\n\r\nHayashida - Tarshish Residence - Analysis/QC/Prints - 1.0hr.\r\n\r\nTime sheet update - 0.5hr.', '2017-08-18', 'Active', '2017-08-18', '2017-08-18'),
(272, '96', 14, 33, '261', 'Regular', 2, 'WATCHING ILX VEDIOS FROM (30201XX TO 30204XX)\r\nDISCUSSION WITH CARPENTER FOR OUR OFFICE INTERIORS.', '2017-08-18', 'Active', '2017-08-18', '2017-08-18'),
(273, '61', 10, 12, '190', 'Regular', 8, 'Worked on Building D, E and F Floor Plan and Exterior Elevations', '2017-08-18', 'Active', '2017-08-18', '2017-08-18'),
(274, '96', 14, 16, '217', 'Regular', 6.5, 'DEVELOPING PPC BED , FOOTINGS ;COLUMN & PLINTH BEAMS FOR D BLOCK ; YGAP PROJECT IN ALLPLAN SOFTWARE FOR PRACTICE.', '2017-08-18', 'Active', '2017-08-18', '2017-08-18'),
(275, '83', 2, 9, '184', 'Regular', 8.5, 'shop drawing\r\n', '2017-08-18', 'Active', '2017-08-21', '2017-08-21'),
(276, '83', 2, 9, '183', 'Regular', 8.5, 'shop drawing', '2017-08-19', 'Active', '2017-08-21', '2017-08-21'),
(277, '83', 2, 9, '183', 'Regular', 8.5, 'shop drawing', '2017-08-20', 'Active', '2017-08-21', '2017-08-21'),
(278, '95', 14, 33, '261', 'Regular', 8, 'Watching ILX videos (CD-6A), AutoCAD trial project developing unit plan,working on pdf', '2017-08-17', 'Active', '2017-08-21', '2017-08-21'),
(279, '95', 14, 33, '261', 'Regular', 8, 'Watching ILX videos  (CD-6B), developing unit plan,working on pdf', '2017-08-18', 'Active', '2017-08-21', '2017-08-21'),
(280, '72', 7, 7, '179,180', 'Regular', 8, 'Addressing markups  DD set updates, level 1 model updates', '2017-08-10', 'Active', '2017-08-21', '2017-08-21'),
(281, '69', 7, 7, '179', 'Regular', 8, 'Updated exterior wall as per revised revit model. \r\nUpdated interior wall joinery for Level 1, 2, 3 & 4 as per revised revit model. \r\nUpdated railing, wall opening as per revised model.', '2017-08-14', 'Active', '2017-08-21', '2017-08-21'),
(282, '75', 7, 7, '179', 'Substitute', 10, 'case work of plumbing fixtures, exsiting model file editing\r\n', '2017-08-16', 'Active', '2017-08-21', '2017-08-21'),
(283, '72', 7, 7, '179', 'Regular', 8, 'units cabinet markups, Updated RCP, Updated Interior elevation sheets.Updated sheets as per QC', '2017-08-11', 'Active', '2017-08-21', '2017-08-21'),
(284, '72', 7, 7, '179', 'Regular', 8, 'addressing markups and unit A2 layout updates, ', '2017-08-12', 'Active', '2017-08-21', '2017-08-21'),
(285, '72', 7, 7, '179', 'Regular', 6, 'renovation demolition layout qc in all 2nd 3rd and 4rth floor', '2017-08-14', 'Active', '2017-08-21', '2017-08-21'),
(286, '72', 7, 7, '179', 'Regular', 8, 'sheet list updates, RCP editing, annotations', '2017-08-16', 'Active', '2017-08-21', '2017-08-21'),
(287, '72', 7, 7, '179', 'Regular', 8, 'RCP editing, annotations, addresssing dd set qc comments', '2017-08-17', 'Active', '2017-08-21', '2017-08-21'),
(288, '71', 7, 7, '179', 'Regular', 9.5, 'Updated overall RCP plan as per the revised plans for all the levels\r\nUpdated interior casework elevation as per the received markups.', '2017-08-16', 'Active', '2017-08-21', '2017-08-21'),
(289, '73', 7, 7, '179', 'Regular', 6, 'Link files updates and sheet list updates of Elec, Mech, Plumbing, Interior and Structure, Roof Modeling\r\n', '2017-08-11', 'Active', '2017-08-21', '2017-08-21'),
(290, '69', 7, 7, '181', 'Regular', 8, 'Updated Dimension in Level 1, 2 & 3 in Floor plan as per revised revit model.\r\nUpdated Annotation in Interior layout.\r\nUpdated railing, Window height as per received redlines.\r\nUpdated wall sweep as per revised revit model.\r\nUpdated Exterior wall alignment for Level 2 & 3 as per revised revit model.', '2017-08-16', 'Active', '2017-08-21', '2017-08-21'),
(291, '76', 7, 7, '179', 'Substitute', 8, 'Modelled 3 kitchen units (cabinatory)', '2017-08-14', 'Active', '2017-08-21', '2017-08-21'),
(292, '76', 7, 7, '179', 'Substitute', 8.5, 'Level 2, 3 & 4 : Wall alignments & conflicts, annotation & alignment of details on sheet ', '2017-08-16', 'Active', '2017-08-21', '2017-08-21'),
(293, '76', 7, 7, '179', 'Substitute', 8.5, 'updated Roof plan with annotations, alignment of sheets and titles', '2017-08-17', 'Active', '2017-08-21', '2017-08-21'),
(294, '84', 2, 9, '188', 'Regular', 8.5, 'Started D block Shop drawing', '2017-08-21', 'Active', '2017-08-21', '2017-08-21'),
(295, '63', 7, 7, '180', 'Regular', 8.5, 'Studying the Files & Creating Exterior, Interior Wall Types\r\n', '2017-06-09', 'Active', '2017-08-21', '2017-08-21'),
(296, '63', 7, 7, '179', 'Regular', 8.5, 'Worked on unit plans (Completed 4 out of 7 units)\r\n', '2017-06-10', 'Active', '2017-08-21', '2017-08-21'),
(297, '63', 7, 7, '179', 'Regular', 8.5, 'Modeling independent units\r\n', '2017-06-12', 'Active', '2017-08-21', '2017-08-21'),
(298, '63', 7, 7, '179', 'Regular', 8.5, 'Interior walls between units, balconies, wall openings\r\n', '2017-06-13', 'Active', '2017-08-21', '2017-08-21'),
(299, '63', 7, 7, '180', 'Regular', 8.5, 'modelling the existing renovated building\r\n', '2017-06-14', 'Active', '2017-08-21', '2017-08-21'),
(300, '63', 7, 7, '179', 'Regular', 8.5, ' Modeling Roof and fine tuning the model at each level \r\n', '2017-06-15', 'Active', '2017-08-21', '2017-08-21'),
(301, '63', 7, 7, '179', 'Regular', 8.5, 'Stair case modellings, existing building interior modelling, Fine tuning the new building model\r\n', '2017-06-16', 'Active', '2017-08-21', '2017-08-21'),
(302, '63', 14, 16, '215', 'Regular', 0, 'Leave\r\n', '2017-06-19', 'Active', '2017-08-21', '2017-08-21'),
(303, '63', 7, 7, '180', 'Regular', 8.5, 'Revision 2 Updated levels and started developing staircase as per CAD\r\n', '2017-06-20', 'Active', '2017-08-21', '2017-08-21'),
(304, '63', 7, 7, '179', 'Regular', 8.5, 'Revision 2 Updated levels and started developing staircase as per CAD\r\n', '2017-06-20', 'Active', '2017-08-21', '2017-08-21'),
(305, '63', 7, 7, '179', 'Regular', 8.5, 'modelling roof, creating floor plans and elevation views for mock DD set,\r\n', '2017-06-21', 'Active', '2017-08-21', '2017-08-21');

-- --------------------------------------------------------

--
-- Table structure for table `project_details`
--

CREATE TABLE IF NOT EXISTS `project_details` (
  `project_Id` int(11) NOT NULL,
  `client_Id` int(11) NOT NULL,
  `empId` int(11) NOT NULL,
  `project_name` varchar(255) NOT NULL,
  `project_desc` longtext NOT NULL,
  `project_cost` float NOT NULL,
  `budget_cost` float NOT NULL,
  `project_start_date` date NOT NULL,
  `project_end_date` date NOT NULL,
  `status` enum('Pending','Process','Closed') NOT NULL DEFAULT 'Process',
  `created_at` datetime NOT NULL,
  `updated_at` datetime NOT NULL
) ENGINE=InnoDB AUTO_INCREMENT=48 DEFAULT CHARSET=latin1;

--
-- Dumping data for table `project_details`
--

INSERT INTO `project_details` (`project_Id`, `client_Id`, `empId`, `project_name`, `project_desc`, `project_cost`, `budget_cost`, `project_start_date`, `project_end_date`, `status`, `created_at`, `updated_at`) VALUES
(1, 1, 44, '1707 Cinnaholic Pacific', 'Cinnaholic located in  Dallas', 0, 0, '2017-06-23', '2017-07-12', 'Closed', '2017-07-25 09:59:34', '2017-07-25 10:01:10'),
(2, 2, 44, 'Elazig Ygap-Taph-Guvenlik', 'Hospital project in Elazig', 0, 0, '2017-05-01', '0000-00-00', 'Process', '2017-07-25 10:05:22', '2017-07-25 10:05:22'),
(4, 4, 1, 'IT', 'It', 0, 0, '0000-00-00', '0000-00-00', 'Process', '2017-07-26 11:41:56', '2017-07-26 11:41:56'),
(6, 6, 40, '42-44 Garden Street', 'Scope: Revit Modelling\r\nConstruction Type: Industrial Ware House & Office Building', 0, 0, '2017-07-15', '2017-07-29', 'Process', '2017-07-27 10:58:44', '2017-07-27 10:58:44'),
(7, 7, 40, 'Cedarfield - Independent Living Addition', 'Cedarfield - Independent Living Addition_Residential apartment\r\nScope: Revit Modelling, DD Set & CD Set', 0, 0, '2017-06-09', '0000-00-00', 'Process', '2017-07-27 11:08:50', '2017-07-27 11:08:50'),
(8, 8, 40, 'DA SPOT AMC', '3D Modelling & Rendering Services', 0, 0, '2017-07-20', '0000-00-00', 'Process', '2017-07-27 11:21:09', '2017-07-27 11:21:09'),
(9, 2, 45, 'Elazig Ygap-Taph', 'Hospital project in Elazig', 0, 0, '0000-00-00', '0000-00-00', 'Process', '2017-07-27 11:24:48', '2017-07-27 11:24:48'),
(10, 9, 41, '1401 Elm', 'test', 0, 0, '2017-07-01', '0000-00-00', 'Process', '2017-07-27 11:49:01', '2017-07-27 11:49:01'),
(11, 10, 43, 'Waikluku SOB', 'PDF to CAD', 224, 0, '0000-00-00', '0000-00-00', 'Process', '2017-07-29 13:54:41', '2017-07-29 13:54:41'),
(12, 10, 43, 'Central MS', 'Central MS', 70, 0, '2017-07-29', '0000-00-00', 'Process', '2017-07-29 13:55:31', '2017-07-29 13:55:31'),
(13, 11, 1, '1030 Vansickle Condo', ' Hotel building', 0, 0, '0000-00-00', '0000-00-00', 'Process', '2017-07-31 13:22:18', '2017-07-31 13:22:18'),
(14, 12, 39, 'Kedzie residence', 'Renovation and Penthouse modeling and CD set.', 0, 0, '2017-05-04', '0000-00-00', 'Process', '2017-08-01 11:25:24', '2017-08-01 11:25:24'),
(15, 13, 39, 'Fujiwara Residence', 'Renovation of exterior and interiors.', 0, 0, '0000-00-00', '0000-00-00', 'Process', '2017-08-01 11:53:06', '2017-08-01 11:53:06'),
(16, 14, 1, 'General Task', 'General Task', 0, 0, '0000-00-00', '0000-00-00', 'Process', '2017-08-01 15:26:46', '2017-08-01 15:26:46'),
(17, 14, 44, 'elogic interiors', 'Renovation of interiors or new office interiors', 0, 0, '0000-00-00', '0000-00-00', 'Process', '2017-08-03 16:03:41', '2017-08-03 16:03:41'),
(18, 15, 38, '18638', ' Townhouse', 0, 0, '0000-00-00', '0000-00-00', 'Process', '2017-08-04 08:33:22', '2017-08-04 08:33:22'),
(19, 15, 38, '18310', 'Townhouse with 70 units', 0, 0, '0000-00-00', '0000-00-00', 'Process', '2017-08-04 08:33:48', '2017-08-04 08:33:48'),
(20, 15, 38, '2285', 'Townhouse with 40 units', 0, 0, '0000-00-00', '0000-00-00', 'Process', '2017-08-04 08:34:37', '2017-08-04 08:34:37'),
(21, 15, 38, '19342', 'Townhouse with 52 units', 0, 0, '0000-00-00', '0000-00-00', 'Process', '2017-08-04 08:34:59', '2017-08-04 08:34:59'),
(22, 15, 38, '7185', 'Townhouse with 83 units, working on construction documents', 0, 0, '0000-00-00', '0000-00-00', 'Process', '2017-08-04 08:35:56', '2017-08-04 08:35:56'),
(23, 15, 38, 'Bentley', 'Townhouse with apartment building total units 150 units', 0, 0, '0000-00-00', '0000-00-00', 'Process', '2017-08-04 08:36:35', '2017-08-04 08:36:35'),
(24, 15, 38, 'Panoroma', 'Townhouse Total units with 70 , working on construction drawings', 0, 0, '0000-00-00', '0000-00-00', 'Process', '2017-08-04 08:38:20', '2017-08-04 08:38:20'),
(25, 16, 39, '13200 Santana Row Office Space', 'interior renovations', 0, 0, '2017-08-02', '2017-08-03', 'Process', '2017-08-04 10:07:02', '2017-08-04 10:20:54'),
(26, 13, 39, 'Dominguez residence', 'Renovation and New construction', 0, 0, '2017-07-14', '0000-00-00', 'Process', '2017-08-04 10:10:02', '2017-08-04 10:10:02'),
(27, 13, 39, 'Jackson Residence', 'Residence Renovation', 0, 0, '2017-07-14', '0000-00-00', 'Process', '2017-08-04 10:11:34', '2017-08-04 10:22:01'),
(28, 13, 39, 'Konishi Residence', 'Residence Renovation', 0, 0, '2017-07-29', '0000-00-00', 'Process', '2017-08-04 10:12:52', '2017-08-04 10:21:51'),
(29, 13, 39, 'MARINAA FAIRE CENTER', 'Plans as per survey', 0, 0, '2017-08-02', '0000-00-00', 'Process', '2017-08-04 10:14:00', '2017-08-04 10:21:42'),
(30, 17, 42, 'Student Center', 'Steel Structure - Module Based', 0, 0, '2017-07-11', '2017-07-19', 'Closed', '2017-08-07 15:32:11', '2017-08-16 14:31:02'),
(31, 18, 40, 'Town House Development', 'Developing Revit Model', 0, 0, '2017-08-04', '0000-00-00', 'Process', '2017-08-08 08:44:16', '2017-08-08 08:44:16'),
(32, 19, 40, 'Louis Vuittion', 'PDf to CAD Conversion', 400, 0, '2017-08-01', '2017-08-11', 'Process', '2017-08-09 07:18:16', '2017-08-09 07:18:16'),
(33, 14, 40, 'Training', 'Training', 0, 0, '0000-00-00', '0000-00-00', 'Process', '2017-08-09 07:21:11', '2017-08-09 07:21:11'),
(34, 20, 39, 'Tracey & Fox', 'Office Renovation  project', 0, 0, '0000-00-00', '0000-00-00', 'Process', '2017-08-09 08:55:16', '2017-08-09 08:55:16'),
(35, 21, 43, 'Embassy Suite Hotel', 'Mussachio', 960, 0, '2017-08-10', '2017-08-12', 'Process', '2017-08-11 06:35:26', '2017-08-11 06:35:26'),
(36, 10, 43, 'Kaimuki', 'Kaimuki', 1960, 0, '2017-07-11', '2017-08-09', 'Closed', '2017-08-11 07:00:25', '2017-08-11 07:00:25'),
(37, 9, 41, 'Gs Garage 3', 'Developing Revit Model', 0, 0, '2017-02-16', '0000-00-00', 'Process', '2017-08-21 08:41:28', '2017-08-21 08:41:28'),
(38, 9, 41, 'AC Fort Worth', 'Developing Revit Model ', 0, 0, '2017-07-03', '0000-00-00', 'Process', '2017-08-21 09:09:33', '2017-08-21 09:09:33'),
(39, 9, 41, 'Park Cities Hilton', 'Developing of CAD Plan', 0, 0, '2017-07-26', '0000-00-00', 'Process', '2017-08-21 09:15:37', '2017-08-21 09:15:37'),
(40, 9, 41, 'Grandscape - Block G', 'Developing Revit Model ', 0, 0, '2017-02-23', '0000-00-00', 'Process', '2017-08-21 09:20:03', '2017-08-21 09:20:03'),
(41, 9, 41, 'Ambassador Hotel', 'Developing Revit Model', 0, 0, '2017-03-28', '0000-00-00', 'Process', '2017-08-21 09:26:51', '2017-08-21 09:26:51'),
(42, 9, 41, 'Drever Senior Living', 'Developing Revit Model ', 0, 0, '2017-03-01', '0000-00-00', 'Process', '2017-08-21 09:32:57', '2017-08-21 09:32:57'),
(43, 9, 41, 'Grandscape Grotto', 'Developing Revit Model ', 0, 0, '2017-07-18', '0000-00-00', 'Process', '2017-08-21 10:36:09', '2017-08-21 10:36:09'),
(44, 9, 41, 'Grandscape Lanoha Residential', 'Developing Revit Model ', 0, 0, '2017-04-19', '0000-00-00', 'Process', '2017-08-21 10:42:06', '2017-08-21 10:42:06'),
(45, 9, 41, 'GS Garage 1', 'Developing Revit Model', 0, 0, '2017-03-01', '0000-00-00', 'Process', '2017-08-21 10:48:10', '2017-08-21 10:48:10'),
(46, 9, 41, 'PS Frisco-custer', 'Developing Revit Model', 0, 0, '2017-02-01', '0000-00-00', 'Process', '2017-08-21 10:52:19', '2017-08-21 10:52:19'),
(47, 9, 41, 'PS Westheimer', 'Developing Revit Model ', 0, 0, '2016-10-22', '0000-00-00', 'Process', '2017-08-21 11:00:04', '2017-08-21 11:00:04');

-- --------------------------------------------------------

--
-- Table structure for table `task_details`
--

CREATE TABLE IF NOT EXISTS `task_details` (
  `task_Id` int(11) NOT NULL,
  `client_Id` int(11) NOT NULL,
  `project_Id` int(11) NOT NULL,
  `empId` varchar(20) NOT NULL,
  `task_name` varchar(255) NOT NULL,
  `task_desc` longtext NOT NULL,
  `task_cost` float NOT NULL,
  `status` enum('Pending','Process','Closed') NOT NULL DEFAULT 'Process',
  `created_at` datetime NOT NULL,
  `updated_at` datetime NOT NULL
) ENGINE=InnoDB AUTO_INCREMENT=469 DEFAULT CHARSET=latin1;

--
-- Dumping data for table `task_details`
--

INSERT INTO `task_details` (`task_Id`, `client_Id`, `project_Id`, `empId`, `task_name`, `task_desc`, `task_cost`, `status`, `created_at`, `updated_at`) VALUES
(1, 2, 2, '44', 'YGAP ince is modelling', 'Interior or fine works modelling of YGAP building', 0, 'Process', '2017-07-25 10:06:14', '2017-07-25 10:06:14'),
(3, 4, 4, '1', '16 Nace Ave', '', 0, 'Process', '2017-07-26 11:44:23', '2017-07-26 11:44:23'),
(4, 4, 4, '1', '3d Modeling/ Rendering &Photoshop', '', 0, 'Process', '2017-07-26 11:44:40', '2017-07-26 11:44:40'),
(5, 4, 4, '1', '3d Rendering', '', 0, 'Process', '2017-07-26 11:45:23', '2017-07-26 11:45:23'),
(6, 4, 4, '1', '3D Wireframe Modeling', '', 0, 'Process', '2017-07-26 11:45:39', '2017-07-26 11:45:39'),
(7, 4, 4, '1', 'Addressing Markups', '', 0, 'Process', '2017-07-26 11:46:09', '2017-07-26 11:46:09'),
(8, 4, 4, '1', 'Admin Support / Reports', '', 0, 'Process', '2017-07-26 11:46:39', '2017-07-26 11:46:39'),
(9, 4, 4, '1', 'Aggregation', '', 0, 'Process', '2017-07-26 11:46:59', '2017-07-26 11:46:59'),
(10, 4, 4, '1', 'Analysis', '', 0, 'Process', '2017-07-26 11:47:54', '2017-07-26 11:47:54'),
(11, 4, 4, '1', 'Application License', '', 0, 'Process', '2017-07-26 11:52:32', '2017-07-26 11:52:32'),
(12, 4, 4, '1', 'Appraisal Exercise', '', 0, 'Process', '2017-07-26 11:54:12', '2017-07-26 11:54:12'),
(13, 4, 4, '1', 'Archicad', '', 0, 'Process', '2017-07-26 11:54:28', '2017-07-26 11:54:28'),
(14, 4, 4, '1', 'Area Calculations', '', 0, 'Process', '2017-07-26 11:54:42', '2017-07-26 11:54:42'),
(15, 4, 4, '1', 'Arrange Conference calls', '', 0, 'Process', '2017-07-26 11:55:05', '2017-07-26 11:55:05'),
(16, 4, 4, '1', 'Assistance for 3D Rendering', '', 0, 'Process', '2017-07-26 11:55:17', '2017-07-26 11:55:17'),
(17, 4, 4, '1', 'Audit', '', 0, 'Process', '2017-07-26 11:55:30', '2017-07-26 11:55:30'),
(18, 4, 4, '1', 'Blue Line Conversion to CAD', '', 0, 'Process', '2017-07-26 11:55:48', '2017-07-26 11:55:48'),
(19, 4, 4, '1', 'BRS', '', 0, 'Process', '2017-07-26 11:56:01', '2017-07-26 11:56:01'),
(20, 4, 4, '1', 'Bug Fixing Built Key contacts & Opt in email list', '', 0, 'Process', '2017-07-26 11:56:18', '2017-07-26 11:56:18'),
(21, 4, 4, '1', 'CAD Standards', '', 0, 'Process', '2017-07-26 11:59:05', '2017-07-26 11:59:05'),
(22, 4, 4, '1', 'CAD to PDF', '', 0, 'Process', '2017-07-26 11:59:21', '2017-07-26 11:59:21'),
(23, 4, 4, '1', 'Cad to PDF conversion', '', 0, 'Process', '2017-07-26 11:59:39', '2017-07-26 11:59:39'),
(24, 4, 4, '1', 'Cad to Revit Conversion', '', 0, 'Process', '2017-07-26 11:59:54', '2017-07-26 11:59:54'),
(25, 4, 4, '1', 'Categories cold hot and warm', '', 0, 'Process', '2017-07-26 12:00:08', '2017-07-26 12:00:08'),
(26, 4, 4, '1', 'CD Set', '', 0, 'Process', '2017-07-26 12:01:20', '2017-07-26 12:01:20'),
(27, 4, 4, '1', 'Client Interaction', '', 0, 'Process', '2017-07-26 12:09:04', '2017-07-26 12:09:04'),
(28, 4, 4, '1', 'Cold calling & emailing', '', 0, 'Process', '2017-07-26 12:09:17', '2017-07-26 12:09:17'),
(29, 4, 4, '1', 'Complaints', '', 0, 'Process', '2017-07-26 12:09:29', '2017-07-26 12:09:29'),
(30, 4, 4, '1', 'Composing Layouts', '', 0, 'Process', '2017-07-26 12:09:42', '2017-07-26 12:09:42'),
(31, 4, 4, '1', 'Concept Development', '', 0, 'Process', '2017-07-26 12:09:55', '2017-07-26 12:09:55'),
(32, 4, 4, '1', 'Conducting Interviews', '', 0, 'Process', '2017-07-26 12:10:09', '2017-07-26 12:10:09'),
(33, 4, 4, '1', 'Conference calls', '', 0, 'Process', '2017-07-26 12:10:28', '2017-07-26 12:10:28'),
(34, 4, 4, '1', 'Conversations', '', 0, 'Process', '2017-07-26 12:10:54', '2017-07-26 12:10:54'),
(35, 4, 4, '1', 'Conversion to MicroStation', '', 0, 'Process', '2017-07-26 12:11:12', '2017-07-26 12:11:12'),
(36, 4, 4, '1', 'Coordinating for trail projects', '', 0, 'Process', '2017-07-26 12:11:32', '2017-07-26 12:11:32'),
(37, 4, 4, '1', 'Coordinating with team', '', 0, 'Process', '2017-07-26 12:11:45', '2017-07-26 12:11:45'),
(38, 4, 4, '1', 'Coordinating with other Teams', '', 0, 'Process', '2017-07-26 12:12:03', '2017-07-26 12:12:03'),
(39, 4, 4, '1', 'Correction of Markup Plans', '', 0, 'Process', '2017-07-26 12:12:17', '2017-07-26 12:12:17'),
(40, 4, 4, '1', 'Correction of Markups in Details', '', 0, 'Process', '2017-07-26 12:12:31', '2017-07-26 12:12:31'),
(41, 4, 4, '1', 'Correction of Markups in Elevations', '', 0, 'Process', '2017-07-26 12:12:49', '2017-07-26 12:12:49'),
(42, 4, 4, '1', 'Correction of Markups in Sections', '', 0, 'Process', '2017-07-26 12:23:31', '2017-07-26 12:23:31'),
(43, 4, 4, '1', 'Correspondence', '', 0, 'Process', '2017-07-26 12:24:06', '2017-07-26 12:24:06'),
(44, 4, 4, '1', 'Cost Estimate', '', 0, 'Process', '2017-07-26 12:24:19', '2017-07-26 12:24:19'),
(45, 4, 4, '1', 'Data Center', '', 0, 'Process', '2017-07-26 12:24:30', '2017-07-26 12:24:30'),
(46, 4, 4, '1', 'Design Development', '', 0, 'Process', '2017-07-26 12:25:30', '2017-07-26 12:25:30'),
(47, 4, 4, '1', 'Design Queries', '', 0, 'Process', '2017-07-26 12:25:42', '2017-07-26 12:25:42'),
(48, 4, 4, '1', 'Design Review', '', 0, 'Process', '2017-07-26 12:25:54', '2017-07-26 12:25:54'),
(49, 4, 4, '1', 'Developing Base Drawings', '', 0, 'Process', '2017-07-26 12:26:06', '2017-07-26 12:26:06'),
(50, 4, 4, '1', 'Developing Cover Sheet', '', 0, 'Process', '2017-07-26 12:26:18', '2017-07-26 12:26:18'),
(51, 4, 4, '1', 'Developing Details', '', 0, 'Process', '2017-07-26 12:26:30', '2017-07-26 12:26:30'),
(52, 4, 4, '1', 'Developing Elevations', '', 0, 'Process', '2017-07-26 12:26:42', '2017-07-26 12:26:42'),
(53, 4, 4, '1', 'Developing Interior Elevation', '', 0, 'Process', '2017-07-26 12:26:58', '2017-07-26 12:26:58'),
(54, 4, 4, '1', 'Developing Plans', '', 0, 'Process', '2017-07-26 12:27:11', '2017-07-26 12:27:11'),
(55, 4, 4, '1', 'Developing Sections', '', 0, 'Process', '2017-07-26 12:27:24', '2017-07-26 12:27:24'),
(56, 4, 4, '1', 'Developing Title Blocks', '', 0, 'Process', '2017-07-26 12:28:07', '2017-07-26 12:28:07'),
(57, 4, 4, '1', 'Digitization of Grading Plan', '', 0, 'Process', '2017-07-26 12:28:19', '2017-07-26 12:28:19'),
(58, 4, 4, '1', 'Director works', '', 0, 'Process', '2017-07-26 12:28:30', '2017-07-26 12:28:30'),
(59, 4, 4, '1', 'Discussion', '', 0, 'Process', '2017-07-26 12:28:42', '2017-07-26 12:28:42'),
(60, 4, 4, '1', 'Document Management', '', 0, 'Process', '2017-07-26 12:28:54', '2017-07-26 12:28:54'),
(61, 4, 4, '1', 'Documentation', '', 0, 'Process', '2017-07-26 12:29:06', '2017-07-26 12:29:06'),
(62, 4, 4, '1', 'Electrical', '', 0, 'Process', '2017-07-26 12:29:17', '2017-07-26 12:29:17'),
(63, 4, 4, '1', 'Email Configuration', '', 0, 'Process', '2017-07-26 12:29:41', '2017-07-26 12:29:41'),
(64, 4, 4, '1', 'Email Correspondence', '', 0, 'Process', '2017-07-26 12:29:54', '2017-07-26 12:29:54'),
(65, 4, 4, '1', 'Employee Grievances', '', 0, 'Process', '2017-07-26 12:30:08', '2017-07-26 12:30:08'),
(66, 4, 4, '1', 'File Server', '', 0, 'Process', '2017-07-26 12:30:19', '2017-07-26 12:30:19'),
(67, 4, 4, '1', 'Final Accounts', '', 0, 'Process', '2017-07-26 12:30:32', '2017-07-26 12:30:32'),
(68, 4, 4, '1', 'Floor Plan', '', 0, 'Process', '2017-07-26 12:30:49', '2017-07-26 12:30:49'),
(69, 4, 4, '1', 'Folder Hierarchy', '', 0, 'Process', '2017-07-26 12:31:00', '2017-07-26 12:31:00'),
(70, 4, 4, '1', 'Followup Ex-clients', '', 0, 'Process', '2017-07-26 12:31:13', '2017-07-26 12:31:13'),
(71, 4, 4, '1', 'Followup for paid projects', '', 0, 'Process', '2017-07-26 12:31:24', '2017-07-26 12:31:24'),
(72, 4, 4, '1', 'Followup hot leads', '', 0, 'Process', '2017-07-26 12:31:36', '2017-07-26 12:31:36'),
(73, 4, 4, '1', 'Fortune Honda', '', 0, 'Process', '2017-07-26 12:31:51', '2017-07-26 12:31:51'),
(74, 4, 4, '1', 'FTP', '', 0, 'Process', '2017-07-26 12:32:03', '2017-07-26 12:32:03'),
(75, 4, 4, '1', 'General Tasks', '', 0, 'Process', '2017-07-26 12:32:15', '2017-07-26 12:32:15'),
(76, 4, 4, '1', 'Greeting and Updates', '', 0, 'Process', '2017-07-26 12:32:27', '2017-07-26 12:32:27'),
(77, 4, 4, '1', 'Grievances', '', 0, 'Process', '2017-07-26 12:32:41', '2017-07-26 12:32:41'),
(78, 4, 4, '1', 'Group Discussions', '', 0, 'Process', '2017-07-26 12:32:53', '2017-07-26 12:32:53'),
(79, 4, 4, '1', 'High Level Designing', '', 0, 'Process', '2017-07-26 12:33:05', '2017-07-26 12:33:05'),
(80, 4, 4, '1', 'Induction', '', 0, 'Process', '2017-07-26 12:33:16', '2017-07-26 12:33:16'),
(81, 4, 4, '1', 'Interior Elevations', '', 0, 'Process', '2017-07-26 12:33:27', '2017-07-26 12:33:27'),
(86, 4, 4, '1', 'Leave', '', 0, 'Process', '2017-07-26 12:34:25', '2017-07-26 12:34:25'),
(87, 4, 4, '1', 'Low Level Designing', '', 0, 'Process', '2017-07-26 12:34:37', '2017-07-26 12:34:37'),
(88, 4, 4, '1', 'Managed Tracked and Reported status', '', 0, 'Process', '2017-07-26 12:34:48', '2017-07-26 12:34:48'),
(89, 4, 4, '1', 'Marketing Collateral', '', 0, 'Process', '2017-07-26 12:35:01', '2017-07-26 12:35:01'),
(91, 4, 4, '1', 'Mechanical Schedules from CAD to XLS', '', 0, 'Process', '2017-07-26 12:35:25', '2017-07-26 12:35:25'),
(93, 4, 4, '1', 'MEP CAD Drafting', '', 0, 'Process', '2017-07-26 12:35:49', '2017-07-26 12:35:49'),
(94, 4, 4, '1', 'MEP Modeling- Revit', '', 0, 'Process', '2017-07-26 12:36:01', '2017-07-26 12:36:01'),
(95, 4, 4, '1', 'MEP Riser diagrams', '', 0, 'Process', '2017-07-26 12:36:11', '2017-07-26 12:36:11'),
(96, 4, 4, '1', 'MicroStation Conversions', '', 0, 'Process', '2017-07-26 12:36:25', '2017-07-26 12:36:25'),
(103, 4, 4, '1', 'Modification', '', 0, 'Process', '2017-07-26 12:42:30', '2017-07-26 12:42:30'),
(104, 4, 4, '1', 'Modifying Details', '', 0, 'Process', '2017-07-26 12:42:42', '2017-07-26 12:42:42'),
(105, 4, 4, '1', 'Modifying Elevations', '', 0, 'Process', '2017-07-26 12:42:55', '2017-07-26 12:42:55'),
(106, 4, 4, '1', 'Modifying Plans', '', 0, 'Process', '2017-07-26 12:43:06', '2017-07-26 12:43:06'),
(107, 4, 4, '1', 'Modifying Sections', '', 0, 'Process', '2017-07-26 12:43:18', '2017-07-26 12:43:18'),
(108, 4, 4, '1', 'Monthly Meeting', '', 0, 'Process', '2017-07-26 12:43:29', '2017-07-26 12:43:29'),
(112, 4, 4, '1', 'PDF Modifications', '', 0, 'Process', '2017-07-26 12:44:55', '2017-07-26 12:44:55'),
(113, 4, 4, '1', 'PDF to CAD', '', 0, 'Process', '2017-07-26 13:09:16', '2017-07-26 13:09:16'),
(114, 4, 4, '1', 'Performance Fine tuning', '', 0, 'Process', '2017-07-26 13:09:29', '2017-07-26 13:09:29'),
(115, 4, 4, '1', 'Photoshop Rendering', '', 0, 'Process', '2017-07-26 13:09:43', '2017-07-26 13:09:43'),
(116, 4, 4, '1', 'Plan Development', '', 0, 'Process', '2017-07-26 13:09:55', '2017-07-26 13:09:55'),
(117, 4, 4, '1', 'Plotting Check Set', '', 0, 'Process', '2017-07-26 13:10:06', '2017-07-26 13:10:06'),
(119, 4, 4, '1', 'PowerPoint Presentation', '', 0, 'Process', '2017-07-26 13:10:33', '2017-07-26 13:10:33'),
(120, 4, 4, '1', 'Presentation Drawings', '', 0, 'Process', '2017-07-26 13:10:50', '2017-07-26 13:10:50'),
(124, 4, 4, '1', 'Project Quotes and RFPs', '', 0, 'Process', '2017-07-26 13:11:56', '2017-07-26 13:11:56'),
(125, 4, 4, '1', 'Project Requirement Analysis', '', 0, 'Process', '2017-07-26 13:12:06', '2017-07-26 13:12:06'),
(126, 4, 4, '1', 'Project Review', '', 0, 'Process', '2017-07-26 13:12:17', '2017-07-26 13:12:17'),
(127, 4, 4, '1', 'Quality Check', '', 0, 'Process', '2017-07-26 13:12:28', '2017-07-26 13:12:28'),
(128, 4, 4, '1', 'Quantity takeoffs (BOQ)', '', 0, 'Process', '2017-07-26 13:12:38', '2017-07-26 13:12:38'),
(129, 4, 4, '1', 'R&D', '', 0, 'Process', '2017-07-26 13:12:48', '2017-07-26 13:12:48'),
(132, 4, 4, '1', 'References from existing clients', '', 0, 'Process', '2017-07-26 13:13:27', '2017-07-26 13:13:27'),
(133, 4, 4, '1', 'Reports', '', 0, 'Process', '2017-07-26 13:13:39', '2017-07-26 13:13:39'),
(134, 4, 4, '1', 'Research and Analysis', '', 0, 'Process', '2017-07-26 13:13:50', '2017-07-26 13:13:50'),
(135, 4, 4, '1', 'Revised Drawings', '', 0, 'Process', '2017-07-26 13:14:00', '2017-07-26 13:14:00'),
(136, 4, 4, '1', 'Revit Documentation', '', 0, 'Process', '2017-07-26 13:14:11', '2017-07-26 13:14:11'),
(137, 4, 4, '1', 'Revit MEP Modeling', '', 0, 'Process', '2017-07-26 13:14:22', '2017-07-26 13:14:22'),
(138, 4, 4, '1', 'Revit Modeling', '', 0, 'Process', '2017-07-26 13:14:42', '2017-07-26 13:14:42'),
(139, 4, 4, '1', 'Revit Standards', '', 0, 'Process', '2017-07-26 13:14:54', '2017-07-26 13:14:54'),
(140, 4, 4, '1', 'Revit Structural Modeling', '', 0, 'Process', '2017-07-26 13:15:07', '2017-07-26 13:15:07'),
(143, 4, 4, '1', 'Schedules From Autocad to XLS', '', 0, 'Process', '2017-07-26 13:15:42', '2017-07-26 13:15:42'),
(148, 4, 4, '1', 'Sketchup', '', 0, 'Process', '2017-07-26 13:16:42', '2017-07-26 13:16:42'),
(149, 4, 4, '1', 'Sketchup Modeling and Animation', '', 0, 'Process', '2017-07-26 13:16:54', '2017-07-26 13:16:54'),
(152, 4, 4, '1', 'Standards', '', 0, 'Process', '2017-07-26 13:17:39', '2017-07-26 13:17:39'),
(153, 4, 4, '1', 'STPI', '', 0, 'Process', '2017-07-26 13:17:49', '2017-07-26 13:17:49'),
(154, 4, 4, '1', 'Structural CAD Drawings', '', 0, 'Process', '2017-07-26 13:18:02', '2017-07-26 13:18:02'),
(155, 4, 4, '1', 'Structural Detailing', '', 0, 'Process', '2017-07-26 13:18:18', '2017-07-26 13:18:18'),
(156, 4, 4, '1', 'Structural Framing Plans', '', 0, 'Process', '2017-07-26 13:18:28', '2017-07-26 13:18:28'),
(158, 4, 4, '1', 'Team Meeting', '', 0, 'Process', '2017-07-26 13:18:58', '2017-07-26 13:18:58'),
(159, 4, 4, '1', 'Template Set drawings', '', 0, 'Process', '2017-07-26 13:19:11', '2017-07-26 13:19:11'),
(160, 4, 4, '1', 'Time Estimate', '', 0, 'Process', '2017-07-26 13:19:22', '2017-07-26 13:19:22'),
(161, 4, 4, '1', 'Time Sheet', '', 0, 'Process', '2017-07-26 13:19:32', '2017-07-26 13:19:32'),
(162, 4, 4, '1', 'Training', '', 0, 'Process', '2017-07-26 13:19:42', '2017-07-26 13:19:42'),
(164, 4, 4, '1', 'Upload / Download', '', 0, 'Process', '2017-07-26 13:20:04', '2017-07-26 13:20:04'),
(167, 4, 4, '1', 'Visit to Client Place', '', 0, 'Process', '2017-07-26 13:20:39', '2017-07-26 13:20:39'),
(168, 4, 4, '1', 'Visit to Offices', '', 0, 'Process', '2017-07-26 13:20:50', '2017-07-26 13:20:50'),
(169, 4, 4, '1', 'VOIP', '', 0, 'Process', '2017-07-26 13:21:02', '2017-07-26 13:21:02'),
(172, 2, 2, '44', 'Time Sheet', '', 0, 'Process', '2017-07-27 10:02:12', '2017-07-27 10:02:12'),
(173, 2, 2, '44', 'Time Estimate', '', 0, 'Process', '2017-07-27 10:02:12', '2017-07-27 10:02:12'),
(174, 2, 2, '44', 'Coordinating with other Teams', '', 0, 'Process', '2017-07-27 10:02:12', '2017-07-27 10:02:12'),
(175, 2, 2, '44', 'Coordinating with team', '', 0, 'Process', '2017-07-27 10:02:12', '2017-07-27 10:02:12'),
(176, 2, 2, '44', 'Client Interaction', '', 0, 'Process', '2017-07-27 10:02:12', '2017-07-27 10:02:12'),
(177, 2, 2, '44', 'Addressing Markups', '', 0, 'Process', '2017-07-27 10:02:12', '2017-07-27 10:02:12'),
(178, 6, 6, '40', 'Revit Architectural Modelling', 'Revit Architectural Modelling', 0, 'Process', '2017-07-27 11:01:08', '2017-07-27 11:01:08'),
(179, 7, 7, '40', 'Revit Architectural Modelling,', 'Revit Modelling, DD Set, CD Set', 0, 'Process', '2017-07-27 11:11:42', '2017-07-27 11:11:42'),
(180, 7, 7, '40', 'DD Set', 'DD Set', 0, 'Process', '2017-07-27 11:12:01', '2017-07-27 11:12:01'),
(181, 7, 7, '40', 'CD Set', 'CD Set', 0, 'Process', '2017-07-27 11:12:20', '2017-07-27 11:12:20'),
(182, 8, 8, '40', '3d Modeling/ Rendering &Photoshop', '', 0, 'Process', '2017-07-27 11:21:36', '2017-07-27 11:21:36'),
(183, 2, 9, '45', 'HVAC , Heating & Cooling Services Modeling ', 'Revit  MEP Modeling ', 0, 'Process', '2017-07-27 11:34:40', '2017-07-27 11:34:40'),
(184, 2, 9, '45', 'Electrical & ELV Service Modeling ', 'Revit MEP Modeling ', 0, 'Process', '2017-07-27 11:34:20', '2017-07-27 11:34:20'),
(185, 2, 9, '45', 'Sanitary & Domestic Water Services Modeling  ', 'Revit MEP  Modeling ', 0, 'Process', '2017-07-27 11:34:01', '2017-07-27 11:34:01'),
(186, 2, 9, '45', 'Fire Fighting Service Modeling', 'Revit MEP Modeling ', 0, 'Process', '2017-07-27 11:35:53', '2017-07-27 11:35:53'),
(187, 2, 9, '45', 'MEP Service Coordination', 'Coordination in Navisworks ', 0, 'Process', '2017-07-27 11:37:52', '2017-07-27 11:37:52'),
(188, 2, 9, '45', 'Shop drawings Preparation', 'AUTO CAD ', 0, 'Process', '2017-07-27 14:38:03', '2017-07-27 14:38:03'),
(189, 10, 11, '43', 'PDF to CAD', '', 0, 'Process', '2017-07-29 13:56:57', '2017-07-29 13:56:57'),
(190, 10, 12, '43', 'PDF to CAD', '', 0, 'Process', '2017-07-29 13:57:23', '2017-07-29 13:57:23'),
(191, 11, 13, '38', 'Revit Architectural Modelling,', '', 0, 'Process', '2017-08-01 07:30:35', '2017-08-01 07:30:35'),
(192, 11, 13, '38', 'Revit Modeling', '', 0, 'Process', '2017-08-01 07:30:35', '2017-08-01 07:30:35'),
(193, 11, 13, '38', 'Quality Check', '', 0, 'Process', '2017-08-01 07:30:35', '2017-08-01 07:30:35'),
(194, 11, 13, '38', 'Modifying Sections', '', 0, 'Process', '2017-08-01 07:39:14', '2017-08-01 07:39:14'),
(195, 11, 13, '38', 'Modifying Plans', '', 0, 'Process', '2017-08-01 07:39:14', '2017-08-01 07:39:14'),
(196, 11, 13, '38', 'Modifying Elevations', '', 0, 'Process', '2017-08-01 07:39:14', '2017-08-01 07:39:14'),
(197, 11, 13, '38', 'Modifying Details', '', 0, 'Process', '2017-08-01 07:39:14', '2017-08-01 07:39:14'),
(198, 11, 13, '38', 'Modification', '', 0, 'Process', '2017-08-01 07:39:14', '2017-08-01 07:39:14'),
(199, 11, 13, '38', 'Floor Plan', '', 0, 'Process', '2017-08-01 07:39:14', '2017-08-01 07:39:14'),
(200, 11, 13, '38', 'Developing Sections', '', 0, 'Process', '2017-08-01 07:39:14', '2017-08-01 07:39:14'),
(201, 11, 13, '38', 'Developing Base Drawings', '', 0, 'Process', '2017-08-01 07:39:14', '2017-08-01 07:39:14'),
(202, 11, 13, '38', 'Coordinating with team', '', 0, 'Process', '2017-08-01 07:39:14', '2017-08-01 07:39:14'),
(203, 2, 9, '45', 'Client Interaction', '', 0, 'Process', '2017-08-01 08:00:04', '2017-08-01 08:00:04'),
(204, 2, 9, '45', 'Quality Check', '', 0, 'Process', '2017-08-01 08:00:26', '2017-08-01 08:00:26'),
(205, 2, 9, '45', 'Addressing Markups', '', 0, 'Process', '2017-08-01 08:00:44', '2017-08-01 08:00:44'),
(206, 2, 9, '45', 'Coordinating with team', '', 0, 'Process', '2017-08-01 08:01:09', '2017-08-01 08:01:09'),
(207, 12, 14, '39', 'Revit Architectural Modelling,', '', 0, 'Process', '2017-08-01 11:26:07', '2017-08-01 11:26:07'),
(208, 12, 14, '39', 'Addressing Markups', '', 0, 'Process', '2017-08-01 11:26:07', '2017-08-01 11:26:07'),
(209, 13, 15, '39', 'Developing Plans', '', 0, 'Process', '2017-08-01 11:53:41', '2017-08-01 11:53:41'),
(210, 13, 15, '39', 'Developing Elevations', '', 0, 'Process', '2017-08-01 11:53:41', '2017-08-01 11:53:41'),
(211, 13, 15, '39', 'Addressing Markups', '', 0, 'Process', '2017-08-01 11:53:41', '2017-08-01 11:53:41'),
(212, 14, 16, '1', 'Time Sheet', '', 0, 'Process', '2017-08-01 15:28:04', '2017-08-01 15:28:04'),
(213, 14, 16, '1', 'Team Meeting', '', 0, 'Process', '2017-08-01 15:28:04', '2017-08-01 15:28:04'),
(214, 14, 16, '1', 'Quality Check', '', 0, 'Process', '2017-08-01 15:28:04', '2017-08-01 15:28:04'),
(215, 14, 16, '1', 'Leave', '', 0, 'Process', '2017-08-01 15:28:04', '2017-08-01 15:28:04'),
(216, 14, 16, '1', 'Email Correspondence', '', 0, 'Process', '2017-08-01 15:28:04', '2017-08-01 15:28:04'),
(217, 14, 16, '1', 'Developing Plans', '', 0, 'Process', '2017-08-01 15:28:04', '2017-08-01 15:28:04'),
(218, 14, 16, '1', 'Coordinating with team', '', 0, 'Process', '2017-08-01 15:28:04', '2017-08-01 15:28:04'),
(219, 14, 16, '1', 'Analysis', '', 0, 'Process', '2017-08-01 15:28:04', '2017-08-01 15:28:04'),
(220, 14, 16, '44', 'Time Estimate', '', 0, 'Process', '2017-08-02 05:41:21', '2017-08-02 05:41:21'),
(221, 2, 2, '44', 'Facade modelling', '', 0, 'Process', '2017-08-03 06:50:30', '2017-08-03 06:50:30'),
(222, 14, 17, '44', 'Site survey', '', 0, 'Process', '2017-08-03 16:04:24', '2017-08-03 16:04:24'),
(223, 14, 17, '44', 'Developing drawings', '', 0, 'Process', '2017-08-03 16:07:04', '2017-08-03 16:07:04'),
(224, 15, 18, '38', 'Working on Dpset', 'creating data sheet, sections, elevations', 0, 'Process', '2017-08-04 08:39:15', '2017-08-04 08:39:15'),
(225, 16, 25, '39', 'Developing Plans', '', 0, 'Process', '2017-08-04 10:07:32', '2017-08-04 10:07:32'),
(226, 13, 26, '39', 'Developing Sections', '', 0, 'Process', '2017-08-04 10:10:42', '2017-08-04 10:10:42'),
(227, 13, 26, '39', 'Developing Plans', '', 0, 'Process', '2017-08-04 10:10:42', '2017-08-04 10:10:42'),
(228, 13, 26, '39', 'Developing Interior Elevation', '', 0, 'Process', '2017-08-04 10:10:42', '2017-08-04 10:10:42'),
(229, 13, 26, '39', 'Developing Elevations', '', 0, 'Process', '2017-08-04 10:10:42', '2017-08-04 10:10:42'),
(230, 13, 26, '39', 'Addressing Markups', '', 0, 'Process', '2017-08-04 10:10:42', '2017-08-04 10:10:42'),
(231, 13, 27, '39', 'Developing Sections', '', 0, 'Process', '2017-08-04 10:12:13', '2017-08-04 10:12:13'),
(232, 13, 27, '39', 'Developing Plans', '', 0, 'Process', '2017-08-04 10:12:13', '2017-08-04 10:12:13'),
(233, 13, 27, '39', 'Developing Elevations', '', 0, 'Process', '2017-08-04 10:12:13', '2017-08-04 10:12:13'),
(234, 13, 27, '39', 'Addressing Markups', '', 0, 'Process', '2017-08-04 10:12:13', '2017-08-04 10:12:13'),
(235, 13, 28, '39', 'Developing Sections', '', 0, 'Process', '2017-08-04 10:13:19', '2017-08-04 10:13:19'),
(236, 13, 28, '39', 'Developing Plans', '', 0, 'Process', '2017-08-04 10:13:19', '2017-08-04 10:13:19'),
(237, 13, 28, '39', 'Developing Interior Elevation', '', 0, 'Process', '2017-08-04 10:13:19', '2017-08-04 10:13:19'),
(238, 13, 28, '39', 'Developing Elevations', '', 0, 'Process', '2017-08-04 10:13:19', '2017-08-04 10:13:19'),
(239, 13, 28, '39', 'Addressing Markups', '', 0, 'Process', '2017-08-04 10:13:19', '2017-08-04 10:13:19'),
(240, 13, 29, '39', 'Developing Sections', '', 0, 'Process', '2017-08-04 10:14:25', '2017-08-04 10:14:25'),
(241, 13, 29, '39', 'Developing Plans', '', 0, 'Process', '2017-08-04 10:14:25', '2017-08-04 10:14:25'),
(242, 13, 29, '39', 'Developing Elevations', '', 0, 'Process', '2017-08-04 10:14:25', '2017-08-04 10:14:25'),
(243, 13, 29, '39', 'Addressing Markups', '', 0, 'Process', '2017-08-04 10:14:25', '2017-08-04 10:14:25'),
(244, 17, 30, '42', 'Developing Foundation Model', 'Modelling', 0, 'Process', '2017-08-07 15:33:37', '2017-08-07 15:33:37'),
(245, 17, 30, '42', 'Developing Floor Frame Model', 'Floor Framing Model', 0, 'Process', '2017-08-07 15:38:12', '2017-08-07 15:38:12'),
(246, 17, 30, '42', 'Developing Ceiling Frame Model', 'Framing Model', 0, 'Process', '2017-08-07 15:39:03', '2017-08-07 15:39:03'),
(247, 17, 30, '42', 'Developing Roof Framing Model', 'Framing Model', 0, 'Process', '2017-08-07 15:39:38', '2017-08-07 15:39:38'),
(248, 17, 30, '42', 'Developing Foundation Plan', 'Documentation', 0, 'Process', '2017-08-07 15:40:42', '2017-08-07 15:40:42'),
(249, 17, 30, '42', 'Developing Floor Framing Plan', 'Documentation', 0, 'Process', '2017-08-07 15:41:36', '2017-08-07 15:41:36'),
(250, 17, 30, '42', 'Developing Ceiling Framing Plan', 'Documentation', 0, 'Process', '2017-08-07 15:42:11', '2017-08-07 15:42:11'),
(251, 17, 30, '42', 'Developing Roof Framing Plan', 'Documentation', 0, 'Process', '2017-08-07 15:42:43', '2017-08-07 15:42:43'),
(252, 18, 31, '40', 'Revit Architectural Modelling,', '', 0, 'Process', '2017-08-08 08:45:00', '2017-08-08 08:45:00'),
(253, 18, 31, '40', 'DD Set', '', 0, 'Process', '2017-08-08 08:58:57', '2017-08-08 08:58:57'),
(255, 18, 31, '40', 'Addressing Markups', '', 0, 'Process', '2017-08-08 08:57:54', '2017-08-08 08:57:54'),
(257, 10, 11, '43', 'Addressing Markups', '', 0, 'Process', '2017-08-08 09:38:23', '2017-08-08 09:38:23'),
(258, 15, 23, '38', 'Floor plans and elevations', '', 0, 'Process', '2017-08-08 13:14:47', '2017-08-08 13:14:47'),
(259, 19, 32, '40', 'Floor plans and elevations', '', 0, 'Process', '2017-08-09 07:18:40', '2017-08-09 07:18:40'),
(260, 19, 32, '40', 'PDF to CAD', '', 0, 'Process', '2017-08-09 07:18:40', '2017-08-09 07:18:40'),
(261, 14, 33, '40', 'Training', '', 0, 'Process', '2017-08-09 07:21:37', '2017-08-09 07:21:37'),
(262, 20, 34, '39', 'Developing drawings', '', 0, 'Process', '2017-08-09 08:55:37', '2017-08-09 08:55:37'),
(263, 20, 34, '39', 'Addressing Markups', '', 0, 'Process', '2017-08-09 08:55:37', '2017-08-09 08:55:37'),
(264, 2, 2, '44', 'Quality Check', '', 0, 'Process', '2017-08-11 05:56:29', '2017-08-11 05:56:29'),
(265, 21, 35, '43', 'Floor plans and elevations', '', 0, 'Process', '2017-08-11 06:38:18', '2017-08-11 06:38:18'),
(266, 21, 35, '43', 'Developing drawings', '', 0, 'Process', '2017-08-11 06:38:18', '2017-08-11 06:38:18'),
(267, 21, 35, '43', 'Standards', '', 0, 'Process', '2017-08-11 06:38:18', '2017-08-11 06:38:18'),
(268, 21, 35, '43', 'PDF to CAD', '', 0, 'Process', '2017-08-11 06:38:18', '2017-08-11 06:38:18'),
(269, 21, 35, '43', 'General Tasks', '', 0, 'Process', '2017-08-11 06:38:18', '2017-08-11 06:38:18'),
(270, 21, 35, '43', 'Floor Plan', '', 0, 'Process', '2017-08-11 06:38:18', '2017-08-11 06:38:18'),
(271, 21, 35, '43', 'Addressing Markups', '', 0, 'Process', '2017-08-11 06:38:18', '2017-08-11 06:38:18'),
(272, 10, 36, '43', 'PDF to CAD', '', 0, 'Process', '2017-08-11 07:01:16', '2017-08-11 07:01:16'),
(273, 10, 36, '43', 'Addressing Markups', '', 0, 'Process', '2017-08-11 07:01:16', '2017-08-11 07:01:16'),
(274, 14, 16, '44', 'Reports', '', 0, 'Process', '2017-08-17 14:29:08', '2017-08-17 14:29:08'),
(275, 2, 2, '44', 'List', 'Architectural project list', 0, 'Process', '2017-08-18 07:54:51', '2017-08-18 07:54:51'),
(276, 14, 16, '44', 'brochure', '', 0, 'Process', '2017-08-18 07:55:26', '2017-08-18 07:55:26'),
(277, 14, 16, '44', 'Celebration', '', 0, 'Process', '2017-08-18 07:56:04', '2017-08-18 07:56:04'),
(278, 9, 37, '41', 'Developing Floor Plan', '', 0, 'Process', '2017-08-21 08:48:58', '2017-08-21 08:48:58'),
(279, 9, 37, '41', 'Developing Ceiling Plan', '', 0, 'Process', '2017-08-21 08:49:39', '2017-08-21 08:49:39'),
(280, 9, 37, '41', 'Developing Exterior Elevations', '', 0, 'Process', '2017-08-21 08:50:06', '2017-08-21 08:50:06'),
(281, 9, 37, '41', 'Developing Interior Elevations', '', 0, 'Process', '2017-08-21 08:50:24', '2017-08-21 08:50:24'),
(282, 9, 37, '41', 'Developing Sections', '', 0, 'Process', '2017-08-21 08:51:04', '2017-08-21 08:51:04'),
(283, 9, 37, '41', 'Team Co-Ordination', '', 0, 'Process', '2017-08-21 08:51:45', '2017-08-21 08:51:45'),
(284, 9, 37, '41', 'Mail Corresponding', '', 0, 'Process', '2017-08-21 08:52:49', '2017-08-21 08:52:49'),
(285, 9, 37, '41', 'Addressing Markups', '', 0, 'Process', '2017-08-21 08:53:46', '2017-08-21 08:53:46'),
(286, 9, 37, '41', 'Annotating and dimensioning', '', 0, 'Process', '2017-08-21 08:55:20', '2017-08-21 08:55:20'),
(287, 9, 37, '41', 'Training', '', 0, 'Process', '2017-08-21 09:00:51', '2017-08-21 09:00:51'),
(288, 9, 37, '41', 'Team Meeting', '', 0, 'Process', '2017-08-21 09:00:51', '2017-08-21 09:00:51'),
(289, 9, 37, '41', 'Revit Modeling', '', 0, 'Process', '2017-08-21 09:00:51', '2017-08-21 09:00:51'),
(290, 9, 37, '41', 'Research and Analysis', '', 0, 'Process', '2017-08-21 09:00:51', '2017-08-21 09:00:51'),
(291, 9, 37, '41', 'Modifying Sections', '', 0, 'Process', '2017-08-21 09:00:51', '2017-08-21 09:00:51'),
(292, 9, 37, '41', 'Modifying Plans', '', 0, 'Process', '2017-08-21 09:00:51', '2017-08-21 09:00:51'),
(293, 9, 37, '41', 'Modifying Elevations', '', 0, 'Process', '2017-08-21 09:00:51', '2017-08-21 09:00:51'),
(294, 9, 37, '41', 'Modifying Details', '', 0, 'Process', '2017-08-21 09:00:51', '2017-08-21 09:00:51'),
(295, 9, 37, '41', 'Coordinating with team', '', 0, 'Process', '2017-08-21 09:00:51', '2017-08-21 09:00:51'),
(296, 9, 10, '41', 'Annotating and dimensioning', '', 0, 'Process', '2017-08-21 09:07:15', '2017-08-21 09:07:15'),
(297, 9, 10, '41', 'Mail Corresponding', '', 0, 'Process', '2017-08-21 09:07:15', '2017-08-21 09:07:15'),
(298, 9, 10, '41', 'Team Co-Ordination', '', 0, 'Process', '2017-08-21 09:07:15', '2017-08-21 09:07:15'),
(299, 9, 10, '41', 'Developing Interior Elevations', '', 0, 'Process', '2017-08-21 09:07:15', '2017-08-21 09:07:15'),
(300, 9, 10, '41', 'Developing Exterior Elevations', '', 0, 'Process', '2017-08-21 09:07:15', '2017-08-21 09:07:15'),
(301, 9, 10, '41', 'Developing Ceiling Plan', '', 0, 'Process', '2017-08-21 09:07:15', '2017-08-21 09:07:15'),
(302, 9, 10, '41', 'Developing Floor Plan', '', 0, 'Process', '2017-08-21 09:07:15', '2017-08-21 09:07:15'),
(303, 9, 10, '41', 'Training', '', 0, 'Process', '2017-08-21 09:07:15', '2017-08-21 09:07:15'),
(304, 9, 10, '41', 'Team Meeting', '', 0, 'Process', '2017-08-21 09:07:15', '2017-08-21 09:07:15'),
(305, 9, 10, '41', 'Revit Modeling', '', 0, 'Process', '2017-08-21 09:07:15', '2017-08-21 09:07:15'),
(306, 9, 10, '41', 'Performance Fine tuning', '', 0, 'Process', '2017-08-21 09:07:15', '2017-08-21 09:07:15'),
(307, 9, 10, '41', 'Modifying Sections', '', 0, 'Process', '2017-08-21 09:07:15', '2017-08-21 09:07:15'),
(308, 9, 10, '41', 'Modifying Plans', '', 0, 'Process', '2017-08-21 09:07:15', '2017-08-21 09:07:15'),
(309, 9, 10, '41', 'Modifying Elevations', '', 0, 'Process', '2017-08-21 09:07:15', '2017-08-21 09:07:15'),
(310, 9, 10, '41', 'Modifying Details', '', 0, 'Process', '2017-08-21 09:07:15', '2017-08-21 09:07:15'),
(311, 9, 10, '41', 'Electrical', '', 0, 'Process', '2017-08-21 09:07:15', '2017-08-21 09:07:15'),
(312, 9, 10, '41', 'Cad to Revit Conversion', '', 0, 'Process', '2017-08-21 09:07:15', '2017-08-21 09:07:15'),
(313, 9, 10, '41', 'Blue Line Conversion to CAD', '', 0, 'Process', '2017-08-21 09:07:15', '2017-08-21 09:07:15'),
(314, 9, 38, '41', 'Annotating and dimensioning', '', 0, 'Process', '2017-08-21 09:13:48', '2017-08-21 09:13:48'),
(315, 9, 38, '41', 'Mail Corresponding', '', 0, 'Process', '2017-08-21 09:13:48', '2017-08-21 09:13:48'),
(316, 9, 38, '41', 'Team Co-Ordination', '', 0, 'Process', '2017-08-21 09:13:48', '2017-08-21 09:13:48'),
(317, 9, 38, '41', 'Developing Interior Elevations', '', 0, 'Process', '2017-08-21 09:13:48', '2017-08-21 09:13:48'),
(318, 9, 38, '41', 'Developing Exterior Elevations', '', 0, 'Process', '2017-08-21 09:13:48', '2017-08-21 09:13:48'),
(319, 9, 38, '41', 'Developing Ceiling Plan', '', 0, 'Process', '2017-08-21 09:13:48', '2017-08-21 09:13:48'),
(320, 9, 38, '41', 'Developing Floor Plan', '', 0, 'Process', '2017-08-21 09:13:48', '2017-08-21 09:13:48'),
(321, 9, 38, '41', 'Training', '', 0, 'Process', '2017-08-21 09:13:48', '2017-08-21 09:13:48'),
(322, 9, 38, '41', 'Team Meeting', '', 0, 'Process', '2017-08-21 09:13:48', '2017-08-21 09:13:48'),
(323, 9, 38, '41', 'Revit Modeling', '', 0, 'Process', '2017-08-21 09:13:48', '2017-08-21 09:13:48'),
(324, 9, 38, '41', 'Research and Analysis', '', 0, 'Process', '2017-08-21 09:13:48', '2017-08-21 09:13:48'),
(325, 9, 38, '41', 'Modifying Sections', '', 0, 'Process', '2017-08-21 09:13:48', '2017-08-21 09:13:48'),
(326, 9, 38, '41', 'Modifying Plans', '', 0, 'Process', '2017-08-21 09:13:48', '2017-08-21 09:13:48'),
(327, 9, 38, '41', 'Modifying Elevations', '', 0, 'Process', '2017-08-21 09:13:48', '2017-08-21 09:13:48'),
(328, 9, 38, '41', 'Modifying Details', '', 0, 'Process', '2017-08-21 09:13:48', '2017-08-21 09:13:48'),
(329, 9, 38, '41', 'General Tasks', '', 0, 'Process', '2017-08-21 09:13:48', '2017-08-21 09:13:48'),
(330, 9, 38, '41', 'Email Correspondence', '', 0, 'Process', '2017-08-21 09:13:48', '2017-08-21 09:13:48'),
(331, 9, 38, '41', 'Electrical', '', 0, 'Process', '2017-08-21 09:13:48', '2017-08-21 09:13:48'),
(332, 9, 38, '41', 'Blue Line Conversion to CAD', '', 0, 'Process', '2017-08-21 09:13:48', '2017-08-21 09:13:48'),
(333, 9, 39, '41', 'Annotating and dimensioning', '', 0, 'Process', '2017-08-21 09:18:22', '2017-08-21 09:18:22'),
(334, 9, 39, '41', 'Mail Corresponding', '', 0, 'Process', '2017-08-21 09:18:22', '2017-08-21 09:18:22'),
(335, 9, 39, '41', 'Team Co-Ordination', '', 0, 'Process', '2017-08-21 09:18:22', '2017-08-21 09:18:22'),
(336, 9, 39, '41', 'Developing Interior Elevations', '', 0, 'Process', '2017-08-21 09:18:22', '2017-08-21 09:18:22'),
(337, 9, 39, '41', 'Developing Exterior Elevations', '', 0, 'Process', '2017-08-21 09:18:22', '2017-08-21 09:18:22'),
(338, 9, 39, '41', 'Developing Ceiling Plan', '', 0, 'Process', '2017-08-21 09:18:22', '2017-08-21 09:18:22'),
(339, 9, 39, '41', 'Developing Floor Plan', '', 0, 'Process', '2017-08-21 09:18:22', '2017-08-21 09:18:22'),
(340, 9, 39, '41', 'Training', '', 0, 'Process', '2017-08-21 09:18:22', '2017-08-21 09:18:22'),
(341, 9, 39, '41', 'Team Meeting', '', 0, 'Process', '2017-08-21 09:18:22', '2017-08-21 09:18:22'),
(342, 9, 39, '41', 'Modifying Sections', '', 0, 'Process', '2017-08-21 09:18:22', '2017-08-21 09:18:22'),
(343, 9, 39, '41', 'Modifying Plans', '', 0, 'Process', '2017-08-21 09:18:22', '2017-08-21 09:18:22'),
(344, 9, 39, '41', 'Modifying Elevations', '', 0, 'Process', '2017-08-21 09:18:22', '2017-08-21 09:18:22'),
(345, 9, 39, '41', 'Modifying Details', '', 0, 'Process', '2017-08-21 09:18:22', '2017-08-21 09:18:22'),
(346, 9, 39, '41', 'General Tasks', '', 0, 'Process', '2017-08-21 09:18:22', '2017-08-21 09:18:22'),
(347, 9, 39, '41', 'Electrical', '', 0, 'Process', '2017-08-21 09:18:22', '2017-08-21 09:18:22'),
(348, 9, 39, '41', 'Blue Line Conversion to CAD', '', 0, 'Process', '2017-08-21 09:18:22', '2017-08-21 09:18:22'),
(349, 9, 40, '41', 'Annotating and dimensioning', '', 0, 'Process', '2017-08-21 09:24:10', '2017-08-21 09:24:10'),
(350, 9, 40, '41', 'Team Co-Ordination', '', 0, 'Process', '2017-08-21 09:24:10', '2017-08-21 09:24:10'),
(351, 9, 40, '41', 'Developing Interior Elevations', '', 0, 'Process', '2017-08-21 09:24:10', '2017-08-21 09:24:10'),
(352, 9, 40, '41', 'Developing Exterior Elevations', '', 0, 'Process', '2017-08-21 09:24:10', '2017-08-21 09:24:10'),
(353, 9, 40, '41', 'Developing Ceiling Plan', '', 0, 'Process', '2017-08-21 09:24:10', '2017-08-21 09:24:10'),
(354, 9, 40, '41', 'Developing Floor Plan', '', 0, 'Process', '2017-08-21 09:24:10', '2017-08-21 09:24:10'),
(355, 9, 40, '41', 'Training', '', 0, 'Process', '2017-08-21 09:24:10', '2017-08-21 09:24:10'),
(356, 9, 40, '41', 'Team Meeting', '', 0, 'Process', '2017-08-21 09:24:10', '2017-08-21 09:24:10'),
(357, 9, 40, '41', 'Revit Modeling', '', 0, 'Process', '2017-08-21 09:24:10', '2017-08-21 09:24:10'),
(358, 9, 40, '41', 'Project Requirement Analysis', '', 0, 'Process', '2017-08-21 09:24:10', '2017-08-21 09:24:10'),
(359, 9, 40, '41', 'Modifying Sections', '', 0, 'Process', '2017-08-21 09:24:10', '2017-08-21 09:24:10'),
(360, 9, 40, '41', 'Modifying Plans', '', 0, 'Process', '2017-08-21 09:24:10', '2017-08-21 09:24:10'),
(361, 9, 40, '41', 'Modifying Elevations', '', 0, 'Process', '2017-08-21 09:24:10', '2017-08-21 09:24:10'),
(362, 9, 40, '41', 'Modifying Details', '', 0, 'Process', '2017-08-21 09:24:10', '2017-08-21 09:24:10'),
(363, 9, 40, '41', 'Leave', '', 0, 'Process', '2017-08-21 09:24:10', '2017-08-21 09:24:10'),
(364, 9, 40, '41', 'General Tasks', '', 0, 'Process', '2017-08-21 09:24:10', '2017-08-21 09:24:10'),
(365, 9, 40, '41', 'Email Correspondence', '', 0, 'Process', '2017-08-21 09:24:10', '2017-08-21 09:24:10'),
(366, 9, 40, '41', 'Blue Line Conversion to CAD', '', 0, 'Process', '2017-08-21 09:24:10', '2017-08-21 09:24:10'),
(367, 9, 40, '41', 'Addressing Markups', '', 0, 'Process', '2017-08-21 09:24:10', '2017-08-21 09:24:10'),
(368, 9, 41, '41', 'Annotating and dimensioning', '', 0, 'Process', '2017-08-21 09:30:16', '2017-08-21 09:30:16'),
(369, 9, 41, '41', 'Team Co-Ordination', '', 0, 'Process', '2017-08-21 09:30:16', '2017-08-21 09:30:16'),
(370, 9, 41, '41', 'Developing Interior Elevations', '', 0, 'Process', '2017-08-21 09:30:16', '2017-08-21 09:30:16'),
(371, 9, 41, '41', 'Developing Exterior Elevations', '', 0, 'Process', '2017-08-21 09:30:16', '2017-08-21 09:30:16'),
(372, 9, 41, '41', 'Developing Ceiling Plan', '', 0, 'Process', '2017-08-21 09:30:16', '2017-08-21 09:30:16'),
(373, 9, 41, '41', 'Developing Floor Plan', '', 0, 'Process', '2017-08-21 09:30:16', '2017-08-21 09:30:16'),
(374, 9, 41, '41', 'Training', '', 0, 'Process', '2017-08-21 09:30:16', '2017-08-21 09:30:16'),
(375, 9, 41, '41', 'Team Meeting', '', 0, 'Process', '2017-08-21 09:30:16', '2017-08-21 09:30:16'),
(376, 9, 41, '41', 'Revit Modeling', '', 0, 'Process', '2017-08-21 09:30:16', '2017-08-21 09:30:16'),
(377, 9, 41, '41', 'Research and Analysis', '', 0, 'Process', '2017-08-21 09:30:16', '2017-08-21 09:30:16'),
(378, 9, 41, '41', 'Modifying Sections', '', 0, 'Process', '2017-08-21 09:30:16', '2017-08-21 09:30:16'),
(379, 9, 41, '41', 'Modifying Plans', '', 0, 'Process', '2017-08-21 09:30:16', '2017-08-21 09:30:16'),
(380, 9, 41, '41', 'Modifying Elevations', '', 0, 'Process', '2017-08-21 09:30:16', '2017-08-21 09:30:16'),
(381, 9, 41, '41', 'Modifying Details', '', 0, 'Process', '2017-08-21 09:30:16', '2017-08-21 09:30:16'),
(382, 9, 41, '41', 'Email Correspondence', '', 0, 'Process', '2017-08-21 09:30:16', '2017-08-21 09:30:16'),
(383, 9, 41, '41', 'Blue Line Conversion to CAD', '', 0, 'Process', '2017-08-21 09:30:16', '2017-08-21 09:30:16'),
(384, 9, 42, '41', 'Annotating and dimensioning', '', 0, 'Process', '2017-08-21 09:35:46', '2017-08-21 09:35:46'),
(385, 9, 42, '41', 'Team Co-Ordination', '', 0, 'Process', '2017-08-21 09:35:46', '2017-08-21 09:35:46'),
(386, 9, 42, '41', 'Developing Interior Elevations', '', 0, 'Process', '2017-08-21 09:35:46', '2017-08-21 09:35:46'),
(387, 9, 42, '41', 'Developing Exterior Elevations', '', 0, 'Process', '2017-08-21 09:35:46', '2017-08-21 09:35:46'),
(388, 9, 42, '41', 'Developing Ceiling Plan', '', 0, 'Process', '2017-08-21 09:35:46', '2017-08-21 09:35:46'),
(389, 9, 42, '41', 'Developing Floor Plan', '', 0, 'Process', '2017-08-21 09:35:46', '2017-08-21 09:35:46'),
(390, 9, 42, '41', 'Training', '', 0, 'Process', '2017-08-21 09:35:46', '2017-08-21 09:35:46'),
(391, 9, 42, '41', 'Team Meeting', '', 0, 'Process', '2017-08-21 09:35:46', '2017-08-21 09:35:46'),
(392, 9, 42, '41', 'Revit Modeling', '', 0, 'Process', '2017-08-21 09:35:46', '2017-08-21 09:35:46'),
(393, 9, 42, '41', 'Modifying Sections', '', 0, 'Process', '2017-08-21 09:35:46', '2017-08-21 09:35:46'),
(394, 9, 42, '41', 'Modifying Plans', '', 0, 'Process', '2017-08-21 09:35:46', '2017-08-21 09:35:46'),
(395, 9, 42, '41', 'Modifying Elevations', '', 0, 'Process', '2017-08-21 09:35:46', '2017-08-21 09:35:46'),
(396, 9, 42, '41', 'Modifying Details', '', 0, 'Process', '2017-08-21 09:35:46', '2017-08-21 09:35:46'),
(397, 9, 42, '41', 'Electrical', '', 0, 'Process', '2017-08-21 09:35:46', '2017-08-21 09:35:46'),
(398, 9, 42, '41', 'Blue Line Conversion to CAD', '', 0, 'Process', '2017-08-21 09:35:46', '2017-08-21 09:35:46'),
(399, 9, 43, '41', 'Annotating and dimensioning', '', 0, 'Process', '2017-08-21 10:39:12', '2017-08-21 10:39:12'),
(400, 9, 43, '41', 'Team Co-Ordination', '', 0, 'Process', '2017-08-21 10:39:12', '2017-08-21 10:39:12'),
(401, 9, 43, '41', 'Developing Interior Elevations', '', 0, 'Process', '2017-08-21 10:39:12', '2017-08-21 10:39:12'),
(402, 9, 43, '41', 'Developing Exterior Elevations', '', 0, 'Process', '2017-08-21 10:39:12', '2017-08-21 10:39:12'),
(403, 9, 43, '41', 'Developing Ceiling Plan', '', 0, 'Process', '2017-08-21 10:39:12', '2017-08-21 10:39:12'),
(404, 9, 43, '41', 'Developing Floor Plan', '', 0, 'Process', '2017-08-21 10:39:12', '2017-08-21 10:39:12'),
(405, 9, 43, '41', 'Training', '', 0, 'Process', '2017-08-21 10:39:12', '2017-08-21 10:39:12'),
(406, 9, 43, '41', 'Team Meeting', '', 0, 'Process', '2017-08-21 10:39:12', '2017-08-21 10:39:12'),
(407, 9, 43, '41', 'Revit Modeling', '', 0, 'Process', '2017-08-21 10:39:12', '2017-08-21 10:39:12'),
(408, 9, 43, '41', 'Research and Analysis', '', 0, 'Process', '2017-08-21 10:39:12', '2017-08-21 10:39:12'),
(409, 9, 43, '41', 'Modifying Sections', '', 0, 'Process', '2017-08-21 10:39:12', '2017-08-21 10:39:12'),
(410, 9, 43, '41', 'Modifying Plans', '', 0, 'Process', '2017-08-21 10:39:12', '2017-08-21 10:39:12'),
(411, 9, 43, '41', 'Modifying Elevations', '', 0, 'Process', '2017-08-21 10:39:12', '2017-08-21 10:39:12'),
(412, 9, 43, '41', 'Modifying Details', '', 0, 'Process', '2017-08-21 10:39:12', '2017-08-21 10:39:12'),
(413, 9, 43, '41', 'Blue Line Conversion to CAD', '', 0, 'Process', '2017-08-21 10:39:12', '2017-08-21 10:39:12'),
(414, 9, 43, '41', 'Addressing Markups', '', 0, 'Process', '2017-08-21 10:39:12', '2017-08-21 10:39:12'),
(415, 9, 44, '41', 'Annotating and dimensioning', '', 0, 'Process', '2017-08-21 10:46:53', '2017-08-21 10:46:53'),
(416, 9, 44, '41', 'Team Co-Ordination', '', 0, 'Process', '2017-08-21 10:46:53', '2017-08-21 10:46:53'),
(417, 9, 44, '41', 'Developing Interior Elevations', '', 0, 'Process', '2017-08-21 10:46:53', '2017-08-21 10:46:53'),
(418, 9, 44, '41', 'Developing Exterior Elevations', '', 0, 'Process', '2017-08-21 10:46:53', '2017-08-21 10:46:53'),
(419, 9, 44, '41', 'Developing Ceiling Plan', '', 0, 'Process', '2017-08-21 10:46:53', '2017-08-21 10:46:53'),
(420, 9, 44, '41', 'Developing Floor Plan', '', 0, 'Process', '2017-08-21 10:46:53', '2017-08-21 10:46:53'),
(421, 9, 44, '41', 'Training', '', 0, 'Process', '2017-08-21 10:46:53', '2017-08-21 10:46:53'),
(422, 9, 44, '41', 'Team Meeting', '', 0, 'Process', '2017-08-21 10:46:53', '2017-08-21 10:46:53'),
(423, 9, 44, '41', 'Revit Modeling', '', 0, 'Process', '2017-08-21 10:46:53', '2017-08-21 10:46:53'),
(424, 9, 44, '41', 'Research and Analysis', '', 0, 'Process', '2017-08-21 10:46:53', '2017-08-21 10:46:53'),
(425, 9, 44, '41', 'Project Requirement Analysis', '', 0, 'Process', '2017-08-21 10:46:53', '2017-08-21 10:46:53'),
(426, 9, 44, '41', 'Performance Fine tuning', '', 0, 'Process', '2017-08-21 10:46:53', '2017-08-21 10:46:53'),
(427, 9, 44, '41', 'Modifying Sections', '', 0, 'Process', '2017-08-21 10:46:53', '2017-08-21 10:46:53'),
(428, 9, 44, '41', 'Modifying Plans', '', 0, 'Process', '2017-08-21 10:46:53', '2017-08-21 10:46:53'),
(429, 9, 44, '41', 'Modifying Elevations', '', 0, 'Process', '2017-08-21 10:46:53', '2017-08-21 10:46:53'),
(430, 9, 44, '41', 'Modifying Details', '', 0, 'Process', '2017-08-21 10:46:53', '2017-08-21 10:46:53'),
(431, 9, 44, '41', 'Email Correspondence', '', 0, 'Process', '2017-08-21 10:46:53', '2017-08-21 10:46:53'),
(432, 9, 44, '41', 'Electrical', '', 0, 'Process', '2017-08-21 10:46:53', '2017-08-21 10:46:53'),
(433, 9, 44, '41', 'Blue Line Conversion to CAD', '', 0, 'Process', '2017-08-21 10:46:53', '2017-08-21 10:46:53'),
(434, 9, 44, '41', 'Addressing Markups', '', 0, 'Process', '2017-08-21 10:46:53', '2017-08-21 10:46:53'),
(435, 9, 45, '41', 'Annotating and dimensioning', '', 0, 'Process', '2017-08-21 10:51:18', '2017-08-21 10:51:18'),
(436, 9, 45, '41', 'Mail Corresponding', '', 0, 'Process', '2017-08-21 10:51:18', '2017-08-21 10:51:18'),
(437, 9, 45, '41', 'Team Co-Ordination', '', 0, 'Process', '2017-08-21 10:51:18', '2017-08-21 10:51:18'),
(438, 9, 45, '41', 'Developing Interior Elevations', '', 0, 'Process', '2017-08-21 10:51:18', '2017-08-21 10:51:18'),
(439, 9, 45, '41', 'Developing Exterior Elevations', '', 0, 'Process', '2017-08-21 10:51:18', '2017-08-21 10:51:18'),
(440, 9, 45, '41', 'Developing Ceiling Plan', '', 0, 'Process', '2017-08-21 10:51:18', '2017-08-21 10:51:18'),
(441, 9, 45, '41', 'Developing Floor Plan', '', 0, 'Process', '2017-08-21 10:51:18', '2017-08-21 10:51:18'),
(442, 9, 45, '41', 'Team Meeting', '', 0, 'Process', '2017-08-21 10:51:18', '2017-08-21 10:51:18'),
(443, 9, 45, '41', 'Revit Modeling', '', 0, 'Process', '2017-08-21 10:51:18', '2017-08-21 10:51:18'),
(444, 9, 45, '41', 'Research and Analysis', '', 0, 'Process', '2017-08-21 10:51:18', '2017-08-21 10:51:18'),
(445, 9, 45, '41', 'Modifying Sections', '', 0, 'Process', '2017-08-21 10:51:18', '2017-08-21 10:51:18'),
(446, 9, 45, '41', 'Modifying Plans', '', 0, 'Process', '2017-08-21 10:51:18', '2017-08-21 10:51:18'),
(447, 9, 45, '41', 'Modifying Elevations', '', 0, 'Process', '2017-08-21 10:51:18', '2017-08-21 10:51:18'),
(448, 9, 45, '41', 'Modifying Details', '', 0, 'Process', '2017-08-21 10:51:18', '2017-08-21 10:51:18'),
(449, 9, 45, '41', 'Electrical', '', 0, 'Process', '2017-08-21 10:51:18', '2017-08-21 10:51:18'),
(450, 9, 45, '41', 'Blue Line Conversion to CAD', '', 0, 'Process', '2017-08-21 10:51:18', '2017-08-21 10:51:18'),
(451, 9, 45, '41', 'Addressing Markups', '', 0, 'Process', '2017-08-21 10:51:18', '2017-08-21 10:51:18'),
(452, 9, 46, '41', 'Annotating and dimensioning', '', 0, 'Process', '2017-08-21 10:56:59', '2017-08-21 10:56:59'),
(453, 9, 46, '41', 'Mail Corresponding', '', 0, 'Process', '2017-08-21 10:56:59', '2017-08-21 10:56:59'),
(454, 9, 46, '41', 'Team Co-Ordination', '', 0, 'Process', '2017-08-21 10:56:59', '2017-08-21 10:56:59'),
(455, 9, 46, '41', 'Developing Interior Elevations', '', 0, 'Process', '2017-08-21 10:56:59', '2017-08-21 10:56:59'),
(456, 9, 46, '41', 'Developing Exterior Elevations', '', 0, 'Process', '2017-08-21 10:56:59', '2017-08-21 10:56:59'),
(457, 9, 46, '41', 'Developing Ceiling Plan', '', 0, 'Process', '2017-08-21 10:56:59', '2017-08-21 10:56:59'),
(458, 9, 46, '41', 'Developing Floor Plan', '', 0, 'Process', '2017-08-21 10:56:59', '2017-08-21 10:56:59'),
(459, 9, 46, '41', 'Team Meeting', '', 0, 'Process', '2017-08-21 10:56:59', '2017-08-21 10:56:59'),
(460, 9, 46, '41', 'Revit Modeling', '', 0, 'Process', '2017-08-21 10:56:59', '2017-08-21 10:56:59'),
(461, 9, 46, '41', 'Research and Analysis', '', 0, 'Process', '2017-08-21 10:56:59', '2017-08-21 10:56:59'),
(462, 9, 46, '41', 'Modifying Sections', '', 0, 'Process', '2017-08-21 10:56:59', '2017-08-21 10:56:59'),
(463, 9, 46, '41', 'Modifying Plans', '', 0, 'Process', '2017-08-21 10:56:59', '2017-08-21 10:56:59'),
(464, 9, 46, '41', 'Modifying Elevations', '', 0, 'Process', '2017-08-21 10:56:59', '2017-08-21 10:56:59'),
(465, 9, 46, '41', 'Modifying Details', '', 0, 'Process', '2017-08-21 10:56:59', '2017-08-21 10:56:59'),
(466, 9, 46, '41', 'Electrical', '', 0, 'Process', '2017-08-21 10:56:59', '2017-08-21 10:56:59'),
(467, 9, 46, '41', 'Blue Line Conversion to CAD', '', 0, 'Process', '2017-08-21 10:56:59', '2017-08-21 10:56:59'),
(468, 9, 46, '41', 'Analysis', '', 0, 'Process', '2017-08-21 10:56:59', '2017-08-21 10:56:59');

-- --------------------------------------------------------

--
-- Table structure for table `task_mapping`
--

CREATE TABLE IF NOT EXISTS `task_mapping` (
  `task_mapping_id` int(11) NOT NULL,
  `client_Id` int(11) NOT NULL,
  `project_Id` int(11) NOT NULL,
  `task_Id` varchar(100) NOT NULL,
  `empId` varchar(100) NOT NULL,
  `status` enum('Active','Inactive','','') NOT NULL DEFAULT 'Active',
  `created_at` date NOT NULL,
  `updated_at` date NOT NULL
) ENGINE=InnoDB DEFAULT CHARSET=latin1;

--
-- Indexes for dumped tables
--

--
-- Indexes for table `client_details`
--
ALTER TABLE `client_details`
  ADD PRIMARY KEY (`client_Id`),
  ADD UNIQUE KEY `client_name` (`client_name`);

--
-- Indexes for table `employee_details`
--
ALTER TABLE `employee_details`
  ADD PRIMARY KEY (`empId`),
  ADD UNIQUE KEY `username` (`username`);

--
-- Indexes for table `emp_record_details`
--
ALTER TABLE `emp_record_details`
  ADD PRIMARY KEY (`emp_record_id`);

--
-- Indexes for table `project_details`
--
ALTER TABLE `project_details`
  ADD PRIMARY KEY (`project_Id`);

--
-- Indexes for table `task_details`
--
ALTER TABLE `task_details`
  ADD PRIMARY KEY (`task_Id`);

--
-- AUTO_INCREMENT for dumped tables
--

--
-- AUTO_INCREMENT for table `client_details`
--
ALTER TABLE `client_details`
  MODIFY `client_Id` int(11) NOT NULL AUTO_INCREMENT,AUTO_INCREMENT=22;
--
-- AUTO_INCREMENT for table `employee_details`
--
ALTER TABLE `employee_details`
  MODIFY `empId` int(11) NOT NULL AUTO_INCREMENT,AUTO_INCREMENT=101;
--
-- AUTO_INCREMENT for table `emp_record_details`
--
ALTER TABLE `emp_record_details`
  MODIFY `emp_record_id` int(11) NOT NULL AUTO_INCREMENT,AUTO_INCREMENT=306;
--
-- AUTO_INCREMENT for table `project_details`
--
ALTER TABLE `project_details`
  MODIFY `project_Id` int(11) NOT NULL AUTO_INCREMENT,AUTO_INCREMENT=48;
--
-- AUTO_INCREMENT for table `task_details`
--
ALTER TABLE `task_details`
  MODIFY `task_Id` int(11) NOT NULL AUTO_INCREMENT,AUTO_INCREMENT=469;
/*!40101 SET CHARACTER_SET_CLIENT=@OLD_CHARACTER_SET_CLIENT */;
/*!40101 SET CHARACTER_SET_RESULTS=@OLD_CHARACTER_SET_RESULTS */;
/*!40101 SET COLLATION_CONNECTION=@OLD_COLLATION_CONNECTION */;
